"user_id","event_id"
"5418d43663051f15cd001dcd","6343ced6bb1ab900016b62d2"
"544e67b22325b4415300048a","6343ced6bb1ab900016b62d2"
"54592a5163051f2d8900106e","6343d7bd3337b70001a63f92"
"5486435b63051f7e0b002d85","6343d08dbb1ab900016b631e"
"5486435b63051f7e0b002d85","6343d2743d4e620001f17e42"
"54a8540a63051f177b0097e9","633d5ba13b75420001f2b92d"
"54b5096e2325b437b400103d","633d5ba13b75420001f2b92d"
"54b5096e2325b437b400103d","6343ced6bb1ab900016b62d2"
"54b5096e2325b437b400103d","6343d08dbb1ab900016b631e"
"54b5096e2325b437b400103d","6343d2743d4e620001f17e42"
"54b522fa63051f6214001543","6343d08dbb1ab900016b631e"
"54b522fa63051f6214001543","6343d2743d4e620001f17e42"
"54b52a802325b437b4001756","633ecc224769100001415f11"
"54b6afc92325b437b4003b27","633d5ba13b75420001f2b92d"
"54b6afc92325b437b4003b27","63406c0b14ee2c0001eee375"
"54b6afc92325b437b4003b27","6343d08dbb1ab900016b631e"
"54b6afc92325b437b4003b27","6343d2743d4e620001f17e42"
"54c3e0b62325b467330021bb","63406c0b14ee2c0001eee375"
"54c3e0b62325b467330021bb","6343ced6bb1ab900016b62d2"
"54c8a95663051f31340025fd","633d5ba13b75420001f2b92d"
"54e48ee99bf7e85ea300541f","633d5ba13b75420001f2b92d"
"54e5b2652325b46320005b87","633d5ba13b75420001f2b92d"
"54e5b2652325b46320005b87","6343ce163337b70001a63d71"
"54ee3f1b9bf7e85ea300adac","63406c0b14ee2c0001eee375"
"54efb2722325b4632000c3b7","633ecc224769100001415f11"
"54efb2722325b4632000c3b7","6343d08dbb1ab900016b631e"
"54efb2722325b4632000c3b7","6343d2743d4e620001f17e42"
"54f19c0863051f512e002453","6343d08dbb1ab900016b631e"
"54f19c0863051f512e002453","6343d2743d4e620001f17e42"
"54f624ba9bf7e85ea300ecee","633e9c975b31c30001896bb3"
"54f898542325b43b280003e9","633d5ba13b75420001f2b92d"
"54f9f1fd63051f7f9300031f","633d5ba13b75420001f2b92d"
"54fb6b9d63051f7f93001ad9","6343ced6bb1ab900016b62d2"
"550002729bf7e87b70001d6d","633e9c975b31c30001896bb3"
"551b1f4e63051f23c6002af8","633e9c975b31c30001896bb3"
"551ec5d463051f323d00426c","633d5ba13b75420001f2b92d"
"5525327163051f323d00c8c0","633e9c975b31c30001896bb3"
"5525327163051f323d00c8c0","6343ced6bb1ab900016b62d2"
"5527184563051f51f1000725","6343d7bd3337b70001a63f92"
"5527e06a2325b409470019d6","6343ced6bb1ab900016b62d2"
"552d0e9863051f51f1007215","6343d08dbb1ab900016b631e"
"552d0e9863051f51f1007215","6343d2743d4e620001f17e42"
"55455e292325b424d700a4c5","6343ced6bb1ab900016b62d2"
"554dd1f463051f6ee30158d7","61e819f77090ca0001a0b177"
"554dd1f463051f6ee30158d7","6343d08dbb1ab900016b631e"
"554dd1f463051f6ee30158d7","6343d2743d4e620001f17e42"
"554f510a2325b424d701e67f","63406c0b14ee2c0001eee375"
"554f510a2325b424d701e67f","6343d08dbb1ab900016b631e"
"554f510a2325b424d701e67f","6343d2743d4e620001f17e42"
"554f510a2325b424d701e67f","6343d7bd3337b70001a63f92"
"5564a85063051f533200da65","633d5ba13b75420001f2b92d"
"559146ea63051f20c80004cf","633d5ba13b75420001f2b92d"
"559da0832325b4782101fbc8","633d5ba13b75420001f2b92d"
"559f72b42325b438dc002bb0","633e9c975b31c30001896bb3"
"559f72b42325b438dc002bb0","63406c0b14ee2c0001eee375"
"559f72b42325b438dc002bb0","6343ced6bb1ab900016b62d2"
"55a382122325b438dc0131eb","633d5ba13b75420001f2b92d"
"55a382122325b438dc0131eb","6343ced6bb1ab900016b62d2"
"55a3a8612325b438dc015260","6343ced6bb1ab900016b62d2"
"55a42f3363051f0d89011517","6343ced6bb1ab900016b62d2"
"55a6730a2325b438dc0227db","633d5ba13b75420001f2b92d"
"55a7a38d2325b438dc028321","6343ced6bb1ab900016b62d2"
"55a8105063051f0d8902002e","6343d08dbb1ab900016b631e"
"55a8105063051f0d8902002e","6343d2743d4e620001f17e42"
"55a8c5a163051f0d89023d90","6343ced6bb1ab900016b62d2"
"55a8ca5ff01b3066e700640f","6343d08dbb1ab900016b631e"
"55a8ca5ff01b3066e700640f","6343d2743d4e620001f17e42"
"55aa5d5df01b3066e700d894","633d5ba13b75420001f2b92d"
"55abd1529bf7e82fc4001a69","633ecc224769100001415f11"
"55abd1529bf7e82fc4001a69","6343d08dbb1ab900016b631e"
"55abd1529bf7e82fc4001a69","6343d2743d4e620001f17e42"
"55acd0352325b436fd003e11","633ecc224769100001415f11"
"55bb45bb63051f7925006538","6343ced6bb1ab900016b62d2"
"55ce4f322325b4158a0042c1","633d5ba13b75420001f2b92d"
"55d833942325b44a47001eb2","6343ced6bb1ab900016b62d2"
"55dc22d7104ec865440006ac","633e9c975b31c30001896bb3"
"55dc3b452325b47e14000908","6343d08dbb1ab900016b631e"
"55dc3b452325b47e14000908","6343d2743d4e620001f17e42"
"55df4609f01b30433f0023b8","633e9c975b31c30001896bb3"
"55e025b7104ec82a50003327","633e9c975b31c30001896bb3"
"55e0564ff77f3024d4003c1a","633e9c975b31c30001896bb3"
"55e2cca5e648c02c700016d9","633e9c975b31c30001896bb3"
"55e8166d2325b447ca00b48b","633ecc224769100001415f11"
"55e93f9e104ec86b310074ed","633d5ba13b75420001f2b92d"
"55e93f9e104ec86b310074ed","63406c0b14ee2c0001eee375"
"55f020aacc11fa27350030ff","63406c0b14ee2c0001eee375"
"55f065349bf7e8385800428b","6343ced6bb1ab900016b62d2"
"55f94b3e104ec8691a00e461","6343ced6bb1ab900016b62d2"
"55fc6869104ec8152800154b","633d5ba13b75420001f2b92d"
"5601394a9bf7e868eb007b18","633d5ba13b75420001f2b92d"
"5601394a9bf7e868eb007b18","6343d08dbb1ab900016b631e"
"5601394a9bf7e868eb007b18","6343d2743d4e620001f17e42"
"5601c9679bf7e868eb00a07c","6343ced6bb1ab900016b62d2"
"560a6832cc11fa44dc00c66f","633e9c975b31c30001896bb3"
"560a75ca9bf7e83f2000d711","6343d7bd3337b70001a63f92"
"560ebb8963051f3c940081d3","633d5ba13b75420001f2b92d"
"560ebb8963051f3c940081d3","6343d08dbb1ab900016b631e"
"560ebb8963051f3c940081d3","6343d2743d4e620001f17e42"
"561836879bf7e81f4a01a897","6343ced6bb1ab900016b62d2"
"561cd4c02325b417e143f44a","633ecc224769100001415f11"
"561f1303cc11fa7147aebc92","633ecc224769100001415f11"
"561fe40163051f0ebe9f3701","633d5ba13b75420001f2b92d"
"56255a59f77f302e2b59f85d","6343ced6bb1ab900016b62d2"
"5626345dcc11fa4073bf2204","63406c0b14ee2c0001eee375"
"562771ca2325b450dace3833","6343ced6bb1ab900016b62d2"
"562b69129bf7e8770fa4712e","6343ced6bb1ab900016b62d2"
"562cf0b6cc11fa5716cfd8e2","6343ced6bb1ab900016b62d2"
"56308c44cc11fa5716d05737","6343ced6bb1ab900016b62d2"
"5630b56fcc11fa5716d06aa7","633d5ba13b75420001f2b92d"
"5630b56fcc11fa5716d06aa7","6343ced6bb1ab900016b62d2"
"56335d6063051f0684842e00","6343ced6bb1ab900016b62d2"
"564f5014f77f30627627e92c","633e9c975b31c30001896bb3"
"56530ff12325b40dbb27d769","6343ced6bb1ab900016b62d2"
"565ca82e63051f7159c18e79","633d5ba13b75420001f2b92d"
"56609bc063051f4b7cce2abc","6343ced6bb1ab900016b62d2"
"56656c1bf01b300a42720510","6343ced6bb1ab900016b62d2"
"566d5a5df01b301849e0c7d4","633e9c975b31c30001896bb3"
"566d5a5df01b301849e0c7d4","6343ced6bb1ab900016b62d2"
"568e9b842005894df4008ef5","63406c0b14ee2c0001eee375"
"56968a692005895f04009e13","633d5ba13b75420001f2b92d"
"569698ac2005895f0400a0ca","633ac71ec8990800018a60e9"
"569698ac2005895f0400a0ca","6343ced6bb1ab900016b62d2"
"569d3c262325b406c801d38c","6343ced6bb1ab900016b62d2"
"56a9f2232005897238007408","6343ced6bb1ab900016b62d2"
"56abe0732325b42c4c00cf40","63406c0b14ee2c0001eee375"
"56bd1ca52325b44ff300abdc","6343ced6bb1ab900016b62d2"
"56c33404f01b3028c30081ae","6343ce163337b70001a63d71"
"56c44c83f01b301aef00044d","6343ced6bb1ab900016b62d2"
"56c44c83f01b301aef00044d","6343d08dbb1ab900016b631e"
"56c44c83f01b301aef00044d","6343d2743d4e620001f17e42"
"56da2792f01b304a090018d1","6343ced6bb1ab900016b62d2"
"56f7d0762325b45fa00dddcc","633ecc224769100001415f11"
"56fc7dfa200589445691bd33","6343d08dbb1ab900016b631e"
"56fc7dfa200589445691bd33","6343d2743d4e620001f17e42"
"570189b263051f1ac3771d10","633d5ba13b75420001f2b92d"
"570189b263051f1ac3771d10","63406c0b14ee2c0001eee375"
"570794f563051f4f0ebef78a","6343ced6bb1ab900016b62d2"
"570bbfdb2005893064420adf","6343d8d03d4e620001f17fbd"
"5710dfb2200589535212bb15","633ecc224769100001415f11"
"5722496e63051f3caa15d880","6343cafe3337b70001a63cf9"
"572ef6f22005891c2f0689b6","633d5ba13b75420001f2b92d"
"57335f092325b4134b25bf0c","63406c0b14ee2c0001eee375"
"573b5b3a63051f48cb4b0af5","633d5ba13b75420001f2b92d"
"57421a48200589648e058e03","63406c0b14ee2c0001eee375"
"57480bc7200589427844117e","63406c0b14ee2c0001eee375"
"574dee5420058937c7e59ce6","631f1eddbfe1960001f32a54"
"574dee5420058937c7e59ce6","633c44853b75420001f26813"
"574dee5420058937c7e59ce6","633e9c975b31c30001896bb3"
"574dee5420058937c7e59ce6","6343ced6bb1ab900016b62d2"
"575547442325b41f251407b0","6343d08dbb1ab900016b631e"
"575547442325b41f251407b0","6343d2743d4e620001f17e42"
"5755ad6263051f6405d38109","633d5ba13b75420001f2b92d"
"5757285b2325b4240507b49c","6343ced6bb1ab900016b62d2"
"5757cd6f200589408223d2b0","6343ced6bb1ab900016b62d2"
"576853722325b402f717258b","6343ced6bb1ab900016b62d2"
"576aae1463051f546a0580c5","6343d08dbb1ab900016b631e"
"576aae1463051f546a0580c5","6343d2743d4e620001f17e42"
"576f164463051f24c568f020","63406c0b14ee2c0001eee375"
"577e8b7c20058979946cf04d","61e819f77090ca0001a0b177"
"577fdefa2325b47b244dbf3b","6343ced6bb1ab900016b62d2"
"578cbda82325b44124e5a81f","6343d08dbb1ab900016b631e"
"578cbda82325b44124e5a81f","6343d2743d4e620001f17e42"
"5790dbe52005893474c1a345","633e9c975b31c30001896bb3"
"5792152f63051f47151bd363","63406c0b14ee2c0001eee375"
"579b12362005895c85e734af","63406c0b14ee2c0001eee375"
"579b12362005895c85e734af","6343ced6bb1ab900016b62d2"
"579b12362005895c85e734af","6343d08dbb1ab900016b631e"
"579b12362005895c85e734af","6343d2743d4e620001f17e42"
"579dd74363051f25bc990779","633d5ba13b75420001f2b92d"
"57a0ad7663051f48e4cb1fe8","61e819f77090ca0001a0b177"
"57a0ad7663051f48e4cb1fe8","6343d08dbb1ab900016b631e"
"57a0ad7663051f48e4cb1fe8","6343d2743d4e620001f17e42"
"57a21d7a2325b419add36dfa","6343d08dbb1ab900016b631e"
"57a21d7a2325b419add36dfa","6343d2743d4e620001f17e42"
"57a2f4432325b419add38a1d","633ecc224769100001415f11"
"57a2f4432325b419add38a1d","6343ced6bb1ab900016b62d2"
"57a4b5fc63051f48e4cbf1fe","6343ced6bb1ab900016b62d2"
"57a85b9d2325b419add44f75","6343ced6bb1ab900016b62d2"
"57ab7cd863051f48e4ccefbf","6343ce163337b70001a63d71"
"57ac9cca2325b419add552da","633d5ba13b75420001f2b92d"
"57b6f46b63051f48e4ceca87","6343d08dbb1ab900016b631e"
"57b6f46b63051f48e4ceca87","6343d2743d4e620001f17e42"
"57b81b122325b419add76335","63406c0b14ee2c0001eee375"
"57b81b122325b419add76335","6343ced6bb1ab900016b62d2"
"57bac38663051f48e4cf42b7","633e9c975b31c30001896bb3"
"57bac38663051f48e4cf42b7","63406c0b14ee2c0001eee375"
"57bb7e722005896663c7dcb7","633d5ba13b75420001f2b92d"
"57bb7e722005896663c7dcb7","633ecc224769100001415f11"
"57beb120200589511fec5112","6343ebed3337b70001a6452b"
"57bffc9c2325b461b72c8388","633d5ba13b75420001f2b92d"
"57c03554200589511fed3787","6343d08dbb1ab900016b631e"
"57c03554200589511fed3787","6343d2743d4e620001f17e42"
"57c1e6ae63051f446b9e70df","633d5ba13b75420001f2b92d"
"57c580eb200589511fee66d7","6343d08dbb1ab900016b631e"
"57c580eb200589511fee66d7","6343d2743d4e620001f17e42"
"57c5957263051f446b9f5a5f","63406c0b14ee2c0001eee375"
"57c5a9612325b43d3e4b07a6","633ecc224769100001415f11"
"57c5e58f200589511fee94f5","6343ced6bb1ab900016b62d2"
"57c894482325b43d3e4bf820","633ecc224769100001415f11"
"57cafad163051f5a5b727955","633d5ba13b75420001f2b92d"
"57ccc0c72325b4681cabdff0","633d5ba13b75420001f2b92d"
"57cdb5ee2005895c20b2dfba","6343d08dbb1ab900016b631e"
"57cdb5ee2005895c20b2dfba","6343d2743d4e620001f17e42"
"57dbcb742005893b7fe0b300","633e9c975b31c30001896bb3"
"57dd3a2e2325b467fff045e6","633d5ba13b75420001f2b92d"
"57dd3a2e2325b467fff045e6","633e9c975b31c30001896bb3"
"57e010d72325b467fff1420f","6343d7bd3337b70001a63f92"
"57e017f72325b467fff144ac","633e9c975b31c30001896bb3"
"57e017f72325b467fff144ac","63406c0b14ee2c0001eee375"
"57e017f72325b467fff144ac","6343ced6bb1ab900016b62d2"
"57e44a7863051f3b74b54c1e","6343d08dbb1ab900016b631e"
"57e44a7863051f3b74b54c1e","6343d2743d4e620001f17e42"
"57e5109b2325b42c5f2a1728","6343ce163337b70001a63d71"
"57ec9f5f63051f51589f57d7","63406c0b14ee2c0001eee375"
"57ee1d722325b413cc9d657c","6343cc7e3d4e620001f17d17"
"57eeb84d63051f5158a0491c","63406c0b14ee2c0001eee375"
"57f136df63051f5158a0cec6","633d557810d35d000159a454"
"57f136df63051f5158a0cec6","6343ced6bb1ab900016b62d2"
"57f136df63051f5158a0cec6","6343d08dbb1ab900016b631e"
"57f136df63051f5158a0cec6","6343d2743d4e620001f17e42"
"57f18c4363051f5158a0e98d","6343ced6bb1ab900016b62d2"
"57f2be4b2325b4622854bb04","63406c0b14ee2c0001eee375"
"57fb9a1b2325b40aa93e4cb5","6343d08dbb1ab900016b631e"
"57fb9a1b2325b40aa93e4cb5","6343d2743d4e620001f17e42"
"57fcf60b63051f154c0d2aeb","6343ced6bb1ab900016b62d2"
"57fd0355200589436adcb682","633e9c975b31c30001896bb3"
"57ffccf163051f6eba26890d","63406c0b14ee2c0001eee375"
"5800be7b63051f3ef5530655","633e9c975b31c30001896bb3"
"5800be7b63051f3ef5530655","6343d08dbb1ab900016b631e"
"5800be7b63051f3ef5530655","6343d2743d4e620001f17e42"
"5802678963051f2bdec8e0c0","6343ce163337b70001a63d71"
"5807557d2325b43c9746542e","6343d08dbb1ab900016b631e"
"5807557d2325b43c9746542e","6343d2743d4e620001f17e42"
"580a244a63051f2bdecaefdd","633ecc224769100001415f11"
"580ba86b2005896fdfa716be","633ecc224769100001415f11"
"580e37c263051f2bdecbdbad","633d5ba13b75420001f2b92d"
"580f7e6963051f3f6c51ce5e","6343d8d03d4e620001f17fbd"
"581122c82005896fdfa8cc78","6343ced6bb1ab900016b62d2"
"581122c82005896fdfa8cc78","6343d08dbb1ab900016b631e"
"581122c82005896fdfa8cc78","6343d2743d4e620001f17e42"
"5818564363051f214d3b1358","6343c9963d4e620001f17caf"
"581c5cfe63051f214d3c553f","633d5ba13b75420001f2b92d"
"581c877c2325b41598eaae20","633d5ba13b75420001f2b92d"
"5820a0562005897816820782","6343d08dbb1ab900016b631e"
"5820a0562005897816820782","6343d2743d4e620001f17e42"
"5820f1c32325b467f1f3d260","6343ced6bb1ab900016b62d2"
"5824aa682325b467f1f4ecbb","6343d08dbb1ab900016b631e"
"5824aa682325b467f1f4ecbb","6343d2743d4e620001f17e42"
"582c59018983be22eaa3ee5e","6343ced6bb1ab900016b62d2"
"582cbdee8983be22eaa5b153","633d5ba13b75420001f2b92d"
"582ccd028983be22eaa5b2cd","6343d08dbb1ab900016b631e"
"582ccd028983be22eaa5b2cd","6343d2743d4e620001f17e42"
"58360b798983be62feaf2764","633e9c975b31c30001896bb3"
"58360b798983be62feaf2764","6343ced6bb1ab900016b62d2"
"58434d5d2325b4661336eabb","63406c0b14ee2c0001eee375"
"585069ad8983be62fe5395bc","633d5ba13b75420001f2b92d"
"5851a6bd8983be62fe5e3b87","6343ced6bb1ab900016b62d2"
"5852fdd58983be62fe65fc51","633d5ba13b75420001f2b92d"
"585916298983be62fe7b68cc","6343ced6bb1ab900016b62d2"
"58615fbd8983be62fe9a5cbf","633e9c975b31c30001896bb3"
"5870c2808983be62fed98c8b","63406c0b14ee2c0001eee375"
"587a97608983be62fe1e6dec","6343ced6bb1ab900016b62d2"
"587aac008983be62fe1e6f30","63406c0b14ee2c0001eee375"
"588273428983be62fe4fe340","6343d7bd3337b70001a63f92"
"588877fd8983be62fe7d885a","633d5ba13b75420001f2b92d"
"588944ba8983be62fe862e74","633e9c975b31c30001896bb3"
"5889df0c8983be62fe8b03be","63406c0b14ee2c0001eee375"
"588afff28983be62fe91ba29","6343d08dbb1ab900016b631e"
"588afff28983be62fe91ba29","6343d2743d4e620001f17e42"
"588d3e858983be62fea4b173","6343ced6bb1ab900016b62d2"
"588d3e858983be62fea4b173","6343d08dbb1ab900016b631e"
"588d3e858983be62fea4b173","6343d2743d4e620001f17e42"
"589464ad8983be62fed40064","633d5ba13b75420001f2b92d"
"58977ab48983be62fef523cc","6343d08dbb1ab900016b631e"
"58977ab48983be62fef523cc","6343d2743d4e620001f17e42"
"5898fadf8983be62fefda0c4","6343d08dbb1ab900016b631e"
"5898fadf8983be62fefda0c4","6343d2743d4e620001f17e42"
"58a390d08983be62fe44d43a","6343ced6bb1ab900016b62d2"
"58a706a98983be62fe5e86df","6343ce163337b70001a63d71"
"58a84f358983be62fe6e9a7e","6343ebed3337b70001a6452b"
"58ab2ebb8983be62fe7e691b","6343ced6bb1ab900016b62d2"
"58b037d98983be62fea24b91","633ecc224769100001415f11"
"58b037d98983be62fea24b91","6343d08dbb1ab900016b631e"
"58b037d98983be62fea24b91","6343d2743d4e620001f17e42"
"58b46f088983be62fecaf639","633d5ba13b75420001f2b92d"
"58b46f088983be62fecaf639","6343ced6bb1ab900016b62d2"
"58c1b5548983be62fe1a99df","633e9c975b31c30001896bb3"
"58c809c68983be62fe4f52d4","6343ced6bb1ab900016b62d2"
"58d283868983be62fe83673d","633ecc224769100001415f11"
"58de4d018983be62febe94b3","633e9c975b31c30001896bb3"
"58e632ea8983be62fed6fc42","633d5ba13b75420001f2b92d"
"58eb4d848983be62fee8775e","63406c0b14ee2c0001eee375"
"58f283ac8983be62fefd651f","633d5ba13b75420001f2b92d"
"58f283ac8983be62fefd651f","6343d08dbb1ab900016b631e"
"58f283ac8983be62fefd651f","6343d2743d4e620001f17e42"
"58fa016d8983be62fe1cd138","6343ce163337b70001a63d71"
"58fcdb7a8983be62fe304def","633e9c975b31c30001896bb3"
"590344f98983be07b3d4575a","633d5ba13b75420001f2b92d"
"5907a30c8983be07b3ebbdc0","633e9c975b31c30001896bb3"
"5907ac968983be07b3ebbe9b","6343ced6bb1ab900016b62d2"
"590a535a8983be07b3f1447c","6343ce163337b70001a63d71"
"59110fb88983be07b30b04cc","63406c0b14ee2c0001eee375"
"59110fb88983be07b30b04cc","6343ce163337b70001a63d71"
"59120e158983be07b30e3fea","6343d08dbb1ab900016b631e"
"59120e158983be07b30e3fea","6343d2743d4e620001f17e42"
"591497d38983be07b3134943","633e9c975b31c30001896bb3"
"591ec90f8983be07b33566ce","633e9c975b31c30001896bb3"
"5929a54d8983be07b3794da4","633d5ba13b75420001f2b92d"
"592beda28983be07b37a7537","6343d08dbb1ab900016b631e"
"592beda28983be07b37a7537","6343d2743d4e620001f17e42"
"592bfd028983be07b37a7eed","6343d08dbb1ab900016b631e"
"592bfd028983be07b37a7eed","6343d2743d4e620001f17e42"
"592c13138983be07b37a9608","633d5ba13b75420001f2b92d"
"593064558983be07b38f1b88","633d5ba13b75420001f2b92d"
"593285b48983be07b395cc98","633d5ba13b75420001f2b92d"
"593769548983be04c484514e","633d5ba13b75420001f2b92d"
"593977b98983be04c48c7df7","633e9c975b31c30001896bb3"
"593977b98983be04c48c7df7","6343ced6bb1ab900016b62d2"
"594a80f78983be27fdfd1108","6343cafe3337b70001a63cf9"
"594ad9088983be27fdfe4123","633e9c975b31c30001896bb3"
"594cfa178983be27fd04e496","6343ced6bb1ab900016b62d2"
"5954dc708983be27fd1e1a27","6343ced6bb1ab900016b62d2"
"5954dc708983be27fd1e1a27","6343d08dbb1ab900016b631e"
"5954dc708983be27fd1e1a27","6343d2743d4e620001f17e42"
"5960fe338983be04bc4c5271","633d5ba13b75420001f2b92d"
"5960fe338983be04bc4c5271","63406c0b14ee2c0001eee375"
"59663d1e8983be04bc5b98e0","633e9c975b31c30001896bb3"
"59689d148983be04bc672d8e","6343d08dbb1ab900016b631e"
"59689d148983be04bc672d8e","6343d2743d4e620001f17e42"
"596a0d3c8983be04bc6b9cbe","63406c0b14ee2c0001eee375"
"596a0d3c8983be04bc6b9cbe","6343d08dbb1ab900016b631e"
"596a0d3c8983be04bc6b9cbe","6343d2743d4e620001f17e42"
"5970c83a8983be04bc875f8d","633d5ba13b75420001f2b92d"
"59716fee8983be04bc8c7ca9","633e9c975b31c30001896bb3"
"597875ee8983be04bcaf6816","633e9c975b31c30001896bb3"
"597cfb228983be04bcbd8542","63406c0b14ee2c0001eee375"
"597f24298983be04bcc50b8e","633d5ba13b75420001f2b92d"
"5983503f8983be04bcd49d52","6343ced6bb1ab900016b62d2"
"598dcc2f8983be04bc0406c3","63406c0b14ee2c0001eee375"
"598e18d08983be04bc0612a8","6343d08dbb1ab900016b631e"
"598e18d08983be04bc0612a8","6343d2743d4e620001f17e42"
"599817888983be04bc2717bb","6343d08dbb1ab900016b631e"
"599817888983be04bc2717bb","6343d2743d4e620001f17e42"
"5999671b8983be04bc2b7de5","6343ced6bb1ab900016b62d2"
"599c308b8983be04bc3348e6","6343ced6bb1ab900016b62d2"
"59a1d6cb8983be04bc564cbe","633d5ba13b75420001f2b92d"
"59a5b5ae8983be04bc62b2c9","63406c0b14ee2c0001eee375"
"59a5b5ae8983be04bc62b2c9","6343ced6bb1ab900016b62d2"
"59af11280e0d4e702f160e95","633d5ba13b75420001f2b92d"
"59b26115a7934d0435d91220","633ecc224769100001415f11"
"59b26115a7934d0435d91220","6343ced6bb1ab900016b62d2"
"59b26c56e204516892b20f15","633e9c975b31c30001896bb3"
"59b2de30e204516892b27930","633d5ba13b75420001f2b92d"
"59b62e64e204516892b3b6e7","6343d08dbb1ab900016b631e"
"59b62e64e204516892b3b6e7","6343d2743d4e620001f17e42"
"59bafd6fe204516892b5ea48","633e9c975b31c30001896bb3"
"59be4b03a7934d0435de0261","633d5ba13b75420001f2b92d"
"59c2aee70e0d4e1fa38c24e9","6343ced6bb1ab900016b62d2"
"59d524050e0d4e2597044111","633ecc224769100001415f11"
"59d524050e0d4e2597044111","6343d7bd3337b70001a63f92"
"59d5ffc6e20451673bd0b303","6343d08dbb1ab900016b631e"
"59d5ffc6e20451673bd0b303","6343d2743d4e620001f17e42"
"59d8d8fca7934d4793d1ac7f","6343ced6bb1ab900016b62d2"
"59e0774ae204510c80341200","6343ced6bb1ab900016b62d2"
"59e0bd310e0d4e450bcd54fb","633d5ba13b75420001f2b92d"
"59e62da00e0d4e744a9edd7e","633e9c975b31c30001896bb3"
"59e7183da7934d202c8f1877","633d5ba13b75420001f2b92d"
"59e7183da7934d202c8f1877","633e9c975b31c30001896bb3"
"59ebb06fa7934d72846168ab","633d5ba13b75420001f2b92d"
"59ede2aca7934d7284622e89","633d5ba13b75420001f2b92d"
"59ef8855a7934d6e31dabfda","6343ce163337b70001a63d71"
"59ef8855a7934d6e31dabfda","6343ced6bb1ab900016b62d2"
"59f3a233e2045155107d229f","6343ced6bb1ab900016b62d2"
"59f9a4820e0d4e79a3723f1b","6343ced6bb1ab900016b62d2"
"5a0310070e0d4e265507580f","6343ced6bb1ab900016b62d2"
"5a04a0afe2045172bf885767","633ecc224769100001415f11"
"5a074a73e2045172bf89f4d6","6343ce163337b70001a63d71"
"5a0a2188a7934d5222c735d6","6343d08dbb1ab900016b631e"
"5a0a2188a7934d5222c735d6","6343d2743d4e620001f17e42"
"5a0c37ede2045172bf8c8a5e","6343ced6bb1ab900016b62d2"
"5a0db57ba7934d1024441569","6343d08dbb1ab900016b631e"
"5a0db57ba7934d1024441569","6343d2743d4e620001f17e42"
"5a1ed2cf0e0d4e56f850fa61","633d5ba13b75420001f2b92d"
"5a229a02a7934d6d4024e3c0","63406c0b14ee2c0001eee375"
"5a229a02a7934d6d4024e3c0","6343d08dbb1ab900016b631e"
"5a229a02a7934d6d4024e3c0","6343d2743d4e620001f17e42"
"5a232345e204516a06c13765","633e9c975b31c30001896bb3"
"5a2dbd0c0e0d4e192648f70d","633e9c975b31c30001896bb3"
"5a30dd440e0d4e19264a12ed","633d5ba13b75420001f2b92d"
"5a4827cae20451792927b7a1","633ecc224769100001415f11"
"5a4900a0e20451792927e4bc","633e9c975b31c30001896bb3"
"5a4900a0e20451792927e4bc","6343d08dbb1ab900016b631e"
"5a4900a0e20451792927e4bc","6343d2743d4e620001f17e42"
"541b16882325b412970051ad","633d5ba13b75420001f2b92d"
"543c19562325b4228d0000a3","6343ced6bb1ab900016b62d2"
"545112ce63051f26a900375a","633ecc224769100001415f11"
"54a4511f2325b40609008fd2","6343ced6bb1ab900016b62d2"
"54a85ac52325b4060900b779","6343ced6bb1ab900016b62d2"
"54ad2d3163051f177b00c374","6343d08dbb1ab900016b631e"
"54ad2d3163051f177b00c374","6343d2743d4e620001f17e42"
"54b535ed63051f6214001852","633d5ba13b75420001f2b92d"
"54b6d15c2325b437b40043ae","633d5ba13b75420001f2b92d"
"54b79cc72325b437b4004ecc","6343ce163337b70001a63d71"
"54f4dcbdf01b30601600e48d","6343ced6bb1ab900016b62d2"
"54fdc3bc9bf7e83153002c12","633e9c975b31c30001896bb3"
"54fdc3bc9bf7e83153002c12","63406c0b14ee2c0001eee375"
"55020d7e2325b43314000932","6343d08dbb1ab900016b631e"
"55020d7e2325b43314000932","6343d2743d4e620001f17e42"
"5509403663051f53a9000209","633d5ba13b75420001f2b92d"
"5509403663051f53a9000209","6343d08dbb1ab900016b631e"
"5509403663051f53a9000209","6343d2743d4e620001f17e42"
"551f097963051f323d004d48","633d5ba13b75420001f2b92d"
"552691202325b43129012ccc","6343ced6bb1ab900016b62d2"
"552c35da2325b409470080e8","6343ced6bb1ab900016b62d2"
"552ef3f22325b45004000d5a","633e9c975b31c30001896bb3"
"5530e19163051f3bca002f12","6343ced6bb1ab900016b62d2"
"553e36de2325b43129016f24","633ecc224769100001415f11"
"553e36de2325b43129016f24","6343ced6bb1ab900016b62d2"
"553fba4563051f735b013bc1","633d5ba13b75420001f2b92d"
"556c2c532325b426f70052f0","6343ce163337b70001a63d71"
"556dd54c63051f411a002ffc","633d5ba13b75420001f2b92d"
"55719f702325b452e50074de","6343d7bd3337b70001a63f92"
"5576cd3063051f66f7013a97","6343d08dbb1ab900016b631e"
"5576cd3063051f66f7013a97","6343d2743d4e620001f17e42"
"5579dd3a63051f66f701b331","633d5ba13b75420001f2b92d"
"5579dd3a63051f66f701b331","6343d08dbb1ab900016b631e"
"5579dd3a63051f66f701b331","6343d2743d4e620001f17e42"
"557bef8363051f66f701f1bd","6343d08dbb1ab900016b631e"
"557bef8363051f66f701f1bd","6343d2743d4e620001f17e42"
"557c4bdf63051f4398000098","6343ced6bb1ab900016b62d2"
"55804aa563051f43980067da","63406c0b14ee2c0001eee375"
"55804aa563051f43980067da","6343ced6bb1ab900016b62d2"
"55a7b38563051f0d8901ea0b","6343ced6bb1ab900016b62d2"
"55a8c0c62325b438dc02bd98","6343d08dbb1ab900016b631e"
"55a8c0c62325b438dc02bd98","6343d2743d4e620001f17e42"
"55a8c20e63051f0d89022165","6343ce163337b70001a63d71"
"55a8c20e63051f0d89022165","6343ced6bb1ab900016b62d2"
"55a8c2d72325b438dc02c2f7","6343ced6bb1ab900016b62d2"
"55a8c2d72325b438dc02c2f7","6343d08dbb1ab900016b631e"
"55a8c2d72325b438dc02c2f7","6343d2743d4e620001f17e42"
"55a8c6882325b438dc02e5e1","6343ce163337b70001a63d71"
"55bb5920f01b30389b009062","6343ced6bb1ab900016b62d2"
"55c5e2672325b459510059a7","63406c0b14ee2c0001eee375"
"55cda10a63051f716e001842","6343d08dbb1ab900016b631e"
"55cda10a63051f716e001842","6343d2743d4e620001f17e42"
"55ceeae663051f2ec0000acb","6343ced6bb1ab900016b62d2"
"55d2d5459bf7e839330012b2","633d5ba13b75420001f2b92d"
"55d2d5459bf7e839330012b2","6343d08dbb1ab900016b631e"
"55d2d5459bf7e839330012b2","6343d2743d4e620001f17e42"
"55df3562f01b30433f001a05","6343ced6bb1ab900016b62d2"
"55df4652f01b30433f002468","633daef2bb1ab9000169396c"
"55df4652f01b30433f002468","6343ced6bb1ab900016b62d2"
"55e01f95f01b30433f005649","633d5ba13b75420001f2b92d"
"55e01f95f01b30433f005649","6343ced6bb1ab900016b62d2"
"55e01f95f01b30433f005649","6343d08dbb1ab900016b631e"
"55e01f95f01b30433f005649","6343d2743d4e620001f17e42"
"55e022dae648c0410f002f9c","6343ced6bb1ab900016b62d2"
"55e58c6de648c02c70003131","633d5ba13b75420001f2b92d"
"55e58c6de648c02c70003131","6343d7bd3337b70001a63f92"
"55f1636af77f301c8600b6fb","6343ced6bb1ab900016b62d2"
"55fc6d55104ec8152800160e","633e9c975b31c30001896bb3"
"56019e84f77f303fa7008f39","6343d7bd3337b70001a63f92"
"5606a84a2325b41f6400ea1f","6343ced6bb1ab900016b62d2"
"560c14c3f77f3017f00005a1","633e9c975b31c30001896bb3"
"56116ebee648c0109500c0a5","63406c0b14ee2c0001eee375"
"5613f3eae648c01095019b58","6343ced6bb1ab900016b62d2"
"5613f7b69bf7e85016012506","633ecc224769100001415f11"
"5615562de648c0109501f3a6","6343ced6bb1ab900016b62d2"
"561e860a9bf7e863636a748d","6343ced6bb1ab900016b62d2"
"5620b1269bf7e83d4c6e21c7","6343ced6bb1ab900016b62d2"
"562620dccc11fa4073bf1df4","633d5ba13b75420001f2b92d"
"562a53af63051f068482e458","633d5ba13b75420001f2b92d"
"5638b632f77f30021028ebba","6343c9963d4e620001f17caf"
"563fd91e9bf7e871b39d2996","6343ced6bb1ab900016b62d2"
"564352c0f77f3002102a4163","63406c0b14ee2c0001eee375"
"56474beef77f3002102abd2a","6343d08dbb1ab900016b631e"
"56474beef77f3002102abd2a","6343d2743d4e620001f17e42"
"564bb671cc11fa045974b4f2","6343ced6bb1ab900016b62d2"
"56563b64f77f301e8a2c01d1","633d5ba13b75420001f2b92d"
"56563b64f77f301e8a2c01d1","633ecc224769100001415f11"
"565f58ba9bf7e8231f8d46a0","6343d08dbb1ab900016b631e"
"565f58ba9bf7e8231f8d46a0","6343d2743d4e620001f17e42"
"56686ccf2325b40f989701c4","6343ced6bb1ab900016b62d2"
"568ea0602325b4690d009ab9","633e9c975b31c30001896bb3"
"568f7aad2325b4690d010f48","6343ced6bb1ab900016b62d2"
"569a8763f01b306dec017ffc","633d5ba13b75420001f2b92d"
"56aa72c620058972380085f4","633e9c975b31c30001896bb3"
"56b108f3f01b301473005034","633ecc224769100001415f11"
"56b22bb763051f39d200685a","6343ce163337b70001a63d71"
"56b22bb763051f39d200685a","6343d08dbb1ab900016b631e"
"56b22bb763051f39d200685a","6343d2743d4e620001f17e42"
"56b2348ff01b301473007116","6343ced6bb1ab900016b62d2"
"56b7bd16f01b3068c700245b","633e9c975b31c30001896bb3"
"56b7bd16f01b3068c700245b","6343ced6bb1ab900016b62d2"
"56b7bd16f01b3068c700245b","6343d08dbb1ab900016b631e"
"56b7bd16f01b3068c700245b","6343d2743d4e620001f17e42"
"56ba2d9820058914c00051be","633d5ba13b75420001f2b92d"
"56c0da7463051f30bc004aa1","6343d08dbb1ab900016b631e"
"56c0da7463051f30bc004aa1","6343d2743d4e620001f17e42"
"56ccd9f7f01b304c4c0056df","633ac71ec8990800018a60e9"
"56cdcdd8f01b304c4c007068","63406c0b14ee2c0001eee375"
"56e718af63051f4013001947","633d5ba13b75420001f2b92d"
"56f11dfe2005892295004a5a","63406c0b14ee2c0001eee375"
"56f11dfe2005892295004a5a","6343d08dbb1ab900016b631e"
"56f11dfe2005892295004a5a","6343d2743d4e620001f17e42"
"56f822582325b45fa00de9d2","633e9c975b31c30001896bb3"
"56f96b142005893a21210d55","6342ded23d4e620001f14329"
"57078c2d20058930644183a4","6343ced6bb1ab900016b62d2"
"57175f602005892d9dadf069","633d5ba13b75420001f2b92d"
"57175f602005892d9dadf069","6343d08dbb1ab900016b631e"
"57175f602005892d9dadf069","6343d2743d4e620001f17e42"
"571969cc63051f59ba60d331","633e9c975b31c30001896bb3"
"57238d7a2325b46c58a57584","63406c0b14ee2c0001eee375"
"57238d7a2325b46c58a57584","6343ced6bb1ab900016b62d2"
"572dec0163051f31826993eb","6343ce163337b70001a63d71"
"572f01aa63051f318269ac1e","6343ced6bb1ab900016b62d2"
"573085af2005891c2f06c738","6343ced6bb1ab900016b62d2"
"57330cc62325b4134b25a1b9","633d5ba13b75420001f2b92d"
"5738fc752005890a16573b2a","6343ced6bb1ab900016b62d2"
"573b6e8963051f48cb4b0f59","6343cafe3337b70001a63cf9"
"573ff82f200589648e053ce2","63406c0b14ee2c0001eee375"
"5746c38563051f6f289bacb7","61e819f77090ca0001a0b177"
"574ef95263051f798407d8c4","6343ced6bb1ab900016b62d2"
"5757c6a4200589408223d1dd","633d5ba13b75420001f2b92d"
"5a5d3c31e204512f8cac31ec","633d5ba13b75420001f2b92d"
"5a64c2d70e0d4e2d37a9aedf","633d5ba13b75420001f2b92d"
"5a667969a7934d3229012be7","6343ced6bb1ab900016b62d2"
"5a66f256a7934d32290143d5","63406c0b14ee2c0001eee375"
"5a7084c80e0d4e7a8b61805d","6343ced6bb1ab900016b62d2"
"5a789336e2045126e5c4ba04","6343d08dbb1ab900016b631e"
"5a789336e2045126e5c4ba04","6343d2743d4e620001f17e42"
"5a79752be2045126e5c527ad","6343ced6bb1ab900016b62d2"
"5a84318fe20451799c5fdd41","6343ced6bb1ab900016b62d2"
"5a84318fe20451799c5fdd41","6343d08dbb1ab900016b631e"
"5a84318fe20451799c5fdd41","6343d2743d4e620001f17e42"
"5a91d134a7934d7e7e619867","6343ced6bb1ab900016b62d2"
"5a935729e204510f757f843a","63432cf33d4e620001f1602f"
"5a96d154e204514364db3f93","633e9c975b31c30001896bb3"
"5a9b26f60e0d4e38826d81bb","633d5ba13b75420001f2b92d"
"5aa25a830e0d4e7ed16b3f16","6343ce163337b70001a63d71"
"5aacd2ef0e0d4e029e5fefe9","6343ce163337b70001a63d71"
"5aacd2ef0e0d4e029e5fefe9","6343ced6bb1ab900016b62d2"
"5ab167050e0d4e10ba92af30","62c86525c7a4cb0001d4464f"
"5abb9de9e2045129d29ea36b","63406c0b14ee2c0001eee375"
"5ac3b17ba7934d52ff3ff8ef","6343ce163337b70001a63d71"
"5acad26ba7934d42f7c721dd","63432cf33d4e620001f1602f"
"5ad2568da7934d75f30e1fa6","6343ce163337b70001a63d71"
"5ade4386e204515b37ecadf4","633e9c975b31c30001896bb3"
"5ae8c5b7a7934d0d74e0b5bc","6343ced6bb1ab900016b62d2"
"5ae96c880e0d4e18504b411a","633d5ba13b75420001f2b92d"
"5aec84e6e204511f13806c74","6343ced6bb1ab900016b62d2"
"5af54e84e204517d71ea8919","6343ced6bb1ab900016b62d2"
"5b0312b10e0d4e64567e2f28","633e9c975b31c30001896bb3"
"5b03274b0e0d4e64567e318d","63406c0b14ee2c0001eee375"
"5b0456b9e2045175b3477f6d","633d5ba13b75420001f2b92d"
"5b0adbb3e204516a1b034dcb","6342ded23d4e620001f14329"
"5b16d59d0e0d4e7f39237beb","6343ced6bb1ab900016b62d2"
"5b1ddd5be2045131e02ccdac","63432cf33d4e620001f1602f"
"5b22e275a7934d6cac9d5404","63406c0b14ee2c0001eee375"
"5b280132e204511ceb1f25f9","633e9c975b31c30001896bb3"
"5b448b39e2045108f910de7b","633d5ba13b75420001f2b92d"
"5b450707a7934d4058e57010","6343d08dbb1ab900016b631e"
"5b450707a7934d4058e57010","6343d2743d4e620001f17e42"
"5b4a5ffe0e0d4e3ba7b77006","63406c0b14ee2c0001eee375"
"5b4f8f8ea7934d64311528bb","6343d08dbb1ab900016b631e"
"5b4f8f8ea7934d64311528bb","6343d2743d4e620001f17e42"
"5b51a57c0e0d4e109f81ddb1","6343ced6bb1ab900016b62d2"
"5b51a63ca7934d6ffe85ce71","6343ced6bb1ab900016b62d2"
"5b586d680e0d4e6af11a05b4","6343ced6bb1ab900016b62d2"
"5b5b2532a7934d2ffa02d9b4","633e9c975b31c30001896bb3"
"5b5b6c08e204510283a4932e","633e9c975b31c30001896bb3"
"5b5ee35ea7934d2ffa05357f","633e9c975b31c30001896bb3"
"5b69dbad0e0d4e66dc0e08b7","63406c0b14ee2c0001eee375"
"5b6d698b0e0d4e09ad771b62","633d5ba13b75420001f2b92d"
"5b727f170e0d4e558a4a8e75","633e9c975b31c30001896bb3"
"5b7443a50e0d4e558a4ad0e3","63406c0b14ee2c0001eee375"
"5b8082330e0d4e6c75510fff","633e9c975b31c30001896bb3"
"5b831221e2045121551427f4","6343ced6bb1ab900016b62d2"
"5b86fc92e204512155151523","6343ce163337b70001a63d71"
"5b87a8bea7934d4d4cb8ca55","6343ced6bb1ab900016b62d2"
"5b9016c5a7934d24afa5e6ca","6343d08dbb1ab900016b631e"
"5b9016c5a7934d24afa5e6ca","6343d2743d4e620001f17e42"
"5b983f8e0e0d4e027047aee3","6343ced6bb1ab900016b62d2"
"5b9977640e0d4e0270482abf","633d5ba13b75420001f2b92d"
"5b9baa730e0d4e027049b41b","633e9c975b31c30001896bb3"
"5b9fc224e2045116455bb4a4","6342ded23d4e620001f14329"
"5ba3a57ea7934d3a2b163af0","6343ced6bb1ab900016b62d2"
"5ba6b05d0e0d4e170d46df64","63406c0b14ee2c0001eee375"
"5ba88bb8e204514097c2fae6","633e9c975b31c30001896bb3"
"5bab8305e204514097c6277f","633e9c975b31c30001896bb3"
"5bab87ed0e0d4e651a7cb5d6","6343ced6bb1ab900016b62d2"
"5bb4aecb0e0d4e18d66b99ca","6343d08dbb1ab900016b631e"
"5bb4aecb0e0d4e18d66b99ca","6343d2743d4e620001f17e42"
"5bbdc0eda7934d777f9010a0","633e9c975b31c30001896bb3"
"5bbf8c6ca7934d75a409458c","63406c0b14ee2c0001eee375"
"5bbfcfb6a7934d75a4095234","63406c0b14ee2c0001eee375"
"5bcf3316e204512a422ed60e","6343ced6bb1ab900016b62d2"
"5bd1c0e9e204517697f81fe7","633e9c975b31c30001896bb3"
"5bd350f8e204517697f97e09","63406c0b14ee2c0001eee375"
"5bd350f8e204517697f97e09","6343d08dbb1ab900016b631e"
"5bd350f8e204517697f97e09","6343d2743d4e620001f17e42"
"5bd7348a0e0d4e6c05d041c9","6343ced6bb1ab900016b62d2"
"5bdbf1e50e0d4e5ac8eb2120","633dce9fbb1ab90001694ae9"
"5bdccf88a7934d3002e87af0","6343ced6bb1ab900016b62d2"
"5bdee88da7934d3002e8a47e","6343d08dbb1ab900016b631e"
"5bdee88da7934d3002e8a47e","6343d2743d4e620001f17e42"
"5be015d0e20451211431282a","6343ced6bb1ab900016b62d2"
"5be18705e2045136a8cdcdde","6343d08dbb1ab900016b631e"
"5be18705e2045136a8cdcdde","6343d2743d4e620001f17e42"
"5be2bd880e0d4e4ff5b47fce","633d5ba13b75420001f2b92d"
"5be69684a7934d3bce540bb0","633ecc224769100001415f11"
"5be735f7a7934d3bce542a03","63432cf33d4e620001f1602f"
"5be80e0da7934d3bce54380d","633dbb6e6fc5eb000199fb27"
"5bed1e07e20451358fb1bf52","633d5ba13b75420001f2b92d"
"5bed64c9a7934d645ec3d848","6343ced6bb1ab900016b62d2"
"5bf0808ba7934d645ec5e561","633d5ba13b75420001f2b92d"
"5bf23666a7934d645ec6109d","63432cf33d4e620001f1602f"
"5bf87d02a7934d2723c3f0e6","63432cf33d4e620001f1602f"
"5bf9d126e204510a362fb90d","6343c9963d4e620001f17caf"
"5c07fe0d0e0d4e387ea86b1c","6343ced6bb1ab900016b62d2"
"5c0a44d20e0d4e387ea8dd5d","633d5ba13b75420001f2b92d"
"5c0ee5b00e0d4e387ea9966e","6343d08dbb1ab900016b631e"
"5c0ee5b00e0d4e387ea9966e","6343d2743d4e620001f17e42"
"5c16d3b7e204517ea4578743","63432cf33d4e620001f1602f"
"5c17fddfe204517ea457a03f","633d5ba13b75420001f2b92d"
"5c17fddfe204517ea457a03f","6343ce163337b70001a63d71"
"5c2cf601e204517ea45d5da6","633e9c975b31c30001896bb3"
"5c352b460e0d4e3c530d95bc","61e819f77090ca0001a0b177"
"5c352b460e0d4e3c530d95bc","6343d08dbb1ab900016b631e"
"5c352b460e0d4e3c530d95bc","6343d2743d4e620001f17e42"
"5c3a6e86e2045173d9902f82","6343ce163337b70001a63d71"
"5c3c6665e2045173d99049dd","6343ced6bb1ab900016b62d2"
"5c40cc04a7934d7f9485108a","633ecc224769100001415f11"
"5c47238ea7934d0ec433ca2e","6343ced6bb1ab900016b62d2"
"5c488f56a7934d0ec433fcbc","6343d08dbb1ab900016b631e"
"5c488f56a7934d0ec433fcbc","6343d2743d4e620001f17e42"
"5c5480090e0d4e71487e0685","63406c0b14ee2c0001eee375"
"5c54c807a7934d0ec437a4ee","633d5ba13b75420001f2b92d"
"5c54c807a7934d0ec437a4ee","6343ce163337b70001a63d71"
"5c59bbeea7934d05a9317ea5","6343ce163337b70001a63d71"
"5c5b07330e0d4e55619642c5","6343d7bd3337b70001a63f92"
"5c5c4f17a7934d6fb96634c5","633705649797500001eb4162"
"5c6342dbe204512d6e8a86f0","633d5ba13b75420001f2b92d"
"5c643cd2a7934d6fb9696c75","6343ced6bb1ab900016b62d2"
"5c64e269e204512d6e8b5e86","63432cf33d4e620001f1602f"
"5c65a6c8a7934d6fb969bafa","633d5ba13b75420001f2b92d"
"5c68456ce204512d6e8d78e3","633e9c975b31c30001896bb3"
"5c6d9b60e204516b5608d091","63406c0b14ee2c0001eee375"
"5c7415d3e204516b560b16da","63406c0b14ee2c0001eee375"
"5c7cfd730e0d4e3a0f97a70d","633e9c975b31c30001896bb3"
"5c7e30d90e0d4e097c31ba8a","633d5ba13b75420001f2b92d"
"5c823f0a0e0d4e7bfc266924","633d5ba13b75420001f2b92d"
"5c84f259a7934d5c3ebdf330","6343d08dbb1ab900016b631e"
"5c84f259a7934d5c3ebdf330","6343d2743d4e620001f17e42"
"5c9c00d5a7934d38e4419e06","633e9c975b31c30001896bb3"
"541b0bd263051f15cd002fa2","633ecc224769100001415f11"
"542707aa2325b43d06004544","63406c0b14ee2c0001eee375"
"542860ca63051f1e2a005156","63406c0b14ee2c0001eee375"
"54440ffe63051f3cdf0012fd","633d5ba13b75420001f2b92d"
"54440ffe63051f3cdf0012fd","633e9c975b31c30001896bb3"
"54495ad563051f47c500055c","6343ced6bb1ab900016b62d2"
"545b7db72325b418590034b3","6343d08dbb1ab900016b631e"
"545b7db72325b418590034b3","6343d2743d4e620001f17e42"
"545e9a6f63051f65ff00178f","63406c0b14ee2c0001eee375"
"546e16ec2325b4583200e08f","6343ce163337b70001a63d71"
"54af124b2325b4060901038c","633d5ba13b75420001f2b92d"
"54af124b2325b4060901038c","633e9c975b31c30001896bb3"
"54af124b2325b4060901038c","6343ce163337b70001a63d71"
"54afc9932325b40609010a7d","63406c0b14ee2c0001eee375"
"54b4feeb2325b437b4000d80","633ecc224769100001415f11"
"54b4feeb2325b437b4000d80","6343d08dbb1ab900016b631e"
"54b4feeb2325b437b4000d80","6343d2743d4e620001f17e42"
"54c6728063051f757a0000c5","63406c0b14ee2c0001eee375"
"54ddf79963051f17a00014f7","633d5ba13b75420001f2b92d"
"54e3613e9bf7e85ea3003c4e","6343ced6bb1ab900016b62d2"
"54e47bd12325b46320004716","63406c0b14ee2c0001eee375"
"54ee77d92325b4632000b93d","63406c0b14ee2c0001eee375"
"54f4d0e6f01b30601600e3c1","6343ced6bb1ab900016b62d2"
"54f77fa463051f6a0e000b04","633d5ba13b75420001f2b92d"
"54fd6e3d63051f7f9300363f","633e9c975b31c30001896bb3"
"54fe1a9c2325b4328d000771","6343ced6bb1ab900016b62d2"
"55183bf52325b469e7012620","6343ced6bb1ab900016b62d2"
"55190d4e2325b469e701375a","6343d08dbb1ab900016b631e"
"55190d4e2325b469e701375a","6343d2743d4e620001f17e42"
"551a796163051f23c6001589","6342ded23d4e620001f14329"
"552809e563051f51f1001a34","6343ced6bb1ab900016b62d2"
"5543864a63051f6ee3005b91","6343ced6bb1ab900016b62d2"
"554796172325b424d700cbcf","6343d08dbb1ab900016b631e"
"554796172325b424d700cbcf","6343d2743d4e620001f17e42"
"554e2e4d2325b424d701c597","6343d08dbb1ab900016b631e"
"554e2e4d2325b424d701c597","6343d2743d4e620001f17e42"
"555ddea763051f5332003d71","6343d08dbb1ab900016b631e"
"555ddea763051f5332003d71","6343d2743d4e620001f17e42"
"556dde9f63051f411a00325e","63406c0b14ee2c0001eee375"
"55732f502325b452e500b5e5","6343ced6bb1ab900016b62d2"
"559280742325b47821002618","633d5ba13b75420001f2b92d"
"559e0fef63051f20c8020ed0","6343ced6bb1ab900016b62d2"
"55a6b5c62325b438dc0246b2","6343ced6bb1ab900016b62d2"
"55a8c49d9bf7e8671a0033b0","6343d08dbb1ab900016b631e"
"55a8c49d9bf7e8671a0033b0","6343d2743d4e620001f17e42"
"55a8c5d663051f0d89023ed6","6343ced6bb1ab900016b62d2"
"55b6a34663051f29f501228d","6343ced6bb1ab900016b62d2"
"55b6b3a6f01b303eac0186e0","633e9c975b31c30001896bb3"
"55b6c7589bf7e8270001196c","6343d08dbb1ab900016b631e"
"55b6c7589bf7e8270001196c","6343d2743d4e620001f17e42"
"55bd19e72325b454b400cfa1","6343ced6bb1ab900016b62d2"
"55c8a339f01b3036ae00aadb","6343ced6bb1ab900016b62d2"
"55d43af5f01b3075ae007f25","6343ced6bb1ab900016b62d2"
"55dc3a1c104ec8654400086e","633d5ba13b75420001f2b92d"
"55dcc084e648c00cfd000384","633e9c975b31c30001896bb3"
"55dcc084e648c00cfd000384","6343ced6bb1ab900016b62d2"
"55df4a41f01b30433f002e9b","633e9c975b31c30001896bb3"
"55df4a41f01b30433f002e9b","6343ebed3337b70001a6452b"
"55e9d6cff77f30115f008bb5","633d5ba13b75420001f2b92d"
"55ec9be49bf7e8722300bc96","633d5ba13b75420001f2b92d"
"55efd6732325b46c9f004c31","633d5ba13b75420001f2b92d"
"55efd6732325b46c9f004c31","633e9c975b31c30001896bb3"
"55efd6732325b46c9f004c31","63406c0b14ee2c0001eee375"
"55f28a41f77f301c8600c8e1","6343ced6bb1ab900016b62d2"
"55f28a41f77f301c8600c8e1","6343d08dbb1ab900016b631e"
"55f28a41f77f301c8600c8e1","6343d2743d4e620001f17e42"
"55f2951663051f542f0073d7","633ecc224769100001415f11"
"55f6f588cc11fa273500aa83","633d5ba13b75420001f2b92d"
"55f8779ae648c0021b00cfbf","6343ced6bb1ab900016b62d2"
"55f8779ae648c0021b00cfbf","6343d08dbb1ab900016b631e"
"55f8779ae648c0021b00cfbf","6343d2743d4e620001f17e42"
"55f98238e648c0021b00eb6e","6343ced6bb1ab900016b62d2"
"55fb1b88cc11fa7aa100229f","633e9c975b31c30001896bb3"
"55fb1b88cc11fa7aa100229f","6343ced6bb1ab900016b62d2"
"5601b41cf77f303fa7009341","633d5ba13b75420001f2b92d"
"5601b41cf77f303fa7009341","633e9c975b31c30001896bb3"
"5602e2659bf7e83f200011b6","633e9c975b31c30001896bb3"
"5602e2659bf7e83f200011b6","6343ced6bb1ab900016b62d2"
"560ae24ecc11fa44dc00e2f9","63406c0b14ee2c0001eee375"
"5612ab6c2325b43afc00f75f","63406c0b14ee2c0001eee375"
"5612ab6c2325b43afc00f75f","6343d7bd3337b70001a63f92"
"5613a960e648c010950189c0","63406c0b14ee2c0001eee375"
"56154aeff77f3017f0018402","633d5ba13b75420001f2b92d"
"56154aeff77f3017f0018402","6343ce163337b70001a63d71"
"561833accc11fa1e62843806","6343ced6bb1ab900016b62d2"
"562663ab9bf7e83d4c6ed4e0","6343ced6bb1ab900016b62d2"
"5628aa7dcc11fa5716cf1ce9","6343ce163337b70001a63d71"
"56308789f77f304133ba66cd","633e9c975b31c30001896bb3"
"563243fb63051f068483f633","6343ced6bb1ab900016b62d2"
"56338567f77f304133bafdf2","633e9c975b31c30001896bb3"
"56411c7d9bf7e871b39d4da6","6343ced6bb1ab900016b62d2"
"5646f90363051f6cefae1360","6343ced6bb1ab900016b62d2"
"564a43ac9bf7e861d40f4666","63406c0b14ee2c0001eee375"
"56575ad163051f28723e3188","6343ced6bb1ab900016b62d2"
"565c9d3c63051f7159c18d41","6343d08dbb1ab900016b631e"
"565c9d3c63051f7159c18d41","6343d2743d4e620001f17e42"
"565cd8fde648c0627f045c51","6343ced6bb1ab900016b62d2"
"565db646cc11fa6426e2b0cc","6343ced6bb1ab900016b62d2"
"565ddc2acc11fa6426e2b518","6343ced6bb1ab900016b62d2"
"565ddc2acc11fa6426e2b518","6343d08dbb1ab900016b631e"
"565ddc2acc11fa6426e2b518","6343d2743d4e620001f17e42"
"566191aef01b3049fdf03054","6343ced6bb1ab900016b62d2"
"56788bef2005890f4d012655","6343d08dbb1ab900016b631e"
"56788bef2005890f4d012655","6343d2743d4e620001f17e42"
"5682a144f01b30212500322c","6343ced6bb1ab900016b62d2"
"5682a80420058937ad003142","6343ced6bb1ab900016b62d2"
"56845dfbf01b3021250055f8","6343d08dbb1ab900016b631e"
"56845dfbf01b3021250055f8","6343d2743d4e620001f17e42"
"568c540863051f6d7a003b57","633e9b8f5b31c30001896b54"
"568d524163051f6d7a00568b","6343ced6bb1ab900016b62d2"
"568efb822005894df400bea4","6343ce163337b70001a63d71"
"568f7aaa63051f6d7a00ff18","633e9c975b31c30001896bb3"
"5696da0463051f20400099f2","633e9c975b31c30001896bb3"
"5697f2222005895f0400e6e8","63406c0b14ee2c0001eee375"
"56b1eefaf01b301473006450","633d5ba13b75420001f2b92d"
"56b1eefaf01b301473006450","6343ced6bb1ab900016b62d2"
"56b8cb82f01b301e820006a2","6343ced6bb1ab900016b62d2"
"56bf1a712005895a69002249","633ecc224769100001415f11"
"56bf1a712005895a69002249","6343ced6bb1ab900016b62d2"
"56c21a6463051f30bc006f68","6343d7bd3337b70001a63f92"
"56c5ef15f01b301aef004180","633d5ba13b75420001f2b92d"
"56cc88522325b43871005dfc","63406c0b14ee2c0001eee375"
"56cc88522325b43871005dfc","6343d08dbb1ab900016b631e"
"56cc88522325b43871005dfc","6343d2743d4e620001f17e42"
"56cece30200589039c009cb0","633ecc224769100001415f11"
"56cece30200589039c009cb0","6343ced6bb1ab900016b62d2"
"56d363282005890361004adb","6343c6a3bb1ab900016b6184"
"56d639f52325b42ebe00c68c","6343ced6bb1ab900016b62d2"
"56f044c42325b432d8003c0f","6343d08dbb1ab900016b631e"
"56f044c42325b432d8003c0f","6343d2743d4e620001f17e42"
"57097804200589306441cb85","633e9c975b31c30001896bb3"
"5757e374200589408223dbd8","633d5ba13b75420001f2b92d"
"576196ef63051f1dbc30150c","63406c0b14ee2c0001eee375"
"576196ef63051f1dbc30150c","6343ced6bb1ab900016b62d2"
"57869f8c20058979946e015b","6343ced6bb1ab900016b62d2"
"57926eb92325b44124e6f6e2","6343ced6bb1ab900016b62d2"
"579726e463051f47151c7780","63406c0b14ee2c0001eee375"
"57a098f663051f48e4cb1697","633d5ba13b75420001f2b92d"
"57ac748e2005896663c567ce","633d5ba13b75420001f2b92d"
"57ac748e2005896663c567ce","633e9c975b31c30001896bb3"
"57b485c363051f48e4ce6222","63406c0b14ee2c0001eee375"
"57b48c542005896663c6e3e3","6343ced6bb1ab900016b62d2"
"57b48c542005896663c6e3e3","6343d08dbb1ab900016b631e"
"57b48c542005896663c6e3e3","6343d2743d4e620001f17e42"
"57bd903f2325b409fef77fda","633daef2bb1ab9000169396c"
"57c3514b63051f446b9eb1d8","633e9c975b31c30001896bb3"
"57c3514b63051f446b9eb1d8","6343d08dbb1ab900016b631e"
"57c3514b63051f446b9eb1d8","6343d2743d4e620001f17e42"
"57c4b7e563051f446b9f1578","633ecc224769100001415f11"
"57c4b7e563051f446b9f1578","6343ced6bb1ab900016b62d2"
"57c5946a63051f446b9f578e","6343d7bd3337b70001a63f92"
"57c8a6be200589511fef7648","63406c0b14ee2c0001eee375"
"57c8a6be200589511fef7648","6343ced6bb1ab900016b62d2"
"57d266aa2005895c20b44503","63406c0b14ee2c0001eee375"
"57d53c292005895c20b50f4d","633e9c975b31c30001896bb3"
"57da0c7f63051f3b74b12a4f","6343ced6bb1ab900016b62d2"
"57dd5c8363051f3b74b2b2b5","6343ced6bb1ab900016b62d2"
"57e03dfd2005893b7fe246cb","6343ced6bb1ab900016b62d2"
"57e03dfd2005893b7fe246cb","6343d7bd3337b70001a63f92"
"57e299f92325b42c5f2922db","6343ced6bb1ab900016b62d2"
"57e4ee5663051f3b74b56620","6343ced6bb1ab900016b62d2"
"57e4ee5663051f3b74b56620","6343d08dbb1ab900016b631e"
"57e4ee5663051f3b74b56620","6343d2743d4e620001f17e42"
"57ee77b820058914bcc6f07a","61e819f77090ca0001a0b177"
"57f411532325b462285516b4","633e9c975b31c30001896bb3"
"57f6bbeb20058924a10d7c0a","6343ced6bb1ab900016b62d2"
"57ff9add63051f6eba2668ae","63406c0b14ee2c0001eee375"
"5800b6d32005891d004cd241","633e9c975b31c30001896bb3"
"5800eae52325b46b09758aca","6343ce163337b70001a63d71"
"5804e7a163051f2bdec96379","6343ce163337b70001a63d71"
"580de35e2325b455b6a40fa2","633ecc224769100001415f11"
"580de35e2325b455b6a40fa2","6343d08dbb1ab900016b631e"
"580de35e2325b455b6a40fa2","6343d2743d4e620001f17e42"
"5810abe92325b4371546a872","633e9c975b31c30001896bb3"
"5810d4342325b4371546c111","633d5ba13b75420001f2b92d"
"5813b6342325b44b00310e05","6343ced6bb1ab900016b62d2"
"581459322005896fdfa9d50d","633e9c975b31c30001896bb3"
"581862042005895036eb66fb","6343cc1f3d4e620001f17d09"
"581de74d63051f214d3cc415","633d5ba13b75420001f2b92d"
"581f65cb2325b41598eb5356","633e9c975b31c30001896bb3"
"58245f7163051f214d3e668a","633d5ba13b75420001f2b92d"
"58245f7163051f214d3e668a","6342fa5d3d4e620001f14ce6"
"5826f6072325b467f1f5b949","633d5ba13b75420001f2b92d"
"582999c0200589781684d981","6343d08dbb1ab900016b631e"
"582999c0200589781684d981","6343d2743d4e620001f17e42"
"582a5b028983be22ea98e1af","6343d08dbb1ab900016b631e"
"582a5b028983be22ea98e1af","6343d2743d4e620001f17e42"
"582ad7588983be22ea98e3bd","63406c0b14ee2c0001eee375"
"582ee9108983be22eaaa6b3f","633d5ba13b75420001f2b92d"
"5831d78f8983be62fe9ce077","633d5ba13b75420001f2b92d"
"5835a48d8983be62feac660a","6343d7bd3337b70001a63f92"
"5846ce2c8983be62fe0dbf6a","63406c0b14ee2c0001eee375"
"5846ce2c8983be62fe0dbf6a","6343d7bd3337b70001a63f92"
"584a75c08983be62fe1e7912","633d5ba13b75420001f2b92d"
"585004d18983be62fe4bb62d","6343d08dbb1ab900016b631e"
"585004d18983be62fe4bb62d","6343d2743d4e620001f17e42"
"5866274d8983be62fea7aa43","6343d08dbb1ab900016b631e"
"5866274d8983be62fea7aa43","6343d2743d4e620001f17e42"
"58721b658983be62fee6d056","6343ced6bb1ab900016b62d2"
"58727e1d8983be62feefa738","633e9c975b31c30001896bb3"
"58727e1d8983be62feefa738","6343ced6bb1ab900016b62d2"
"587c899b8983be62fe2825f8","633e9c975b31c30001896bb3"
"5886489e8983be62fe706ec0","6343d08dbb1ab900016b631e"
"5886489e8983be62fe706ec0","6343d2743d4e620001f17e42"
"5888a8888983be62fe80cc97","63406c0b14ee2c0001eee375"
"588c951f8983be62fe9e18a7","6343ced6bb1ab900016b62d2"
"5894ae748983be62fed786c3","61e819f77090ca0001a0b177"
"5894ae748983be62fed786c3","633ecc224769100001415f11"
"589b21348983be62fe09d1d6","63406c0b14ee2c0001eee375"
"589cf9f28983be62fe16a451","633d5ba13b75420001f2b92d"
"589cf9f28983be62fe16a451","633ecc224769100001415f11"
"589cf9f28983be62fe16a451","63406c0b14ee2c0001eee375"
"589cf9f28983be62fe16a451","6343d7bd3337b70001a63f92"
"589f9a598983be62fe28ccac","633e9c975b31c30001896bb3"
"58a566398983be62fe4e9f4d","633e9c975b31c30001896bb3"
"58a6c0898983be62fe591111","6343ce163337b70001a63d71"
"58a705a78983be62fe5e86ba","6343d08dbb1ab900016b631e"
"58a705a78983be62fe5e86ba","6343d2743d4e620001f17e42"
"58a7420b8983be62fe64bd32","633e9c975b31c30001896bb3"
"58b058468983be62fea24e9b","633e9c975b31c30001896bb3"
"58b858ac8983be62fede2fae","63406c0b14ee2c0001eee375"
"58b9a4918983be62fee94a11","6343d08dbb1ab900016b631e"
"58b9a4918983be62fee94a11","6343d2743d4e620001f17e42"
"58bebabc8983be62fe0cabb6","6343d08dbb1ab900016b631e"
"58bebabc8983be62fe0cabb6","6343d2743d4e620001f17e42"
"58c82eb88983be62fe4fc526","63406c0b14ee2c0001eee375"
"58c846828983be62fe51a759","6343ced6bb1ab900016b62d2"
"58d6ac2e8983be62fe9d4eab","633d5ba13b75420001f2b92d"
"58de02ea8983be62feb9b130","633ecc224769100001415f11"
"58de90788983be62febebcc1","633ecc224769100001415f11"
"58ecb07f8983be62feeacdfe","633e9c975b31c30001896bb3"
"58ecd36b8983be62feead2b8","633e9c975b31c30001896bb3"
"58f66c758983be62fe13d424","6343ced6bb1ab900016b62d2"
"58ff81448983be62fe3824e1","6343c9963d4e620001f17caf"
"5902478f8983be62fe48569b","6343ced6bb1ab900016b62d2"
"590365558983be07b3dc603c","6343d08dbb1ab900016b631e"
"590365558983be07b3dc603c","6343d2743d4e620001f17e42"
"5906ff5a8983be07b3e8fa83","633e9c975b31c30001896bb3"
"590a4e798983be07b3f143fb","633e9c975b31c30001896bb3"
"590cbffe8983be07b3fa31ca","6343ced6bb1ab900016b62d2"
"59156eb38983be07b318ea74","6342ded23d4e620001f14329"
"591b0cda8983be07b32708ba","63406c0b14ee2c0001eee375"
"591d793a8983be07b330204f","633ecc224769100001415f11"
"591d793a8983be07b330204f","6343ced6bb1ab900016b62d2"
"5923393d8983be07b3647851","633d5ba13b75420001f2b92d"
"592c3e628983be07b37ab0a1","633e9c975b31c30001896bb3"
"5931ac2d8983be07b395783e","63406c0b14ee2c0001eee375"
"593319048983be07b3a64647","633e9c975b31c30001896bb3"
"594831fc8983be27fdf68e1c","633e9c975b31c30001896bb3"
"594a2d788983be27fdfc2c65","6343ced6bb1ab900016b62d2"
"59608f888983be04bc4a09c6","63406c0b14ee2c0001eee375"
"596d21b48983be04bc7607b0","633ecc224769100001415f11"
"596d9eaa8983be04bc761aa0","6343d08dbb1ab900016b631e"
"596d9eaa8983be04bc761aa0","6343d2743d4e620001f17e42"
"596e6ca08983be04bc7d7e1b","6343ced6bb1ab900016b62d2"
"59747c9a8983be04bc9e0de0","6343ced6bb1ab900016b62d2"
"5982048d8983be04bccee32f","6343ced6bb1ab900016b62d2"
"5982048d8983be04bccee32f","6343d08dbb1ab900016b631e"
"5982048d8983be04bccee32f","6343d2743d4e620001f17e42"
"598357eb8983be04bcd70a86","633d5ba13b75420001f2b92d"
"5996d9948983be04bc1c8ddb","6343d08dbb1ab900016b631e"
"5996d9948983be04bc1c8ddb","6343d2743d4e620001f17e42"
"541dc76763051f15cd004b7f","633ecc224769100001415f11"
"5427d43d63051f1e2a003d9f","63406c0b14ee2c0001eee375"
"5427d43d63051f1e2a003d9f","6343ced6bb1ab900016b62d2"
"543ae2182325b439b30030fd","6343ced6bb1ab900016b62d2"
"54809dc22325b4415c0006e6","633ecc224769100001415f11"
"54809dc22325b4415c0006e6","6343ced6bb1ab900016b62d2"
"54942d772325b43373000138","6343ced6bb1ab900016b62d2"
"549954152325b406090025b1","6343ced6bb1ab900016b62d2"
"54bedc312325b4653c0007b2","6343ced6bb1ab900016b62d2"
"54c22f2a2325b4673300017a","6343d08dbb1ab900016b631e"
"54c22f2a2325b4673300017a","6343d2743d4e620001f17e42"
"54c2e77363051f16f4001851","6343ced6bb1ab900016b62d2"
"54c75d6f63051f757a00103c","633d5ba13b75420001f2b92d"
"54cbdfb263051f3eea003155","63406c0b14ee2c0001eee375"
"54dcc79b63051f17a000020d","6343ced6bb1ab900016b62d2"
"54eb8fdc63051f22d300bbca","6343d08dbb1ab900016b631e"
"54eb8fdc63051f22d300bbca","6343d2743d4e620001f17e42"
"54ec54cd2325b46320009e6c","63406c0b14ee2c0001eee375"
"54ec96ca2325b4632000a198","633d5ba13b75420001f2b92d"
"54ecf0332325b4632000a78e","6343d08dbb1ab900016b631e"
"54ecf0332325b4632000a78e","6343d2743d4e620001f17e42"
"54f78396f01b303554000a39","6343ced6bb1ab900016b62d2"
"54f8295a63051f6a0e0013de","633d5ba13b75420001f2b92d"
"55017ca063051f445e004b47","6343ced6bb1ab900016b62d2"
"5513c86163051f0335008488","6343ced6bb1ab900016b62d2"
"551c42842325b431290009e0","633e9c975b31c30001896bb3"
"551c42842325b431290009e0","6343ce163337b70001a63d71"
"55227a3763051f323d008ae3","6343ced6bb1ab900016b62d2"
"553e80df63051f735b012290","633ecc224769100001415f11"
"554cf1762325b424d701924a","633d5ba13b75420001f2b92d"
"555dc6ea63051f533200396f","633d5ba13b75420001f2b92d"
"555dc6ea63051f533200396f","633e9c975b31c30001896bb3"
"556e121963051f411a00509c","633d5ba13b75420001f2b92d"
"5570379a63051f66f70027ee","633e9c975b31c30001896bb3"
"5570379a63051f66f70027ee","6343ced6bb1ab900016b62d2"
"55763e2d63051f66f7013031","633d5ba13b75420001f2b92d"
"5598f7f563051f20c801140a","6343ced6bb1ab900016b62d2"
"55a3b75b63051f0d8900edcc","6343ced6bb1ab900016b62d2"
"55a8b5ca9bf7e8671a001635","6343d08dbb1ab900016b631e"
"55a8b5ca9bf7e8671a001635","6343d2743d4e620001f17e42"
"55a8cb7263051f0d89024edd","6343ced6bb1ab900016b62d2"
"55b3e0ae2325b4565e011fd1","631f1eddbfe1960001f32a54"
"55b3e0ae2325b4565e011fd1","633c44853b75420001f26813"
"55b7027d63051f29f5012c46","6343ced6bb1ab900016b62d2"
"55c508aa63051f5f37002d15","6343ced6bb1ab900016b62d2"
"55ccd33163051f716e000aa1","6343ced6bb1ab900016b62d2"
"55ddda9ce648c0327d0000b4","633ecc224769100001415f11"
"55ddda9ce648c0327d0000b4","6343ced6bb1ab900016b62d2"
"55dfb0bdcc11fa23f6002b36","6343ced6bb1ab900016b62d2"
"55dfb0bdcc11fa23f6002b36","6343d08dbb1ab900016b631e"
"55dfb0bdcc11fa23f6002b36","6343d2743d4e620001f17e42"
"55e2cddecc11fa151200165e","633e9c975b31c30001896bb3"
"55e61ad3f77f30115f003cc1","6343ced6bb1ab900016b62d2"
"55e61ad3f77f30115f003cc1","6343d08dbb1ab900016b631e"
"55e61ad3f77f30115f003cc1","6343d2743d4e620001f17e42"
"55eec9e463051f542f000f44","6343ced6bb1ab900016b62d2"
"55eec9e463051f542f000f44","6343d08dbb1ab900016b631e"
"55eec9e463051f542f000f44","6343d2743d4e620001f17e42"
"55efe873e648c0021b002b64","6343ced6bb1ab900016b62d2"
"55f3e5afcc11fa273500777c","6343ce163337b70001a63d71"
"55f3e5afcc11fa273500777c","6343d08dbb1ab900016b631e"
"55f3e5afcc11fa273500777c","6343d2743d4e620001f17e42"
"55fa7663f77f305250000b96","633d5ba13b75420001f2b92d"
"55fa7663f77f305250000b96","633e9c975b31c30001896bb3"
"55ffd711104ec81528004fcb","6342ded23d4e620001f14329"
"560017009bf7e868eb0057cc","6343ced6bb1ab900016b62d2"
"56002f7e63051f08d600501a","633d5ba13b75420001f2b92d"
"56002f7e63051f08d600501a","633e9c975b31c30001896bb3"
"560aaf36104ec813c700e64c","6343ced6bb1ab900016b62d2"
"560ac916f77f30124f00dac0","6343ced6bb1ab900016b62d2"
"560e8ad09bf7e850160072a2","6343ced6bb1ab900016b62d2"
"56142396cc11fa7f230122f0","6343ced6bb1ab900016b62d2"
"561446d59bf7e85016013df0","633ac71ec8990800018a60e9"
"561446d59bf7e85016013df0","633e9c975b31c30001896bb3"
"561446d59bf7e85016013df0","633ecc224769100001415f11"
"5615967463051f3c9401a178","6343ced6bb1ab900016b62d2"
"5618eeb5f77f3020f4a5a1a6","63406c0b14ee2c0001eee375"
"562437e62325b4381526be99","633e9c975b31c30001896bb3"
"5626331ae648c069787313d2","6343d08dbb1ab900016b631e"
"5626331ae648c069787313d2","6343d2743d4e620001f17e42"
"5638edf82325b407e565c3b2","6342ded23d4e620001f14329"
"563cdc18f77f3002102987fe","63406c0b14ee2c0001eee375"
"5643016de648c03569362e3a","63406c0b14ee2c0001eee375"
"564460bd9bf7e871b39db5df","63406c0b14ee2c0001eee375"
"564460bd9bf7e871b39db5df","6343ced6bb1ab900016b62d2"
"5644ecc1e648c0356936750c","6343ced6bb1ab900016b62d2"
"56461c3863051f6cefadfabd","6343d08dbb1ab900016b631e"
"56461c3863051f6cefadfabd","6343d2743d4e620001f17e42"
"564dffb4e648c069b4d1b62f","63406c0b14ee2c0001eee375"
"56506e019bf7e861d4104350","6343ced6bb1ab900016b62d2"
"56538d5fe648c035f849f7e5","633e9c975b31c30001896bb3"
"5657034af77f301e8a2c3989","633d5ba13b75420001f2b92d"
"56603137f01b3049fdefed34","6343ced6bb1ab900016b62d2"
"5665414263051f4b7cceb319","6343d08dbb1ab900016b631e"
"5665414263051f4b7cceb319","6343d2743d4e620001f17e42"
"566abf1ff01b300a427301d9","633d5ba13b75420001f2b92d"
"568ef30f2325b4690d00c187","6343c9963d4e620001f17caf"
"569681dbf01b306dec00a157","633e9c975b31c30001896bb3"
"569681dbf01b306dec00a157","6343ced6bb1ab900016b62d2"
"5697f2a82005895f0400e729","6343ced6bb1ab900016b62d2"
"5698352ef01b306dec0118d9","633d5ba13b75420001f2b92d"
"56a11b0f2325b47cf10044cd","6343d08dbb1ab900016b631e"
"56a11b0f2325b47cf10044cd","6343d2743d4e620001f17e42"
"56a2a88c63051f151500121a","6343d08dbb1ab900016b631e"
"56a2a88c63051f151500121a","6343d2743d4e620001f17e42"
"56a3b286f01b3066d4002396","6343ced6bb1ab900016b62d2"
"56aa6c762325b42c4c008db0","633e9c975b31c30001896bb3"
"56aa6c762325b42c4c008db0","6343ced6bb1ab900016b62d2"
"56ae28b963051f309c00e4b6","633d5ba13b75420001f2b92d"
"56be04e82325b406ac000cad","633d5ba13b75420001f2b92d"
"56c6382c2005895a80003b1a","6343d08dbb1ab900016b631e"
"56c6382c2005895a80003b1a","6343d2743d4e620001f17e42"
"56c88b64f01b301aef0099a7","633d5ba13b75420001f2b92d"
"56cc50c463051f6c38003401","633ecc224769100001415f11"
"56ce28ff200589039c0091e1","633e9c975b31c30001896bb3"
"56cef78d63051f6c38008664","633d5ba13b75420001f2b92d"
"56d329832325b42ebe00531e","6343ced6bb1ab900016b62d2"
"56d5ab0a2005890361008c76","6343ced6bb1ab900016b62d2"
"56dc7ca72325b437cb004481","633d5ba13b75420001f2b92d"
"56e1e8b6200589789700fc78","6343ced6bb1ab900016b62d2"
"56e1e8b6200589789700fc78","6343d08dbb1ab900016b631e"
"56e1e8b6200589789700fc78","6343d2743d4e620001f17e42"
"56e9c76563051f1ec00041e8","633e9c975b31c30001896bb3"
"56f7e6bf2325b45fa00de01c","633d5ba13b75420001f2b92d"
"5703d40c63051f4ee6b4038d","6343d7bd3337b70001a63f92"
"5708fd7d200589306441b85f","6343ced6bb1ab900016b62d2"
"570e2e6863051f2055b6033b","6343d08dbb1ab900016b631e"
"570e2e6863051f2055b6033b","6343d2743d4e620001f17e42"
"571cabb02325b43ba82850ae","6343ced6bb1ab900016b62d2"
"571dfd1463051f0c9e503545","6343ced6bb1ab900016b62d2"
"5722736c63051f3caa15e2d2","633d5ba13b75420001f2b92d"
"570ca7af2325b4494fe019fc","6343d08dbb1ab900016b631e"
"570ca7af2325b4494fe019fc","6343d2743d4e620001f17e42"
"570d8bb12325b411fef0090b","63406c0b14ee2c0001eee375"
"570e4f2520058976b957c3c8","633e9c975b31c30001896bb3"
"57123d53200589535212eab6","6343d08dbb1ab900016b631e"
"57123d53200589535212eab6","6343d2743d4e620001f17e42"
"5715dc6e2325b46f1e272165","633d5ba13b75420001f2b92d"
"5715dc6e2325b46f1e272165","6343ce163337b70001a63d71"
"571907ed63051f59ba60c563","63406c0b14ee2c0001eee375"
"572327ba2325b46c58a54e8b","633ecc224769100001415f11"
"57267f442005894b043e4419","633e9c975b31c30001896bb3"
"57267f442005894b043e4419","6343d08dbb1ab900016b631e"
"57267f442005894b043e4419","6343d2743d4e620001f17e42"
"572c61e52005895e684917a2","633d5ba13b75420001f2b92d"
"573237ec2005895f8e0e0cd5","633e9c975b31c30001896bb3"
"573da64f63051f48cb4b6ba8","6343d08dbb1ab900016b631e"
"573da64f63051f48cb4b6ba8","6343d2743d4e620001f17e42"
"573dc7e120058921d42a04f0","6343ced6bb1ab900016b62d2"
"574037c72325b422b9c3e854","6343ced6bb1ab900016b62d2"
"574c59e32325b40ccb5f68ee","633d5ba13b75420001f2b92d"
"5755734763051f5bdfca350a","633d5ba13b75420001f2b92d"
"5756c1bf2325b42405079a20","63406c0b14ee2c0001eee375"
"57606e8963051f1dbc2fe390","6343ced6bb1ab900016b62d2"
"5762ea9763051f1dbc305566","633d5ba13b75420001f2b92d"
"576a76a52005891819141e95","6343ced6bb1ab900016b62d2"
"577a6b242325b4545363b416","633e9c975b31c30001896bb3"
"577bbe3a63051f565b3bf930","633ecc224769100001415f11"
"577f9f5c63051f030dc9f565","633d5ba13b75420001f2b92d"
"5786acfa63051f030dcaee35","6343d08dbb1ab900016b631e"
"5786acfa63051f030dcaee35","6343d2743d4e620001f17e42"
"5791c66663051f47151ba81b","633d5ba13b75420001f2b92d"
"57927ccf2325b44124e6fa13","633e9c975b31c30001896bb3"
"57a287512325b419add385ab","63406c0b14ee2c0001eee375"
"57a751392005896663c479ee","63406c0b14ee2c0001eee375"
"57a751392005896663c479ee","6343ced6bb1ab900016b62d2"
"57a89e682325b419add4644e","6343d08dbb1ab900016b631e"
"57a89e682325b419add4644e","6343d2743d4e620001f17e42"
"57ad9d8b63051f48e4cd5913","63406c0b14ee2c0001eee375"
"57badc9f2325b419add7bba4","633d5ba13b75420001f2b92d"
"57badc9f2325b419add7bba4","633e9c975b31c30001896bb3"
"57badc9f2325b419add7bba4","6343ced6bb1ab900016b62d2"
"57c72aa1200589511feefcac","6343d7bd3337b70001a63f92"
"57c934d2200589511fef9e01","6343ce163337b70001a63d71"
"57c9b7982325b43d3e4c8a2c","633d5ba13b75420001f2b92d"
"57c9b7982325b43d3e4c8a2c","6343ce163337b70001a63d71"
"57c9b7982325b43d3e4c8a2c","6343d7bd3337b70001a63f92"
"57cc147b63051f5a5b72a839","6343d7bd3337b70001a63f92"
"57da70ae63051f3b74b141c3","6343d08dbb1ab900016b631e"
"57da70ae63051f3b74b141c3","6343d2743d4e620001f17e42"
"57db0cf32325b467ffef30bb","633ecc224769100001415f11"
"57db2d9f2005893b7fe0727a","633ecc224769100001415f11"
"57db2d9f2005893b7fe0727a","63406c0b14ee2c0001eee375"
"57dbb5d52005893b7fe097e2","6343ced6bb1ab900016b62d2"
"57dd37c163051f3b74b2a5f2","633ecc224769100001415f11"
"57e062282005893b7fe25aba","633d5ba13b75420001f2b92d"
"57e12bd52325b467fff1b8b0","633ecc224769100001415f11"
"57e17eaa2325b467fff1f8d1","6343ce163337b70001a63d71"
"57e7c41263051f3b74b61063","633e9c975b31c30001896bb3"
"57e9625c63051f5c140af700","633e9c975b31c30001896bb3"
"57ed96f363051f51589fc522","6343d08dbb1ab900016b631e"
"57ed96f363051f51589fc522","6343d2743d4e620001f17e42"
"57f6934b2325b4622855e218","6343ced6bb1ab900016b62d2"
"57f7d5df2325b45891b59b70","633e9c975b31c30001896bb3"
"57fcfcf92325b418862f7f16","633ecc224769100001415f11"
"580122682325b46b0975a217","633d5ba13b75420001f2b92d"
"5803d9532325b46b09764442","6343ced6bb1ab900016b62d2"
"58067ba82005891d004e5d48","633d990e90d6fd0001349c96"
"58178ec463051f214d3ae9ab","6343d08dbb1ab900016b631e"
"58178ec463051f214d3ae9ab","6343d2743d4e620001f17e42"
"5817ce312005895036eb4f4e","633e9c975b31c30001896bb3"
"5817ce312005895036eb4f4e","63406c0b14ee2c0001eee375"
"581889f02005895036eb7827","6343ced6bb1ab900016b62d2"
"58204cb5200589781681dbf3","633d5ba13b75420001f2b92d"
"58206bdf63051f214d3d3245","6343ced6bb1ab900016b62d2"
"5821abc863051f214d3db59c","6343ced6bb1ab900016b62d2"
"58235d262325b467f1f48e80","63406c0b14ee2c0001eee375"
"5824ec6a20058978168397fb","6343d08dbb1ab900016b631e"
"5824ec6a20058978168397fb","6343d2743d4e620001f17e42"
"58273cb820058978168463f8","633d5ba13b75420001f2b92d"
"58273cb820058978168463f8","6343d08dbb1ab900016b631e"
"58273cb820058978168463f8","6343d2743d4e620001f17e42"
"582b8bce8983be22ea9f0692","63406c0b14ee2c0001eee375"
"582b8bce8983be22ea9f0692","6343ced6bb1ab900016b62d2"
"582c92bd8983be22eaa41ff4","633d5ba13b75420001f2b92d"
"582cd5db8983be22eaa5b398","6343d08dbb1ab900016b631e"
"582cd5db8983be22eaa5b398","6343d2743d4e620001f17e42"
"5831d1e18983be62fe9ce001","6343ced6bb1ab900016b62d2"
"5838ac6d8983be62feba5fe7","6343ced6bb1ab900016b62d2"
"5838ac6d8983be62feba5fe7","6343d08dbb1ab900016b631e"
"5838ac6d8983be62feba5fe7","6343d2743d4e620001f17e42"
"583b19518983be62fecc7442","63406c0b14ee2c0001eee375"
"583ecf762005894f9c4f4a05","633d5ba13b75420001f2b92d"
"583ecf762005894f9c4f4a05","6343d08dbb1ab900016b631e"
"583ecf762005894f9c4f4a05","6343d2743d4e620001f17e42"
"584579b28983be62fe0838b6","6343ced6bb1ab900016b62d2"
"5852d5b98983be62fe62d9c5","633d5ba13b75420001f2b92d"
"5852d5b98983be62fe62d9c5","6343ce163337b70001a63d71"
"586190818983be62fe9a5f3b","6343ced6bb1ab900016b62d2"
"5862bf3a8983be62fe9ec5fe","6343ced6bb1ab900016b62d2"
"587612118983be62fe02813d","633ecc224769100001415f11"
"587791cb8983be62fe0a78e0","633ecc224769100001415f11"
"587ea1f28983be62fe3a6f1e","633d5ba13b75420001f2b92d"
"588d18f88983be62fea4af9e","6343ced6bb1ab900016b62d2"
"588dd9848983be62fea95777","6343ced6bb1ab900016b62d2"
"588f2bd38983be62feb45692","633ecc224769100001415f11"
"588f2bd38983be62feb45692","6343ced6bb1ab900016b62d2"
"589d939c8983be62fe171a69","6343ce163337b70001a63d71"
"589d939c8983be62fe171a69","6343ced6bb1ab900016b62d2"
"589def7a8983be62fe1a4b31","63406c0b14ee2c0001eee375"
"58a815af8983be62fe6511e5","633d5ba13b75420001f2b92d"
"58a815af8983be62fe6511e5","63406c0b14ee2c0001eee375"
"58aa13678983be62fe7c607d","6343ced6bb1ab900016b62d2"
"58b167e58983be62fead97e7","633d5ba13b75420001f2b92d"
"58b2f7058983be62febb2b5d","6343ced6bb1ab900016b62d2"
"58b98d3e8983be62fee54fe9","633e9c975b31c30001896bb3"
"58bde58a8983be62fe0782c8","6343d7bd3337b70001a63f92"
"58bef9978983be62fe0f7b18","633ecc224769100001415f11"
"58bef9978983be62fe0f7b18","6343ced6bb1ab900016b62d2"
"58c801c38983be62fe4f5222","633d5ba13b75420001f2b92d"
"58cb31058983be62fe5ff1c4","633e9c975b31c30001896bb3"
"58cb31058983be62fe5ff1c4","6343ced6bb1ab900016b62d2"
"58d0a0728983be62fe7d1321","633e9c975b31c30001896bb3"
"58d1046e8983be62fe7d63f3","6343d08dbb1ab900016b631e"
"58d1046e8983be62fe7d63f3","6343d2743d4e620001f17e42"
"58d7abfd8983be62fea768f7","6343d08dbb1ab900016b631e"
"58d7abfd8983be62fea768f7","6343d2743d4e620001f17e42"
"58d8dbba8983be62feb1ae47","6343ce163337b70001a63d71"
"58d9039c8983be62feb1b328","6343ce163337b70001a63d71"
"58d95cb28983be62feb24a0a","633ecc224769100001415f11"
"58dc33bb8983be62feb55217","6343d7bd3337b70001a63f92"
"58e0e2478983be62fec46936","6343d7bd3337b70001a63f92"
"5ca24e7c0e0d4e26abdfadec","633d5ba13b75420001f2b92d"
"5ca24e7c0e0d4e26abdfadec","633e9c975b31c30001896bb3"
"5ca8e3b4a7934d3eb600f529","63406c0b14ee2c0001eee375"
"5cae21e4e204513d117bab9c","6343d08dbb1ab900016b631e"
"5cae21e4e204513d117bab9c","6343d2743d4e620001f17e42"
"5cb0b4d2e204515393e5aeaf","633ecc224769100001415f11"
"5cb0d8730e0d4e5b671fd86e","633e9c975b31c30001896bb3"
"5cbe490e0e0d4e16e7866f43","6343d08dbb1ab900016b631e"
"5cbe490e0e0d4e16e7866f43","6343d2743d4e620001f17e42"
"5cc0bb9a0e0d4e4a8be1dc22","633e9c975b31c30001896bb3"
"5cc0bb9a0e0d4e4a8be1dc22","6343d7bd3337b70001a63f92"
"5cc8ac05a7934d7785a7c2a1","633d5ba13b75420001f2b92d"
"5cc98a5e0e0d4e4a8be4acc7","63406c0b14ee2c0001eee375"
"5cd19fd0e204517e9f83523a","633ecc224769100001415f11"
"5cd2ee1fa7934d279a9746cd","633e9c975b31c30001896bb3"
"5cd33f530e0d4e49d56cfb98","633e9c975b31c30001896bb3"
"5cd67c8d0e0d4e113892c068","633ecc224769100001415f11"
"5cd6a12c0e0d4e113892ccab","633e9c975b31c30001896bb3"
"5cd94821a7934d6a1f878a22","6343ced6bb1ab900016b62d2"
"5ce576eca7934d0e2acc3361","6343d08dbb1ab900016b631e"
"5ce576eca7934d0e2acc3361","6343d2743d4e620001f17e42"
"5ce7fbb20e0d4e379c3a579c","633d5ba13b75420001f2b92d"
"5cec0a57a7934d18c6f407ab","6343ced6bb1ab900016b62d2"
"5cf818b1e204514bc86ba405","633dce9fbb1ab90001694ae9"
"5cfa78eba7934d3ac190258b","6343d4783d4e620001f17eaf"
"5cfa78eba7934d3ac190258b","6343d6fabb1ab900016b649a"
"5cfaee9a0e0d4e4630c7515d","6343d08dbb1ab900016b631e"
"5cfaee9a0e0d4e4630c7515d","6343d2743d4e620001f17e42"
"5d02a80aa7934d3dd37dd775","63406c0b14ee2c0001eee375"
"5d08ad6aa7934d3dd38072dc","633ed6ceb9c7460001a85d76"
"5d1134dd0e0d4e528d90c069","6343ce163337b70001a63d71"
"5d1478ada7934d1677fd12f3","63406c0b14ee2c0001eee375"
"5d1478ada7934d1677fd12f3","6343ce163337b70001a63d71"
"5d152a2da7934d1677ff16da","6343d08dbb1ab900016b631e"
"5d152a2da7934d1677ff16da","6343d2743d4e620001f17e42"
"5d1bc50f0e0d4e4c5ba6bf72","6343ced6bb1ab900016b62d2"
"5d1ce5ef0e0d4e4c5ba7eea3","6343d08dbb1ab900016b631e"
"5d1ce5ef0e0d4e4c5ba7eea3","6343d2743d4e620001f17e42"
"5d2cb4670e0d4e4a284e3132","633dce9fbb1ab90001694ae9"
"5d2e44f5e2045102a32726c0","6343ced6bb1ab900016b62d2"
"5d2eb4f0e2045102a3272ed6","633dce9fbb1ab90001694ae9"
"5d3073100e0d4e121e42c255","633d5ba13b75420001f2b92d"
"5d30f00fa7934d5b2ec39fb7","633e9c975b31c30001896bb3"
"5d30f00fa7934d5b2ec39fb7","6343ced6bb1ab900016b62d2"
"5d35a238e20451686105ee57","6343ced6bb1ab900016b62d2"
"5d38790ba7934d5b2ec5d8f2","63406c0b14ee2c0001eee375"
"5d4316d5a7934d12917c727e","633d5ba13b75420001f2b92d"
"5d442be2e20451225e12a5f1","63406c0b14ee2c0001eee375"
"5d4c0509e204513817b50ab0","633e9c975b31c30001896bb3"
"5d6965d8e20451227cb77f03","633dbb6e6fc5eb000199fb27"
"5d6d94c70e0d4e604c2c56f8","633dce9fbb1ab90001694ae9"
"5d6e5cbaa7934d5bec2319de","63406c0b14ee2c0001eee375"
"5d722113a7934d1351dae199","63406c0b14ee2c0001eee375"
"5d73b261a7934d2e5a40e57c","6342ded23d4e620001f14329"
"5d74bc21a7934d2e5a411f5e","6343d08dbb1ab900016b631e"
"5d74bc21a7934d2e5a411f5e","6343d2743d4e620001f17e42"
"5d768303e204515657cd7cc6","6343ced6bb1ab900016b62d2"
"5d7787b6a7934d2e5a41a973","6343d08dbb1ab900016b631e"
"5d7787b6a7934d2e5a41a973","6343d2743d4e620001f17e42"
"5d797e900e0d4e6c8b7b4541","6343ced6bb1ab900016b62d2"
"5d797e900e0d4e6c8b7b4541","6343d08dbb1ab900016b631e"
"5d797e900e0d4e6c8b7b4541","6343d2743d4e620001f17e42"
"5d7a0c1aa7934d18ba167568","633d5ba13b75420001f2b92d"
"5d7a0ff80e0d4e6c8b7b9501","633d5ba13b75420001f2b92d"
"5d7a0ff80e0d4e6c8b7b9501","633e9c975b31c30001896bb3"
"5d7a134ae204514061cacb8b","633d5ba13b75420001f2b92d"
"5d7b5f7aa7934d18ba19006d","633e9c975b31c30001896bb3"
"5d7cf804e2045160cab8f22f","633d5ba13b75420001f2b92d"
"5d7fb40e0e0d4e0d6b2ce74f","6343ced6bb1ab900016b62d2"
"5d80ff03e20451539e82850b","633dbb6e6fc5eb000199fb27"
"5d81f334e20451539e82d5b9","633e9c975b31c30001896bb3"
"5d81f334e20451539e82d5b9","6343ce163337b70001a63d71"
"5d88a47ba7934d2e527f27f1","6343ced6bb1ab900016b62d2"
"5d88a47ba7934d2e527f27f1","6343d08dbb1ab900016b631e"
"5d88a47ba7934d2e527f27f1","6343d2743d4e620001f17e42"
"5d8cc894a7934d4b596b7e38","633705649797500001eb4162"
"5d8d8e49a7934d4b596bc861","633dce9fbb1ab90001694ae9"
"5d8fa7f30e0d4e3999c7478a","63406c0b14ee2c0001eee375"
"5d8fcab3a7934d3829c78aa7","63406c0b14ee2c0001eee375"
"5d91a771a7934d3829c7e26b","63406c0b14ee2c0001eee375"
"5d93aa54a7934d6ee77ba812","62c86525c7a4cb0001d4464f"
"5d9511b5e204511f4324e53e","633705649797500001eb4162"
"5d96150a0e0d4e1a4628dcff","6343ced6bb1ab900016b62d2"
"5d974a3aa7934d7beefaa6cc","6343ced6bb1ab900016b62d2"
"5d987243e204511f4328510a","63406c0b14ee2c0001eee375"
"5d9a1be2e204511f4328af8a","633e9c975b31c30001896bb3"
"5d9b9c21e204514957c6411b","63432cf33d4e620001f1602f"
"5d9e18f50e0d4e09941d617e","6343ced6bb1ab900016b62d2"
"5d9f62b9e2045122edb5dc53","633d5ba13b75420001f2b92d"
"5da37f2f0e0d4e333c99edb9","633d5ba13b75420001f2b92d"
"5da37f2f0e0d4e333c99edb9","6343d08dbb1ab900016b631e"
"5da37f2f0e0d4e333c99edb9","6343d2743d4e620001f17e42"
"5da6bf4c0e0d4e3b944673e6","633d5ba13b75420001f2b92d"
"5da71622e20451109a9b0f4b","633e9c975b31c30001896bb3"
"5da74099a7934d0b926123be","633e9c975b31c30001896bb3"
"5daf110939210044da8bed86","6343ced6bb1ab900016b62d2"
"5dc0d071d30dd04c7617d368","633dce9fbb1ab90001694ae9"
"5dc340b93921005d80799e1d","63432cf33d4e620001f1602f"
"5dc3ea6bdb50c72e9ea4895a","63406c0b14ee2c0001eee375"
"5dc41797d30dd04c761b6848","6343ced6bb1ab900016b62d2"
"5dc41e79db50c72e9ea72bd0","6343ced6bb1ab900016b62d2"
"5dc639ea3921005d807d5688","633dce9fbb1ab90001694ae9"
"5dc7c6f9d30dd04c761cc15b","6343ced6bb1ab900016b62d2"
"5dcb3a3fd30dd07e16928bac","633e9c975b31c30001896bb3"
"5dcd25e83921000e53a3971a","6343ced6bb1ab900016b62d2"
"5dd59458d30dd0599b34cf26","633d5ba13b75420001f2b92d"
"5ddc049ddb50c7216fc82a15","6343d08dbb1ab900016b631e"
"5ddc049ddb50c7216fc82a15","6343d2743d4e620001f17e42"
"5de419c63921007445d5786e","633e9c975b31c30001896bb3"
"5de79286d30dd072c0245453","6343ced6bb1ab900016b62d2"
"5df361923921004854dd12af","633d5ba13b75420001f2b92d"
"5df7edbb39210016bfef347a","633d5ba13b75420001f2b92d"
"5dfd08fedb50c754bca39ff8","63406c0b14ee2c0001eee375"
"5e0953d33921004972a33892","63432cf33d4e620001f1602f"
"5e09e5eb3921004972a34821","63432cf33d4e620001f1602f"
"5e0a56c6db50c77d9e90cd88","6343ced6bb1ab900016b62d2"
"5e0e0d68d30dd0313569adea","633d5ba13b75420001f2b92d"
"5e0e5b593921004972a444e9","6343ced6bb1ab900016b62d2"
"5e10c2cbd30dd031356a200e","633e9c975b31c30001896bb3"
"5e11c1983921004972a4d158","6343d08dbb1ab900016b631e"
"5e11c1983921004972a4d158","6343d2743d4e620001f17e42"
"5e1797bd3921004972a635b7","63406c0b14ee2c0001eee375"
"5e1b2b8ca7934d1e35b57195","6343ced6bb1ab900016b62d2"
"5e1f4d53a7934d22289918f8","6343d08dbb1ab900016b631e"
"5e1f4d53a7934d22289918f8","6343d2743d4e620001f17e42"
"5e21e7f739210038dfda8624","63406c0b14ee2c0001eee375"
"5e21e7f739210038dfda8624","6343ced6bb1ab900016b62d2"
"5e21f073392100546220de16","633ecc224769100001415f11"
"5e21f073392100546220de16","6343ced6bb1ab900016b62d2"
"5e24c6cea7934d5d8596ce08","633e9c975b31c30001896bb3"
"5e25e0e0a7934d5d85974413","633d5ba13b75420001f2b92d"
"599deedc8983be04bc3ea759","6343d08dbb1ab900016b631e"
"599deedc8983be04bc3ea759","6343d2743d4e620001f17e42"
"59a689098983be04bc63ab0c","6343d08dbb1ab900016b631e"
"59a689098983be04bc63ab0c","6343d2743d4e620001f17e42"
"59abc7a9a7934d0435d6985d","633e9c975b31c30001896bb3"
"59ad1a2f0e0d4e71d85e4df4","633e9c975b31c30001896bb3"
"59ad1a2f0e0d4e71d85e4df4","6343ced6bb1ab900016b62d2"
"59b54e2aa7934d0435da9122","633e9c975b31c30001896bb3"
"59c091e1e2045170e4748f7c","6343ce163337b70001a63d71"
"59c5cbcf0e0d4e5635566d0e","6343d08dbb1ab900016b631e"
"59c5cbcf0e0d4e5635566d0e","6343d2743d4e620001f17e42"
"59c92b93a7934d57e3397de5","633e9c975b31c30001896bb3"
"59c92b93a7934d57e3397de5","6343ced6bb1ab900016b62d2"
"59cff2b7e20451673bcdf43d","6343ced6bb1ab900016b62d2"
"59d268b9e20451673bcee1a1","633d5ba13b75420001f2b92d"
"59d268b9e20451673bcee1a1","6343d08dbb1ab900016b631e"
"59d268b9e20451673bcee1a1","6343d2743d4e620001f17e42"
"59d61fe4e20451673bd0cbc6","633e9c975b31c30001896bb3"
"59d62504a7934d3fcc11a6b2","6343ced6bb1ab900016b62d2"
"59d6a7c7a7934d4793d09119","633e9c975b31c30001896bb3"
"59d6a7c7a7934d4793d09119","6343ced6bb1ab900016b62d2"
"59d6a7c7a7934d4793d09119","6343d7bd3337b70001a63f92"
"59dd4a34e204510c8032639b","633e9c975b31c30001896bb3"
"59de2a05a7934d5182f7daf0","6343d08dbb1ab900016b631e"
"59de2a05a7934d5182f7daf0","6343d2743d4e620001f17e42"
"59df56f1a7934d5182f886a4","633d5ba13b75420001f2b92d"
"59df56f1a7934d5182f886a4","6343ce163337b70001a63d71"
"59dfb3c4e204510c8033c5ce","6343ced6bb1ab900016b62d2"
"59e0ce950e0d4e450bcd62db","633d5ba13b75420001f2b92d"
"59e0f6bda7934d5182f9a9d2","63406c0b14ee2c0001eee375"
"59e1e2930e0d4e450bce08ad","6343ced6bb1ab900016b62d2"
"59e332c3a7934d5182fa965e","6343d4783d4e620001f17eaf"
"59e332c3a7934d5182fa965e","6343d6fabb1ab900016b649a"
"59e53d65e204510618b70d29","6343ced6bb1ab900016b62d2"
"59e62e810e0d4e744a9ede5c","63406c0b14ee2c0001eee375"
"59ece2f20e0d4e26b50e6af1","633d5ba13b75420001f2b92d"
"59ef5a7ee204515859b557e7","6343ced6bb1ab900016b62d2"
"59ef5a7ee204515859b557e7","6343d08dbb1ab900016b631e"
"59ef5a7ee204515859b557e7","6343d2743d4e620001f17e42"
"59f2f83ae204512169618e3e","633d5ba13b75420001f2b92d"
"59f2f83ae204512169618e3e","6343d08dbb1ab900016b631e"
"59f2f83ae204512169618e3e","6343d2743d4e620001f17e42"
"59f323050e0d4e587eae426b","633d5ba13b75420001f2b92d"
"59f479d3e2045155107d6e10","6343ced6bb1ab900016b62d2"
"59f47dc00e0d4e587eaee87d","6343d08dbb1ab900016b631e"
"59f47dc00e0d4e587eaee87d","6343d2743d4e620001f17e42"
"59fbdf3c0e0d4e261e1f44d3","633d5ba13b75420001f2b92d"
"59fbdf3c0e0d4e261e1f44d3","6343ce163337b70001a63d71"
"5a0274400e0d4e66d9648ffe","633e9c975b31c30001896bb3"
"5a032153e2045171624a80b4","633d5ba13b75420001f2b92d"
"5a0424ff0e0d4e265507ff77","633d5ba13b75420001f2b92d"
"5a057fb1a7934d27a57c1fef","633d5ba13b75420001f2b92d"
"5a072b5b0e0d4e6e79e5123f","6343ced6bb1ab900016b62d2"
"5a09b0520e0d4e2e084eabe3","6342ded23d4e620001f14329"
"5a0ab0d9a7934d5222c7577d","6343ce163337b70001a63d71"
"5a0af945e2045172bf8bcc51","63406c0b14ee2c0001eee375"
"5a0af945e2045172bf8bcc51","6343ced6bb1ab900016b62d2"
"5a0af945e2045172bf8bcc51","6343d08dbb1ab900016b631e"
"5a0af945e2045172bf8bcc51","6343d2743d4e620001f17e42"
"5a0b550ba7934d5222c7eebe","6343ced6bb1ab900016b62d2"
"5a0ca0f00e0d4e478d90f992","6343d08dbb1ab900016b631e"
"5a0ca0f00e0d4e478d90f992","6343d2743d4e620001f17e42"
"5a1052620e0d4e3e3a8f9cc4","633d5ba13b75420001f2b92d"
"5a108f880e0d4e3e3a8fc827","6343d08dbb1ab900016b631e"
"5a108f880e0d4e3e3a8fc827","6343d2743d4e620001f17e42"
"5a115fb1a7934d3b161efc51","633d5ba13b75420001f2b92d"
"5a14bcbb0e0d4e7ca0910aa5","633d5ba13b75420001f2b92d"
"5a15ad2c0e0d4e59140ef8e0","6343ced6bb1ab900016b62d2"
"5a15ad2c0e0d4e59140ef8e0","6343d08dbb1ab900016b631e"
"5a15ad2c0e0d4e59140ef8e0","6343d2743d4e620001f17e42"
"5a1698eee2045113678e0295","6342ded23d4e620001f14329"
"5a1698eee2045113678e0295","6343c5df3d4e620001f17c31"
"5a1d92250e0d4e1ed46f7354","633ecc224769100001415f11"
"5a25b4e90e0d4e13958f987e","633e9c975b31c30001896bb3"
"5a2fc03be204513a8111b294","6343ced6bb1ab900016b62d2"
"5a326192e2045140695acb38","633ecc224769100001415f11"
"5a5607dca7934d53d48ce133","633ecc224769100001415f11"
"5a5607dca7934d53d48ce133","6343ced6bb1ab900016b62d2"
"5a61d1eae204516578815ac3","633e9c975b31c30001896bb3"
"5a64cc150e0d4e2d37a9b2fb","633d5ba13b75420001f2b92d"
"5a64cc150e0d4e2d37a9b2fb","633e9c975b31c30001896bb3"
"5a64cc150e0d4e2d37a9b2fb","63406c0b14ee2c0001eee375"
"5a666af0a7934d32290122f7","633d5ba13b75420001f2b92d"
"5a6e2291e204513a11476dba","6343ced6bb1ab900016b62d2"
"5a6f3bd2e204513a1147ee2e","633d5ba13b75420001f2b92d"
"5a6f3bd2e204513a1147ee2e","6343ce163337b70001a63d71"
"5a771fbaa7934d455f0c0bd8","63406c0b14ee2c0001eee375"
"5a771fbaa7934d455f0c0bd8","6343d08dbb1ab900016b631e"
"5a771fbaa7934d455f0c0bd8","6343d2743d4e620001f17e42"
"5a7addac0e0d4e718ba5f11d","6343d08dbb1ab900016b631e"
"5a7addac0e0d4e718ba5f11d","6343d2743d4e620001f17e42"
"5a7f56fda7934d179d843b58","6343ced6bb1ab900016b62d2"
"5a846e28a7934d4b19a94c54","6343ced6bb1ab900016b62d2"
"5a85df6b0e0d4e42aa387cfa","633daef2bb1ab9000169396c"
"5a85df6b0e0d4e42aa387cfa","6343ced6bb1ab900016b62d2"
"5a899b82e204514d349eb02f","6343ced6bb1ab900016b62d2"
"5a8ae035e204514d349ed06d","6343d08dbb1ab900016b631e"
"5a8ae035e204514d349ed06d","6343d2743d4e620001f17e42"
"5a9935280e0d4e78f0855241","633e9b8f5b31c30001896b54"
"5a9dd7ee0e0d4e3ce75ca975","633e9c975b31c30001896bb3"
"5a9e82960e0d4e3d6544899a","63406c0b14ee2c0001eee375"
"5aad60f5a7934d0299ce3da1","63406c0b14ee2c0001eee375"
"5ab366ffe204512e94d4eb7d","633ecc224769100001415f11"
"5ab441b3a7934d4ef7e1ca61","633d5ba13b75420001f2b92d"
"5ab4bcfce204514c450e5e3d","63406c0b14ee2c0001eee375"
"5ab4bcfce204514c450e5e3d","6343ced6bb1ab900016b62d2"
"5ab51e00a7934d4ef7e1e364","6343d5d6bb1ab900016b645b"
"5ab6a1c3a7934d4ef7e20be6","63432cf33d4e620001f1602f"
"5abd1877e2045129d29f16a9","6343ced6bb1ab900016b62d2"
"5ade5bcda7934d0d74dce65e","633e9c975b31c30001896bb3"
"5ade5bcda7934d0d74dce65e","6343ced6bb1ab900016b62d2"
"5ae32cd6a7934d0d74dfe3e1","6343d08dbb1ab900016b631e"
"5ae32cd6a7934d0d74dfe3e1","6343d2743d4e620001f17e42"
"5ae37ef7a7934d0d74dff25d","6343ced6bb1ab900016b62d2"
"5ae8798a0e0d4e18504b1d15","633e9c975b31c30001896bb3"
"5af21272e204511f1380d837","6343ced6bb1ab900016b62d2"
"5af45a74a7934d0f8f01727d","63406c0b14ee2c0001eee375"
"5b018239e2045175b3474e38","633d5ba13b75420001f2b92d"
"5b042c810e0d4e64567e3fc4","633d5ba13b75420001f2b92d"
"5b0e5f69e20451143ffdbbff","6343ce163337b70001a63d71"
"5b0e5f69e20451143ffdbbff","6343ced6bb1ab900016b62d2"
"5b112fad0e0d4e6d5ae51af9","633d5ba13b75420001f2b92d"
"5b3cb3d8a7934d3408cdf9f7","6343ced6bb1ab900016b62d2"
"5b49bc6be204514d5cb1f6f4","6343d7bd3337b70001a63f92"
"5b5099540e0d4e191149003f","633d5ba13b75420001f2b92d"
"5b50c06c0e0d4e1911494a49","63406c0b14ee2c0001eee375"
"5b50c06c0e0d4e1911494a49","6343ced6bb1ab900016b62d2"
"5b51a563a7934d6ffe85cd35","6343ced6bb1ab900016b62d2"
"5b51a805a7934d6ffe85cf57","6343ced6bb1ab900016b62d2"
"5b59b46f0e0d4e6af11a27ac","633ecc224769100001415f11"
"5b59b46f0e0d4e6af11a27ac","6343ced6bb1ab900016b62d2"
"5722736c63051f3caa15e2d2","6343d08dbb1ab900016b631e"
"5722736c63051f3caa15e2d2","6343d2743d4e620001f17e42"
"5723356a2005894b043db7dd","6342ded23d4e620001f14329"
"573063532325b44a92821a4b","633ecc224769100001415f11"
"57403263200589648e05443d","633d5ba13b75420001f2b92d"
"5745db2c2325b40ccb5e3d33","6343d08dbb1ab900016b631e"
"5745db2c2325b40ccb5e3d33","6343d2743d4e620001f17e42"
"574f711420058937c7e5e500","633d5ba13b75420001f2b92d"
"57572ef12325b4240507b6c7","63406c0b14ee2c0001eee375"
"57586d0d2325b4240508068c","6343d08dbb1ab900016b631e"
"57586d0d2325b4240508068c","6343d2743d4e620001f17e42"
"57586de963051f6405d406ee","6343ced6bb1ab900016b62d2"
"57591be663051f6405d419d9","6343cafe3337b70001a63cf9"
"576d9e9220058923dd228513","63406c0b14ee2c0001eee375"
"57738b9b200589080a5a12f3","63406c0b14ee2c0001eee375"
"577aa9442325b4545363c1be","6343ced6bb1ab900016b62d2"
"5790043963051f47151b5c33","6343d7bd3337b70001a63f92"
"5792134a63051f47151bd2c5","633e9c975b31c30001896bb3"
"579f9b012005896663c321f1","6343ced6bb1ab900016b62d2"
"57a26d882005896663c3cc90","6343d08dbb1ab900016b631e"
"57a26d882005896663c3cc90","6343d2743d4e620001f17e42"
"57a30f4e2005896663c3db79","6343d08dbb1ab900016b631e"
"57a30f4e2005896663c3db79","6343d2743d4e620001f17e42"
"57a31fed2325b419add39614","633d5ba13b75420001f2b92d"
"57a31fed2325b419add39614","633e9c975b31c30001896bb3"
"57aae9ad2005896663c50fb1","633d5ba13b75420001f2b92d"
"57b8bccd2325b419add77eca","6343d08dbb1ab900016b631e"
"57b8bccd2325b419add77eca","6343d2743d4e620001f17e42"
"57bf2b94200589511fecdb39","6343ced6bb1ab900016b62d2"
"57bf51fc2325b461b72c5621","633d5ba13b75420001f2b92d"
"57c16c4663051f446b9e525e","6343ced6bb1ab900016b62d2"
"57c4a58663051f446b9f108f","6343d08dbb1ab900016b631e"
"57c4a58663051f446b9f108f","6343d2743d4e620001f17e42"
"57c62379200589511feea8fe","633e9c975b31c30001896bb3"
"57c62379200589511feea8fe","6343ced6bb1ab900016b62d2"
"57c85d0c200589511fef5688","633d5ba13b75420001f2b92d"
"57c85d0c200589511fef5688","6343ced6bb1ab900016b62d2"
"57c8a9fc63051f5a5b71b164","633e9c975b31c30001896bb3"
"57c934a563051f5a5b71d81a","6343ced6bb1ab900016b62d2"
"57c9b26563051f5a5b722f6e","6343ced6bb1ab900016b62d2"
"57c9b26563051f5a5b722f6e","6343d08dbb1ab900016b631e"
"57c9b26563051f5a5b722f6e","6343d2743d4e620001f17e42"
"57cc367a2005895c20b28388","63406c0b14ee2c0001eee375"
"57ced8022005895c20b31f69","633d5ba13b75420001f2b92d"
"57d288952325b432b15aea9f","6343ce163337b70001a63d71"
"57d288952325b432b15aea9f","6343d7bd3337b70001a63f92"
"57d2b4a82005895c20b46b1b","6343d08dbb1ab900016b631e"
"57d2b4a82005895c20b46b1b","6343d2743d4e620001f17e42"
"57db030963051f3b74b1afdb","6343d08dbb1ab900016b631e"
"57db030963051f3b74b1afdb","6343d2743d4e620001f17e42"
"57ea62562325b413cc9c021e","633e9c975b31c30001896bb3"
"57ec0dea63051f51589f3787","633e9c975b31c30001896bb3"
"57ee47522325b413cc9d87bd","633e9b8f5b31c30001896b54"
"57ee47522325b413cc9d87bd","6343c9963d4e620001f17caf"
"57ee82d22325b413cc9daf49","633e9c975b31c30001896bb3"
"57ef12e763051f5158a061fb","6343ced6bb1ab900016b62d2"
"57fe0289200589436adcf84b","6343ce163337b70001a63d71"
"57fe896c200589436add36dd","6343ced6bb1ab900016b62d2"
"58028ab363051f2bdec8ead0","6343d08dbb1ab900016b631e"
"58028ab363051f2bdec8ead0","6343d2743d4e620001f17e42"
"5808f1d763051f2bdeca9672","633d5ba13b75420001f2b92d"
"580a382b63051f2bdecaf77f","6343d08dbb1ab900016b631e"
"580a382b63051f2bdecaf77f","6343d2743d4e620001f17e42"
"58106d952325b4371546856f","633d5ba13b75420001f2b92d"
"5814d5ea2325b44b00314fb0","6343d08dbb1ab900016b631e"
"5814d5ea2325b44b00314fb0","6343d2743d4e620001f17e42"
"5818c1872005895036eb8b69","6343d08dbb1ab900016b631e"
"5818c1872005895036eb8b69","6343d2743d4e620001f17e42"
"5818e10b63051f214d3b5845","6343d08dbb1ab900016b631e"
"5818e10b63051f214d3b5845","6343d2743d4e620001f17e42"
"58190cd32325b41598e99caa","6343d08dbb1ab900016b631e"
"58190cd32325b41598e99caa","6343d2743d4e620001f17e42"
"581e0e172325b41598eb170b","633e9c975b31c30001896bb3"
"581e0e172325b41598eb170b","6343ced6bb1ab900016b62d2"
"582235bf63051f214d3df18c","6343ced6bb1ab900016b62d2"
"582241dd2325b467f1f44f35","6343ced6bb1ab900016b62d2"
"5829c76d8983be22ea940cf8","6343ced6bb1ab900016b62d2"
"582aef0e8983be22ea992bab","6343ced6bb1ab900016b62d2"
"582b3a6b8983be22ea9c7659","6343d08dbb1ab900016b631e"
"582b3a6b8983be22ea9c7659","6343d2743d4e620001f17e42"
"582c71df8983be22eaa3f217","633d5ba13b75420001f2b92d"
"582f58868983be62fe8b17b4","633d5ba13b75420001f2b92d"
"582f58868983be62fe8b17b4","6343ce163337b70001a63d71"
"5831c5fd8983be62fe98e51d","6343ce163337b70001a63d71"
"5831c5fd8983be62fe98e51d","6343d08dbb1ab900016b631e"
"5831c5fd8983be62fe98e51d","6343d2743d4e620001f17e42"
"58327f4c8983be62fe9ce7a9","633d5ba13b75420001f2b92d"
"58348e6a8983be62fea8cc89","633d5ba13b75420001f2b92d"
"583823f38983be62feb8310f","6343ced6bb1ab900016b62d2"
"583fe8cb2005894f9c4f93e3","633ecc224769100001415f11"
"58556d178983be62fe704c9b","633e9c975b31c30001896bb3"
"58556d178983be62fe704c9b","6343ced6bb1ab900016b62d2"
"585ed8a38983be62fe91aa9f","633daef2bb1ab9000169396c"
"586cf5fb8983be62fec7bf4e","6343d08dbb1ab900016b631e"
"586cf5fb8983be62fec7bf4e","6343d2743d4e620001f17e42"
"586fe3488983be62fed981dc","633d5ba13b75420001f2b92d"
"5873fd828983be62fef94cb8","633ecc224769100001415f11"
"58766db28983be62fe05ce51","6343ced6bb1ab900016b62d2"
"587f5f328983be62fe3e13b2","633e9c975b31c30001896bb3"
"587f5f328983be62fe3e13b2","6343ced6bb1ab900016b62d2"
"588240218983be62fe4fcd0f","63406c0b14ee2c0001eee375"
"588635c38983be62fe701684","633d5ba13b75420001f2b92d"
"5889cce88983be62fe8632d2","6343ced6bb1ab900016b62d2"
"589cae3e8983be62fe133d97","6343ced6bb1ab900016b62d2"
"589f21cd8983be62fe1f6053","633ecc224769100001415f11"
"58a44ecc8983be62fe46088b","63406c0b14ee2c0001eee375"
"58a4c5528983be62fe4e9afe","63406c0b14ee2c0001eee375"
"58af41e58983be62fe99e905","6343ced6bb1ab900016b62d2"
"58b49d078983be62fecb059a","6343ced6bb1ab900016b62d2"
"58b6b0f18983be62fed0a8af","63406c0b14ee2c0001eee375"
"58bd70be8983be62fe035b6b","6343ced6bb1ab900016b62d2"
"58be6a9f8983be62fe0784f6","63406c0b14ee2c0001eee375"
"58bea8558983be62fe0ca16d","633e9c975b31c30001896bb3"
"58bea8558983be62fe0ca16d","6343ced6bb1ab900016b62d2"
"58c2b8218983be62fe20c9cb","633e9c975b31c30001896bb3"
"58cd75048983be62fe757842","633ecc224769100001415f11"
"58cd75048983be62fe757842","6343ced6bb1ab900016b62d2"
"58d28fdb8983be62fe8381c5","6343ced6bb1ab900016b62d2"
"58d28fdb8983be62fe8381c5","6343d08dbb1ab900016b631e"
"58d28fdb8983be62fe8381c5","6343d2743d4e620001f17e42"
"58ddec6d8983be62feb9b062","6343cc7e3d4e620001f17d17"
"58e101d58983be62fec46b71","6343ced6bb1ab900016b62d2"
"58e619d18983be62fed2f05b","61e819f77090ca0001a0b177"
"58e619d18983be62fed2f05b","6343d08dbb1ab900016b631e"
"58e619d18983be62fed2f05b","6343d2743d4e620001f17e42"
"58ea2f2c8983be62fee4c972","633ecc224769100001415f11"
"58efd0648983be62fef7c70f","6343d08dbb1ab900016b631e"
"58efd0648983be62fef7c70f","6343d2743d4e620001f17e42"
"58f395e68983be62fe029b61","633e9c975b31c30001896bb3"
"590d4f028983be07b3fa3ac7","6343ced6bb1ab900016b62d2"
"59137b218983be07b31248d7","633e9c975b31c30001896bb3"
"58e519158983be62fed2c4cc","633d5ba13b75420001f2b92d"
"58eb53138983be62fee877e4","633ecc224769100001415f11"
"58eb53138983be62fee877e4","6343ce163337b70001a63d71"
"58fc95c58983be62fe2e6fac","633d5ba13b75420001f2b92d"
"590b8c118983be07b3f441e2","6343c5df3d4e620001f17c31"
"591327348983be07b30f4aac","633d5ba13b75420001f2b92d"
"591327348983be07b30f4aac","6343ce163337b70001a63d71"
"591448be8983be07b3132dac","6343d08dbb1ab900016b631e"
"591448be8983be07b3132dac","6343d2743d4e620001f17e42"
"5918cd168983be07b323d9f6","6343ced6bb1ab900016b62d2"
"591ae7a38983be07b3270155","63406c0b14ee2c0001eee375"
"592225df8983be07b35a1003","6343ced6bb1ab900016b62d2"
"5923570c8983be07b3648cd8","6343ced6bb1ab900016b62d2"
"5925eff98983be07b36ba53d","6343ced6bb1ab900016b62d2"
"592930a98983be07b378f945","6343ced6bb1ab900016b62d2"
"592b5fe18983be07b37a5409","6343ced6bb1ab900016b62d2"
"592c005c8983be07b37a8532","633e9c975b31c30001896bb3"
"592d649d8983be07b37b4e6a","6343d08dbb1ab900016b631e"
"592d649d8983be07b37b4e6a","6343d2743d4e620001f17e42"
"59340a5d8983be07b3ada7c0","6343d7bd3337b70001a63f92"
"59369e358983be04c47ff5dd","6343c9963d4e620001f17caf"
"5937de9e8983be04c485c173","633e9c975b31c30001896bb3"
"5937de9e8983be04c485c173","6343ced6bb1ab900016b62d2"
"5937e0208983be04c485c214","63406c0b14ee2c0001eee375"
"59380e9d8983be04c4862a1b","6343ced6bb1ab900016b62d2"
"5938539f8983be04c48adabe","633d5ba13b75420001f2b92d"
"593880a38983be04c48af0ab","633e9c975b31c30001896bb3"
"5939624f8983be04c48c6062","63406c0b14ee2c0001eee375"
"593fbda28983be04c4ae3983","6343d08dbb1ab900016b631e"
"593fbda28983be04c4ae3983","6343d2743d4e620001f17e42"
"59415f708983be27fdd01630","633d5ba13b75420001f2b92d"
"59415f708983be27fdd01630","6343d08dbb1ab900016b631e"
"59415f708983be27fdd01630","6343d2743d4e620001f17e42"
"594a85338983be27fdfd1353","6343ced6bb1ab900016b62d2"
"594ab0258983be27fdfe2b5d","633ecc224769100001415f11"
"594eb6e18983be27fd07805c","633e9c975b31c30001896bb3"
"595bee978983be04bc3ec72c","63406c0b14ee2c0001eee375"
"5961364e8983be04bc4ec92c","63406c0b14ee2c0001eee375"
"5961364e8983be04bc4ec92c","6343d8d03d4e620001f17fbd"
"596355cf8983be04bc5544d1","63406c0b14ee2c0001eee375"
"59639f058983be04bc555d90","6343ced6bb1ab900016b62d2"
"596cd7fe8983be04bc735ee9","633d5ba13b75420001f2b92d"
"5976018a8983be04bca5c57c","63406c0b14ee2c0001eee375"
"59809c5a8983be04bcc96d96","6343ced6bb1ab900016b62d2"
"5991c5e08983be04bc0c86c7","633d5ba13b75420001f2b92d"
"599ae0698983be04bc2fd4c1","63406c0b14ee2c0001eee375"
"59a00ed28983be04bc4644b1","6343d08dbb1ab900016b631e"
"59a00ed28983be04bc4644b1","6343d2743d4e620001f17e42"
"59a33efb8983be04bc5add9a","6342ded23d4e620001f14329"
"59a4a2138983be04bc612791","633d5ba13b75420001f2b92d"
"59a88796e204516892ae953e","6343d08dbb1ab900016b631e"
"59a88796e204516892ae953e","6343d2743d4e620001f17e42"
"59ab00b6e204516892af71f0","6343ce163337b70001a63d71"
"59ab00b6e204516892af71f0","6343d08dbb1ab900016b631e"
"59ab00b6e204516892af71f0","6343d2743d4e620001f17e42"
"59b085050e0d4e702f16b830","6343ce163337b70001a63d71"
"59b7fbe30e0d4e1d7147e8b0","6343c9963d4e620001f17caf"
"59bae6970e0d4e1d714922bd","6343ced6bb1ab900016b62d2"
"59d2c4a90e0d4e1c0ecbf11e","633d5ba13b75420001f2b92d"
"59db632ba7934d5182f67346","633d5ba13b75420001f2b92d"
"59e0eb97e204510c80347975","633e9c975b31c30001896bb3"
"59e4590d0e0d4e450bcef336","633d5ba13b75420001f2b92d"
"59e4590d0e0d4e450bcef336","6343ce163337b70001a63d71"
"59f47b190e0d4e587eaee765","6343d08dbb1ab900016b631e"
"59f47b190e0d4e587eaee765","6343d2743d4e620001f17e42"
"59f47b190e0d4e587eaee765","6343d7bd3337b70001a63f92"
"59f782ede2045155107edb9c","633e9c975b31c30001896bb3"
"59fb1e4b0e0d4e11bc1cbed3","63406c0b14ee2c0001eee375"
"59fb8461e20451561bbbaed1","63406c0b14ee2c0001eee375"
"5a004b70a7934d499cb18ffc","63406c0b14ee2c0001eee375"
"5a02bf09e2045171624a3047","6343d08dbb1ab900016b631e"
"5a02bf09e2045171624a3047","6343d2743d4e620001f17e42"
"5a10899be2045179007e3f97","6343d08dbb1ab900016b631e"
"5a10899be2045179007e3f97","6343d2743d4e620001f17e42"
"5a13f132a7934d215cbcb33d","6343ce163337b70001a63d71"
"5a13f132a7934d215cbcb33d","6343ced6bb1ab900016b62d2"
"5a15ff3ca7934d7b70aced74","633d5ba13b75420001f2b92d"
"5a2305200e0d4e13958e403f","633e9c975b31c30001896bb3"
"5a25d57ae204516a06c290df","633ecc224769100001415f11"
"5a312b86a7934d4cbf0f1353","6343ced6bb1ab900016b62d2"
"5a3907810e0d4e1ea110ddc1","633ecc224769100001415f11"
"5a48e02ee20451792927d8cf","633d5ba13b75420001f2b92d"
"5a4f0df1a7934d453a8a3405","63432cf33d4e620001f1602f"
"5a5053130e0d4e252550c815","63432cf33d4e620001f1602f"
"5a5352a00e0d4e252551bc9d","633d5ba13b75420001f2b92d"
"5a55152ba7934d7d9b9de04b","633d5ba13b75420001f2b92d"
"5a5a0bd4a7934d494600e1dd","63406c0b14ee2c0001eee375"
"5a5a0bd4a7934d494600e1dd","6343ced6bb1ab900016b62d2"
"5a5df261a7934d494602ae4a","633d5ba13b75420001f2b92d"
"5a5df261a7934d494602ae4a","6343ced6bb1ab900016b62d2"
"5a5fbb28e204515d91d18156","6343ced6bb1ab900016b62d2"
"5a65239da7934d32290094c3","633d5ba13b75420001f2b92d"
"5a68e6d8e204513a11443a3f","6342ded23d4e620001f14329"
"5a6b5c2f0e0d4e7a8b5f0f41","633ecc224769100001415f11"
"5a6d126ca7934d796c7133df","633d5ba13b75420001f2b92d"
"5a8589b2a7934d4b19a97840","6343d08dbb1ab900016b631e"
"5a8589b2a7934d4b19a97840","6343d2743d4e620001f17e42"
"5a8c1adca7934d783f5db9f5","633d5ba13b75420001f2b92d"
"5a90bc71a7934d2e40f478eb","633ecc224769100001415f11"
"5a90bc71a7934d2e40f478eb","6343ced6bb1ab900016b62d2"
"5a90bc71a7934d2e40f478eb","6343d7bd3337b70001a63f92"
"5a92fe640e0d4e4d7e2ccb98","63406c0b14ee2c0001eee375"
"5a933ed3e204510f757f8327","6343d08dbb1ab900016b631e"
"5a933ed3e204510f757f8327","6343d2743d4e620001f17e42"
"5a9d7fad0e0d4e3af1702c4c","63406c0b14ee2c0001eee375"
"5aa12d24e204516f1a441577","633e9c975b31c30001896bb3"
"5aa12d24e204516f1a441577","6343ced6bb1ab900016b62d2"
"5aabd2e30e0d4e1022673f51","6343ce163337b70001a63d71"
"5aabd2e30e0d4e1022673f51","6343ced6bb1ab900016b62d2"
"5ab11e64e20451223e3f3203","633d5ba13b75420001f2b92d"
"5abd160ca7934d2ec47be6dc","6343d08dbb1ab900016b631e"
"5abd160ca7934d2ec47be6dc","6343d2743d4e620001f17e42"
"5ac20ca4a7934d52ff3fbfc9","633d5ba13b75420001f2b92d"
"5ac4fca4e204517d1aa9cb46","63406c0b14ee2c0001eee375"
"5ac4fca4e204517d1aa9cb46","6343d7bd3337b70001a63f92"
"5acea027e2045150a6d37152","63432cf33d4e620001f1602f"
"5ad8dc8fe204510da4a4703b","6343d08dbb1ab900016b631e"
"5ad8dc8fe204510da4a4703b","6343d2743d4e620001f17e42"
"5ade1804a7934d0d74dcdcba","6343ce163337b70001a63d71"
"5ae4e58a0e0d4e18504a865c","633e9c975b31c30001896bb3"
"5ae77b01a7934d0d74e04ea4","633e9c975b31c30001896bb3"
"5ae78708a7934d0d74e05030","633d5ba13b75420001f2b92d"
"5ae78708a7934d0d74e05030","6343ced6bb1ab900016b62d2"
"5ae78708a7934d0d74e05030","6343d08dbb1ab900016b631e"
"5ae78708a7934d0d74e05030","6343d2743d4e620001f17e42"
"5ae87f75a7934d0d74e0998f","6343ced6bb1ab900016b62d2"
"5ae9efeba7934d0d74e142b5","6343d08dbb1ab900016b631e"
"5ae9efeba7934d0d74e142b5","6343d2743d4e620001f17e42"
"5af34eabe204511f13811159","6343ced6bb1ab900016b62d2"
"5af4717ca7934d51313e8376","63406c0b14ee2c0001eee375"
"5b0ea432e204512ca2ff8ddf","633ecc224769100001415f11"
"5918588c8983be07b323d191","6343ced6bb1ab900016b62d2"
"5919d7fc8983be07b324082d","6343ced6bb1ab900016b62d2"
"591dc8858983be07b33086fb","6343ced6bb1ab900016b62d2"
"5926b2df8983be07b36bf25f","633d5ba13b75420001f2b92d"
"5926e0778983be07b36c52e5","6343ced6bb1ab900016b62d2"
"59274b938983be07b36cabea","633e9c975b31c30001896bb3"
"592d3e868983be07b37b212f","633ecc224769100001415f11"
"592d3e868983be07b37b212f","6343ced6bb1ab900016b62d2"
"592e82838983be07b37f17be","633d5ba13b75420001f2b92d"
"592f1fb48983be07b38327d3","633d5ba13b75420001f2b92d"
"592ffe4b8983be07b3840cf3","633d5ba13b75420001f2b92d"
"59312c1c8983be07b38fe7ba","6343d08dbb1ab900016b631e"
"59312c1c8983be07b38fe7ba","6343d2743d4e620001f17e42"
"593808608983be04c486277e","633e9c975b31c30001896bb3"
"593eecd88983be04c4abbda0","6343ced6bb1ab900016b62d2"
"593eecd88983be04c4abbda0","6343d08dbb1ab900016b631e"
"593eecd88983be04c4abbda0","6343d2743d4e620001f17e42"
"5941804b8983be27fdd528dc","6343ced6bb1ab900016b62d2"
"595d5e848983be04bc41ab45","6343ced6bb1ab900016b62d2"
"5963660f8983be04bc554da9","6343ced6bb1ab900016b62d2"
"597f28298983be04bcc50cbd","6343d08dbb1ab900016b631e"
"597f28298983be04bcc50cbd","6343d2743d4e620001f17e42"
"5980e0d78983be04bccdf1df","6343ced6bb1ab900016b62d2"
"5980e0d78983be04bccdf1df","6343d08dbb1ab900016b631e"
"5980e0d78983be04bccdf1df","6343d2743d4e620001f17e42"
"598357ed8983be04bcd70f32","6343ced6bb1ab900016b62d2"
"598781aa8983be04bcec65e0","633e9c975b31c30001896bb3"
"598991728983be04bcf28e21","6343ced6bb1ab900016b62d2"
"59944b118983be04bc13372e","6343ced6bb1ab900016b62d2"
"599c67cb8983be04bc37f8f2","633e9c975b31c30001896bb3"
"59a15ba48983be04bc52187a","6343ced6bb1ab900016b62d2"
"59a2c7bc8983be04bc58a9d2","6343d08dbb1ab900016b631e"
"59a2c7bc8983be04bc58a9d2","6343d2743d4e620001f17e42"
"59a537358983be04bc613b40","633d5ba13b75420001f2b92d"
"59a572008983be04bc620af4","633d5ba13b75420001f2b92d"
"59a8223ae204516892ae6cc2","633d5ba13b75420001f2b92d"
"59b05998e204516892b1608a","633e9c975b31c30001896bb3"
"59b25d4ae204516892b20354","633e9c975b31c30001896bb3"
"59b25d4ae204516892b20354","63406c0b14ee2c0001eee375"
"59b2c135e204516892b23f10","633e9c975b31c30001896bb3"
"59b2c135e204516892b23f10","633ecc224769100001415f11"
"59b2f0f3e204516892b28d0e","6342fa5d3d4e620001f14ce6"
"59b2f0f3e204516892b28d0e","6343ce163337b70001a63d71"
"59b58e77e204516892b39311","633ecc224769100001415f11"
"59b6a1ace204516892b3fb05","6343ced6bb1ab900016b62d2"
"59bd18dd0e0d4e1d7149ea08","6343ced6bb1ab900016b62d2"
"59c14b840e0d4e1fa38b76a5","6343ced6bb1ab900016b62d2"
"59c54ace0e0d4e5635563450","6343ce163337b70001a63d71"
"59c54ace0e0d4e5635563450","6343ced6bb1ab900016b62d2"
"59da5824a7934d47df78b5fb","63406c0b14ee2c0001eee375"
"59e0d51c0e0d4e450bcd6761","6343ced6bb1ab900016b62d2"
"59e0d51c0e0d4e450bcd6761","6343d08dbb1ab900016b631e"
"59e0d51c0e0d4e450bcd6761","6343d2743d4e620001f17e42"
"59e0f999e204510c80348b23","633d5ba13b75420001f2b92d"
"59e0f999e204510c80348b23","6343d08dbb1ab900016b631e"
"59e0f999e204510c80348b23","6343d2743d4e620001f17e42"
"59e148c9e204510c8034c48e","633ecc224769100001415f11"
"59e664faa7934d202c8ee4e2","6343ce163337b70001a63d71"
"59e664faa7934d202c8ee4e2","6343d08dbb1ab900016b631e"
"59e664faa7934d202c8ee4e2","6343d2743d4e620001f17e42"
"59e8d4fbe204513d9075b703","633e9c975b31c30001896bb3"
"59e9e4d9a7934d7284608845","633e9c975b31c30001896bb3"
"59ea6d310e0d4e26b50d8906","6342fa5d3d4e620001f14ce6"
"59f2f117a7934d05fad12698","633e9c975b31c30001896bb3"
"59f846c8e2045155107f1b36","633d5ba13b75420001f2b92d"
"59f9fb0ca7934d499cae4da6","6343ced6bb1ab900016b62d2"
"59fa3ed20e0d4e2538149325","633d5ba13b75420001f2b92d"
"59fb8970a7934d499caf4114","6343c9963d4e620001f17caf"
"59fc60400e0d4e261e1f9919","6343d7bd3337b70001a63f92"
"59fdbf950e0d4e261e2064af","633ecc224769100001415f11"
"5a02f8c2a7934d22d0f855ff","633d5ba13b75420001f2b92d"
"5a02f8c2a7934d22d0f855ff","633ecc224769100001415f11"
"5a04df180e0d4e6e79e3ca6d","6343d7bd3337b70001a63f92"
"5a05755de2045172bf88b9d1","633e9c975b31c30001896bb3"
"5a0b0412e2045172bf8bd87b","6343d08dbb1ab900016b631e"
"5a0b0412e2045172bf8bd87b","6343d2743d4e620001f17e42"
"5a0d54bce204516e008ce7fa","6343ced6bb1ab900016b62d2"
"5a0d54bce204516e008ce7fa","6343d08dbb1ab900016b631e"
"5a0d54bce204516e008ce7fa","6343d2743d4e620001f17e42"
"5a14215ea7934d215cbccf80","6343ced6bb1ab900016b62d2"
"5a27934b0e0d4e1c8bec5b59","63406c0b14ee2c0001eee375"
"5a2a41610e0d4e192647d7e0","633ecc224769100001415f11"
"5a2a41610e0d4e192647d7e0","6343d08dbb1ab900016b631e"
"5a2a41610e0d4e192647d7e0","6343d2743d4e620001f17e42"
"5a378ccba7934d0bca8b0301","633d5ba13b75420001f2b92d"
"5a398a340e0d4e63ef8edb91","6343d08dbb1ab900016b631e"
"5a398a340e0d4e63ef8edb91","6343d2743d4e620001f17e42"
"5a476a0f0e0d4e7a9745a1e2","633e9c975b31c30001896bb3"
"5a476a0f0e0d4e7a9745a1e2","6343ced6bb1ab900016b62d2"
"5a48c454e20451792927cd88","633ecc224769100001415f11"
"5a4cefffa7934d453a8933f3","6343ced6bb1ab900016b62d2"
"5a552cdf0e0d4e2525529ba4","633e9c975b31c30001896bb3"
"5a57d9360e0d4e7f30a4c6e3","633e9c975b31c30001896bb3"
"5a57d9360e0d4e7f30a4c6e3","63406c0b14ee2c0001eee375"
"5a57d9360e0d4e7f30a4c6e3","6343ced6bb1ab900016b62d2"
"5a5b87f70e0d4e7f30a66bda","63406c0b14ee2c0001eee375"
"5a5b87f70e0d4e7f30a66bda","6343ce163337b70001a63d71"
"5a5b8db80e0d4e7f30a66e29","6343d08dbb1ab900016b631e"
"5a5b8db80e0d4e7f30a66e29","6343d2743d4e620001f17e42"
"5a6b1634e204513a1145713e","633daef2bb1ab9000169396c"
"5a6b1634e204513a1145713e","6343ced6bb1ab900016b62d2"
"5a6b6e49a7934d796c704575","63406c0b14ee2c0001eee375"
"5a6b6e49a7934d796c704575","6343ced6bb1ab900016b62d2"
"5a6b6e49a7934d796c704575","6343d08dbb1ab900016b631e"
"5a6b6e49a7934d796c704575","6343d2743d4e620001f17e42"
"5a709782e204513a1148a318","633d5ba13b75420001f2b92d"
"5a75d7ffa7934d455f0b4ab7","6343ced6bb1ab900016b62d2"
"5a7b3dba0e0d4e584ebb993e","6343ce163337b70001a63d71"
"5a7b94a2a7934d179d8361dc","633d5ba13b75420001f2b92d"
"5a7b94a2a7934d179d8361dc","633e9c975b31c30001896bb3"
"5a7c4a99a7934d179d838097","6343d08dbb1ab900016b631e"
"5a7c4a99a7934d179d838097","6343d2743d4e620001f17e42"
"5a7dcea30e0d4e584ebc3c60","633e9c975b31c30001896bb3"
"5a7dcea30e0d4e584ebc3c60","6343d7bd3337b70001a63f92"
"5a81bfb5e204512a4e3deecd","6343ced6bb1ab900016b62d2"
"5a843a00e20451799c5fde5e","633e9c975b31c30001896bb3"
"5a96d7a2a7934d73d814ce35","633d5ba13b75420001f2b92d"
"5a99c742a7934d74536bb87d","633d5ba13b75420001f2b92d"
"5a9a44e8e2045150b55e2f5d","6343ced6bb1ab900016b62d2"
"5a9d9d65a7934d593d7955ac","63406c0b14ee2c0001eee375"
"5a9d9d65a7934d593d7955ac","6343d08dbb1ab900016b631e"
"5a9d9d65a7934d593d7955ac","6343d2743d4e620001f17e42"
"5a9e9b9be204517f2d52e97e","633e9c975b31c30001896bb3"
"5a9fcb8da7934d215e57e801","633ecc224769100001415f11"
"5a9fcb8da7934d215e57e801","63406c0b14ee2c0001eee375"
"5a9fcb8da7934d215e57e801","6343ced6bb1ab900016b62d2"
"5a9fcb8da7934d215e57e801","6343d08dbb1ab900016b631e"
"5a9fcb8da7934d215e57e801","6343d2743d4e620001f17e42"
"5aa6d94aa7934d5f9e043dd7","6343ce163337b70001a63d71"
"5aad3b59e204514bfedafc7d","6343ced6bb1ab900016b62d2"
"5ab53a51e204514c450e76ec","6343ced6bb1ab900016b62d2"
"5b5adf250e0d4e6af11ba121","6343ced6bb1ab900016b62d2"
"5b5ae341a7934d2ffa02c487","6343d08dbb1ab900016b631e"
"5b5ae341a7934d2ffa02c487","6343d2743d4e620001f17e42"
"5b66fc42e204513c861b36b6","633ecc224769100001415f11"
"5b6a365fe204511a66d45b53","63406c0b14ee2c0001eee375"
"5b6ae5f60e0d4e09ad762d3f","6343ced6bb1ab900016b62d2"
"5b6d5964a7934d5da2b70f50","6343ced6bb1ab900016b62d2"
"5b7776b70e0d4e6801078c62","6343ced6bb1ab900016b62d2"
"5b794250a7934d7bfd61809c","63406c0b14ee2c0001eee375"
"5b8110800e0d4e6c75511701","63406c0b14ee2c0001eee375"
"5b81cc73e20451215513b9d3","63406c0b14ee2c0001eee375"
"5b8a75cbe2045167f1e99fe6","6343ced6bb1ab900016b62d2"
"5b91b235e2045167f1ee8c47","633e9c975b31c30001896bb3"
"5ba179c3a7934d3a2b158f92","63432cf33d4e620001f1602f"
"5ba399a20e0d4e744eb42a20","6343d08dbb1ab900016b631e"
"5ba399a20e0d4e744eb42a20","6343d2743d4e620001f17e42"
"5ba60708e2045148b8ae7d8d","6343d08dbb1ab900016b631e"
"5ba60708e2045148b8ae7d8d","6343d2743d4e620001f17e42"
"5ba63884e2045148b8ae828e","633e9c975b31c30001896bb3"
"5ba654960e0d4e565a2de3a1","633e9c975b31c30001896bb3"
"5ba654960e0d4e565a2de3a1","6343d08dbb1ab900016b631e"
"5ba654960e0d4e565a2de3a1","6343d2743d4e620001f17e42"
"5baf74d3a7934d04162b7037","6343ced6bb1ab900016b62d2"
"5bb5074f0e0d4e18d66bd777","63406c0b14ee2c0001eee375"
"5bb7b5aee204514b9d9631ee","633ecc224769100001415f11"
"5bbb51d6e20451270bec6e72","633e9c975b31c30001896bb3"
"5bbb51d6e20451270bec6e72","633ecc224769100001415f11"
"5bbc93810e0d4e056fb1f9cf","633d5ba13b75420001f2b92d"
"5bca3e7de204512e416c3947","633ecc224769100001415f11"
"5bca3e7de204512e416c3947","6343ced6bb1ab900016b62d2"
"5bccb3bb0e0d4e27e34811f3","633e9c975b31c30001896bb3"
"5bddeb72a7934d3002e891ec","633e9c975b31c30001896bb3"
"5bddeb72a7934d3002e891ec","63406c0b14ee2c0001eee375"
"5bdff13ea7934d3002e8c7aa","633ecc224769100001415f11"
"5bdff13ea7934d3002e8c7aa","6343ced6bb1ab900016b62d2"
"5be02873e204512114312cf4","633e9c975b31c30001896bb3"
"5be02873e204512114312cf4","63406c0b14ee2c0001eee375"
"5bef0f180e0d4e7d39bd03ab","633d5ba13b75420001f2b92d"
"5bef0f180e0d4e7d39bd03ab","633e9c975b31c30001896bb3"
"5bf730baa7934d63d6a3148b","633d5ba13b75420001f2b92d"
"5bf730baa7934d63d6a3148b","633e9c975b31c30001896bb3"
"5bf85a79e204515cff7e2acb","6343d08dbb1ab900016b631e"
"5bf85a79e204515cff7e2acb","6343d2743d4e620001f17e42"
"5bf9bb2f0e0d4e5408f8e69b","6343d08dbb1ab900016b631e"
"5bf9bb2f0e0d4e5408f8e69b","6343d2743d4e620001f17e42"
"5c0948f80e0d4e387ea8c28e","6343cafe3337b70001a63cf9"
"5c0948f80e0d4e387ea8c28e","6343fc833d4e620001f189de"
"5c09a83ea7934d031fea2119","6343ce163337b70001a63d71"
"5c0ab4d2e204514570242ebf","63432cf33d4e620001f1602f"
"5c142d3aa7934d500116975e","633d5ba13b75420001f2b92d"
"5c1bdf8aa7934d5001181763","6343ced6bb1ab900016b62d2"
"5c269530a7934d5001197b4f","634037e4fcbedc0001d08b63"
"5c276bcd0e0d4e3c530a3df9","6343d08dbb1ab900016b631e"
"5c276bcd0e0d4e3c530a3df9","6343d2743d4e620001f17e42"
"5c2a5c6f0e0d4e3c530c3724","6343ced6bb1ab900016b62d2"
"5c3f2ee4e2045135e217cecf","6343d08dbb1ab900016b631e"
"5c3f2ee4e2045135e217cecf","6343d2743d4e620001f17e42"
"5c4a04a9e2045141f8cd3257","63406c0b14ee2c0001eee375"
"5c50cc14e2045141f8cf4fc1","633e9c975b31c30001896bb3"
"5c5379e4e2045141f8cfbe11","6343d7bd3337b70001a63f92"
"5c55d9fca7934d0ec437bfaf","6343d08dbb1ab900016b631e"
"5c55d9fca7934d0ec437bfaf","6343d2743d4e620001f17e42"
"5c560a84e2045141f8d0c277","6343d08dbb1ab900016b631e"
"5c560a84e2045141f8d0c277","6343d2743d4e620001f17e42"
"5c5a111a0e0d4e52e76dc465","633d5ba13b75420001f2b92d"
"5c5b1bd5a7934d6fb96611b1","6343ce163337b70001a63d71"
"5c5d4707a7934d6fb96666bf","633d5ba13b75420001f2b92d"
"5c5d4707a7934d6fb96666bf","6343d08dbb1ab900016b631e"
"5c5d4707a7934d6fb96666bf","6343d2743d4e620001f17e42"
"5c634027a7934d6fb968c8d3","6343d7bd3337b70001a63f92"
"5c6e5ccb0e0d4e4877eb51c9","63406c0b14ee2c0001eee375"
"5c77bcc80e0d4e4877ee6e92","633e9c975b31c30001896bb3"
"5c79a0dbe204516009e103d0","633d5ba13b75420001f2b92d"
"5c79b7a3e204516009e107bc","6343ce163337b70001a63d71"
"5c7b1cf2a7934d786d0e1053","633d557810d35d000159a454"
"5c7b1cf2a7934d786d0e1053","633ecc224769100001415f11"
"5c82b92c0e0d4e7bfc27d6ad","633e9b8f5b31c30001896b54"
"5c843f870e0d4e7bfc285d7d","63432cf33d4e620001f1602f"
"5c94c65be2045169ea7b9131","634041f2bb1ab900016a1eeb"
"5c9bdb9fe204516d4df8d5de","633e9c975b31c30001896bb3"
"5ca362250e0d4e26abdfcc7b","633d5ba13b75420001f2b92d"
"5ca67b32e20451714ae79117","633d5ba13b75420001f2b92d"
"5ca6f423e20451714ae7a05d","6343d08dbb1ab900016b631e"
"5ca6f423e20451714ae7a05d","6343d2743d4e620001f17e42"
"5ca8ba19e20451714ae7fa3b","6343ce163337b70001a63d71"
"5cac8f04e204513d117b4145","633e9c975b31c30001896bb3"
"5cac8f04e204513d117b4145","633ecc224769100001415f11"
"5cb6255aa7934d7a2dfb0237","633d5ba13b75420001f2b92d"
"5cb886830e0d4e16e785208d","6343ced6bb1ab900016b62d2"
"5cb9b95d0e0d4e16e785e10e","6343d08dbb1ab900016b631e"
"5cb9b95d0e0d4e16e785e10e","6343d2743d4e620001f17e42"
"5cbede60e204515d3268d734","6343ce163337b70001a63d71"
"5cc19feba7934d7785a50178","633e9c975b31c30001896bb3"
"5cc4ef71a7934d7785a7069b","633d5ba13b75420001f2b92d"
"5cc4ef71a7934d7785a7069b","6343d08dbb1ab900016b631e"
"5cc4ef71a7934d7785a7069b","6343d2743d4e620001f17e42"
"5cc6c57ce204510b642a70bb","633e9c975b31c30001896bb3"
"5cc895120e0d4e4a8be47efd","63432cf33d4e620001f1602f"
"5ccc6c2a0e0d4e4a8be6c089","6343ced6bb1ab900016b62d2"
"5cce9a0f0e0d4e4a8be71857","633d5ba13b75420001f2b92d"
"5cce9a0f0e0d4e4a8be71857","6343ce163337b70001a63d71"
"5cd1dbe2a7934d6d841f640a","6343ced6bb1ab900016b62d2"
"5cd9b23a0e0d4e1138930c93","633705649797500001eb4162"
"5cdc68e9e204512863dfef07","633e9c975b31c30001896bb3"
"5cdca84ca7934d17b798dfcd","6343ced6bb1ab900016b62d2"
"5ce7888be204511e74f9b46b","633d5ba13b75420001f2b92d"
"5ce7d474e204511e74fa037e","6343ced6bb1ab900016b62d2"
"5cea6c36a7934d3f572db372","633d5ba13b75420001f2b92d"
"5cf0089ae204511b3af6ca64","633d5ba13b75420001f2b92d"
"5cf4ff17a7934d0c82d6c927","633e9c975b31c30001896bb3"
"5cf6ccab0e0d4e4630c4d108","62c86525c7a4cb0001d4464f"
"5cfc13490e0d4e4630c780a1","633dce9fbb1ab90001694ae9"
"5cffa814a7934d3dd37cfe3c","633e9c975b31c30001896bb3"
"5d0fb5560e0d4e528d906cba","6343cc7e3d4e620001f17d17"
"5d14e461a7934d1677fd2d77","63432cf33d4e620001f1602f"
"5d1513aaa7934d1677fd8f14","63406c0b14ee2c0001eee375"
"5d172a9f0e0d4e528d941ddb","6343ca823337b70001a63ce0"
"5d1c7a1f0e0d4e4c5ba7165e","6343d08dbb1ab900016b631e"
"5d1c7a1f0e0d4e4c5ba7165e","6343d2743d4e620001f17e42"
"5d1f83cd0e0d4e73086f6d9b","63406c0b14ee2c0001eee375"
"5d1fcda1e204515102930238","63406c0b14ee2c0001eee375"
"5d2375570e0d4e18196069dc","6343ced6bb1ab900016b62d2"
"5d2c44bce20451214f1ddbfe","633e9c975b31c30001896bb3"
"5d2cff490e0d4e4a284e7f50","633dce9fbb1ab90001694ae9"
"5d2f9536e2045102a327aa03","6343ced6bb1ab900016b62d2"
"5d381e220e0d4e38a12f261d","6343d08dbb1ab900016b631e"
"5d381e220e0d4e38a12f261d","6343d2743d4e620001f17e42"
"5d40629e0e0d4e38a13341d8","6343ced6bb1ab900016b62d2"
"5d41c248e20451225e1094de","6343ced6bb1ab900016b62d2"
"5d494c03a7934d2f2684db99","6343ced6bb1ab900016b62d2"
"5d4c69990e0d4e4c2ed37e1c","633e9c975b31c30001896bb3"
"541c95642325b41297006f5a","633d5ba13b75420001f2b92d"
"5425891e63051f1e2a0008f2","6343ced6bb1ab900016b62d2"
"5427eaca2325b43d0600589e","6343ced6bb1ab900016b62d2"
"544cf2fc2325b40b95003d0d","63406c0b14ee2c0001eee375"
"544cf2fc2325b40b95003d0d","6343ced6bb1ab900016b62d2"
"5481c96e2325b4415c001590","6343d08dbb1ab900016b631e"
"5481c96e2325b4415c001590","6343d2743d4e620001f17e42"
"5495667e63051f177b00077c","633d5ba13b75420001f2b92d"
"5495667e63051f177b00077c","633ecc224769100001415f11"
"5495667e63051f177b00077c","63406c0b14ee2c0001eee375"
"5495667e63051f177b00077c","6343ced6bb1ab900016b62d2"
"5495667e63051f177b00077c","6343d08dbb1ab900016b631e"
"5495667e63051f177b00077c","6343d2743d4e620001f17e42"
"549ae52463051f177b002d43","633d5ba13b75420001f2b92d"
"549ae52463051f177b002d43","633e9c975b31c30001896bb3"
"549ae52463051f177b002d43","63406c0b14ee2c0001eee375"
"549cbcb763051f177b003aeb","633d5ba13b75420001f2b92d"
"54a405662325b40609008b74","63406c0b14ee2c0001eee375"
"54b1202963051f177b00eea1","633d5ba13b75420001f2b92d"
"54c22dbd2325b46733000133","633d5ba13b75420001f2b92d"
"54c22dbd2325b46733000133","6343d08dbb1ab900016b631e"
"54c22dbd2325b46733000133","6343d2743d4e620001f17e42"
"54c675602325b43f0d0000f1","6343ced6bb1ab900016b62d2"
"54d9299263051f3eea00f20e","6343d08dbb1ab900016b631e"
"54d9299263051f3eea00f20e","6343d2743d4e620001f17e42"
"54de6d9863051f17a000231a","633d5ba13b75420001f2b92d"
"54e33ef52325b463200016e1","63406c0b14ee2c0001eee375"
"54f5a46ff01b30601600e854","6343d08dbb1ab900016b631e"
"54f5a46ff01b30601600e854","6343d2743d4e620001f17e42"
"54f6289a9bf7e85ea300ed56","633e9c975b31c30001896bb3"
"54f8c75963051f5f89000b74","633d5ba13b75420001f2b92d"
"54f8c75963051f5f89000b74","633e9c975b31c30001896bb3"
"5514023d63051f0335008b09","633d5ba13b75420001f2b92d"
"5514023d63051f0335008b09","6343ced6bb1ab900016b62d2"
"551e4dec63051f323d003367","633e9c975b31c30001896bb3"
"552cca3a63051f51f1006977","633e9c975b31c30001896bb3"
"552f988763051f3bca000100","6343ced6bb1ab900016b62d2"
"554a483e63051f6ee300d914","633d5ba13b75420001f2b92d"
"556447702325b4322e00f58a","63406c0b14ee2c0001eee375"
"556b23da2325b426f7003844","6343ced6bb1ab900016b62d2"
"556ecc842325b434c20059f5","633d5ba13b75420001f2b92d"
"5574bad363051f66f7010185","6343d08dbb1ab900016b631e"
"5574bad363051f66f7010185","6343d2743d4e620001f17e42"
"55780e5c2325b452e5013094","633d5ba13b75420001f2b92d"
"55906f032325b441be006e7a","6343ced6bb1ab900016b62d2"
"55a65b3c63051f0d8901944a","633d5ba13b75420001f2b92d"
"55a8c40a9bf7e8671a002b18","6343ced6bb1ab900016b62d2"
"55a8c5e72325b438dc02e294","6343ced6bb1ab900016b62d2"
"55a8d7272325b438dc02ffc7","633e9c975b31c30001896bb3"
"55a8d7272325b438dc02ffc7","6343ced6bb1ab900016b62d2"
"55a8d9532325b438dc0300d9","633ac71ec8990800018a60e9"
"55af91b163051f29f5003fb9","61e819f77090ca0001a0b177"
"55b92c692325b454b4000db4","6343ced6bb1ab900016b62d2"
"55b92c692325b454b4000db4","6343d08dbb1ab900016b631e"
"55b92c692325b454b4000db4","6343d2743d4e620001f17e42"
"55d3035c9bf7e839330031b2","633e9b8f5b31c30001896b54"
"55d3c7389bf7e839330058d9","6343ced6bb1ab900016b62d2"
"55df4093f01b30433f001bc2","6343ced6bb1ab900016b62d2"
"55df44db104ec82a50001229","633e9c975b31c30001896bb3"
"55df44db104ec82a50001229","63406c0b14ee2c0001eee375"
"55e068cc63051f68890000ed","6343ced6bb1ab900016b62d2"
"55e9bde59bf7e87223009160","633ecc224769100001415f11"
"55ff08c6104ec815280042dd","6342ded23d4e620001f14329"
"56013f9d2325b42fda00ef8e","6343d08dbb1ab900016b631e"
"56013f9d2325b42fda00ef8e","6343d2743d4e620001f17e42"
"56059d4e2325b41f6400c6c0","6343d08dbb1ab900016b631e"
"56059d4e2325b41f6400c6c0","6343d2743d4e620001f17e42"
"56059d4e2325b41f6400c6c0","6343ebed3337b70001a6452b"
"560ce1c12325b43afc00244a","633ecc224769100001415f11"
"56153b1563051f3c940186a6","633ecc224769100001415f11"
"5617178ecc11fa7f2301abac","6343ced6bb1ab900016b62d2"
"561bea09cc11fa1e62849f94","63406c0b14ee2c0001eee375"
"561eae80f77f305eacf8f20a","6343ced6bb1ab900016b62d2"
"561eae80f77f305eacf8f20a","6343d08dbb1ab900016b631e"
"561eae80f77f305eacf8f20a","6343d2743d4e620001f17e42"
"5626763fe648c06978732327","6343ce163337b70001a63d71"
"5626763fe648c06978732327","6343ced6bb1ab900016b62d2"
"5626763fe648c06978732327","6343d08dbb1ab900016b631e"
"5626763fe648c06978732327","6343d2743d4e620001f17e42"
"5626862ce648c06978732700","6343ced6bb1ab900016b62d2"
"562917ffcc11fa5716cf40db","633ecc224769100001415f11"
"562917ffcc11fa5716cf40db","6343d08dbb1ab900016b631e"
"562917ffcc11fa5716cf40db","6343d2743d4e620001f17e42"
"562922af63051f0684829e73","633e9c975b31c30001896bb3"
"562965c9f77f304133b96a9b","6343ced6bb1ab900016b62d2"
"5634ad60f77f304133bb2243","63406c0b14ee2c0001eee375"
"564a066dcc11fa0459747061","633e9c975b31c30001896bb3"
"564e8d4bcc11fa0459751cb1","633e9c975b31c30001896bb3"
"564e8d4bcc11fa0459751cb1","6343ced6bb1ab900016b62d2"
"564f826df77f30627627f8da","633e9c975b31c30001896bb3"
"564f8de2cc11fa045975588d","6343ced6bb1ab900016b62d2"
"56505d2d2325b477c623f660","633d5ba13b75420001f2b92d"
"5657047ee648c023ce28136c","6343ce163337b70001a63d71"
"565f44489bf7e8231f8d426d","63406c0b14ee2c0001eee375"
"56605b212325b44a640bb973","633e9c975b31c30001896bb3"
"567875c7f01b304f2401217e","633e9c975b31c30001896bb3"
"567ab73af01b304f24014851","63406c0b14ee2c0001eee375"
"567ab73af01b304f24014851","6343ced6bb1ab900016b62d2"
"568ba51363051f790100ed94","633d5ba13b75420001f2b92d"
"568c28b32325b4690d00334c","633e9c975b31c30001896bb3"
"568f7acef01b3023460116a0","633e9c975b31c30001896bb3"
"5696da052005895f0400aab0","633ecc224769100001415f11"
"569822b5f01b306dec01126a","633e9c975b31c30001896bb3"
"5698cd0b2005895f04011ce1","6343ced6bb1ab900016b62d2"
"569c2ef1f01b306dec01b017","633e9c975b31c30001896bb3"
"56a668a163051f309c000471","633e9c975b31c30001896bb3"
"56a846d32005897238003d9f","633e9c975b31c30001896bb3"
"56ad34d9f01b307fa400e28c","633d5ba13b75420001f2b92d"
"56ae7348f01b307fa400fa77","631f1eddbfe1960001f32a54"
"56ae7348f01b307fa400fa77","633c44853b75420001f26813"
"56ae7348f01b307fa400fa77","6343d08dbb1ab900016b631e"
"56ae7348f01b307fa400fa77","6343d2743d4e620001f17e42"
"56b3a16ff01b30147300a8af","633e9c975b31c30001896bb3"
"56b3bfa8200589702900b233","63406c0b14ee2c0001eee375"
"56c0b2c0f01b3028c3003bc9","633e9c975b31c30001896bb3"
"56c26b47f01b3028c300739a","6343ced6bb1ab900016b62d2"
"56c59648f01b301aef0033fe","6343d08dbb1ab900016b631e"
"56c59648f01b301aef0033fe","6343d2743d4e620001f17e42"
"56c723c22005895a80004cd2","633e9c975b31c30001896bb3"
"56ca27d763051f6c38000659","6343ced6bb1ab900016b62d2"
"56caffaf200589039c001537","633ecc224769100001415f11"
"56caffaf200589039c001537","6343ced6bb1ab900016b62d2"
"56ccb78d2325b43871006785","633e9c975b31c30001896bb3"
"56d6d0ba2325b45f39000505","633d5ba13b75420001f2b92d"
"56d6d0ba2325b45f39000505","6343ce163337b70001a63d71"
"56dfe454f01b304a0900b088","6343ced6bb1ab900016b62d2"
"56efb17e2325b432d8001d74","6343ce163337b70001a63d71"
"56efb17e2325b432d8001d74","6343ced6bb1ab900016b62d2"
"56ffd93d63051f1ac376f9b2","61e819f77090ca0001a0b177"
"56ffd93d63051f1ac376f9b2","633d5ba13b75420001f2b92d"
"5703ec0363051f4ee6b40a0e","633d5ba13b75420001f2b92d"
"5b0ea432e204512ca2ff8ddf","6343ced6bb1ab900016b62d2"
"5b17fc54e20451729b7600d9","6343ced6bb1ab900016b62d2"
"5b1916310e0d4e2387c82dd1","633e9c975b31c30001896bb3"
"5b1f1021e204516743fb3566","63406c0b14ee2c0001eee375"
"5b20042ae204516743fb6bde","63406c0b14ee2c0001eee375"
"5b2007b5e204516743fb6c62","63406c0b14ee2c0001eee375"
"5b37b7340e0d4e29a1cf52be","633d5ba13b75420001f2b92d"
"5b37b7340e0d4e29a1cf52be","6343ce163337b70001a63d71"
"5b3a5598e204510b0cd195ab","633e9c975b31c30001896bb3"
"5b3e63350e0d4e0779f0bb29","633ecc224769100001415f11"
"5b4534f1a7934d4058e574a0","633ecc224769100001415f11"
"5b4534f1a7934d4058e574a0","6343ced6bb1ab900016b62d2"
"5b455f2fa7934d4058e5769e","6343d08dbb1ab900016b631e"
"5b455f2fa7934d4058e5769e","6343d2743d4e620001f17e42"
"5b4daeb20e0d4e3ba7b89e84","63406c0b14ee2c0001eee375"
"5b50a91fa7934d6431157c87","633d5ba13b75420001f2b92d"
"5b5849d6a7934d2ffa00f1f6","6343ced6bb1ab900016b62d2"
"5b58a816e204513624149ad5","633ecc224769100001415f11"
"5b58ce7aa7934d2ffa0102c1","633d5ba13b75420001f2b92d"
"5b59f2f2a7934d2ffa0118c0","633ecc224769100001415f11"
"5b59f2f2a7934d2ffa0118c0","6343d08dbb1ab900016b631e"
"5b59f2f2a7934d2ffa0118c0","6343d2743d4e620001f17e42"
"5b5ae2bfa7934d2ffa02c34f","6343ced6bb1ab900016b62d2"
"5b5b09c7e204510283a238fd","6343ced6bb1ab900016b62d2"
"5b5d84a10e0d4e6ceb3e545f","633d5ba13b75420001f2b92d"
"5b7354fd0e0d4e558a4ab15e","6343ced6bb1ab900016b62d2"
"5b8008250e0d4e6c75506fe2","6343ced6bb1ab900016b62d2"
"5b8057cae204512155128d19","633d5ba13b75420001f2b92d"
"5b8063ef0e0d4e6c7550dc90","633d5ba13b75420001f2b92d"
"5b811cdbe20451215512e76f","6343ced6bb1ab900016b62d2"
"5b819d20e204512155137686","63432cf33d4e620001f1602f"
"5b8523e9a7934d4d4cb8183f","633ecc224769100001415f11"
"5b8d946be2045167f1eb9021","6343ce163337b70001a63d71"
"5b9324970e0d4e77db51b39a","633d5ba13b75420001f2b92d"
"5b95628a0e0d4e77db5423c7","63406c0b14ee2c0001eee375"
"5b991b82a7934d4be926c869","6343ced6bb1ab900016b62d2"
"5b9a26450e0d4e02704837d5","6343ced6bb1ab900016b62d2"
"5b9aba5d0e0d4e0270489335","6343ced6bb1ab900016b62d2"
"5b9b639be204513470196210","63432cf33d4e620001f1602f"
"5b9d17610e0d4e37b0dc09d2","6343c9963d4e620001f17caf"
"5ba4107f0e0d4e744eb43c03","6343ced6bb1ab900016b62d2"
"5ba6a66a0e0d4e65558500e6","633d5ba13b75420001f2b92d"
"5bb1f6e8a7934d55eacf6828","6343d08dbb1ab900016b631e"
"5bb1f6e8a7934d55eacf6828","6343d2743d4e620001f17e42"
"5bb8a02d0e0d4e4772e25cc9","633d5ba13b75420001f2b92d"
"5bc0cf06e2045147e3f4b2c0","6343d7bd3337b70001a63f92"
"5bc26889e2045147e3f68865","6343ced6bb1ab900016b62d2"
"5bc8fdbfa7934d1d2fd7f365","633e9c975b31c30001896bb3"
"5bc9117c0e0d4e176a40a485","6343d7bd3337b70001a63f92"
"5bcb043ae204512e416ce628","6343d08dbb1ab900016b631e"
"5bcb043ae204512e416ce628","6343d2743d4e620001f17e42"
"5bcd77060e0d4e27e3481d7a","63406c0b14ee2c0001eee375"
"5bcf6f3ba7934d0597299778","63406c0b14ee2c0001eee375"
"5bcf90ca0e0d4e25a570eaad","633e9c975b31c30001896bb3"
"5bd045cde204512a422ef859","63406c0b14ee2c0001eee375"
"5bd07a38a7934d059729b7b3","6343ced6bb1ab900016b62d2"
"5bd60a67e204517697fa84f4","6343d08dbb1ab900016b631e"
"5bd60a67e204517697fa84f4","6343d2743d4e620001f17e42"
"5bd7118fe2045148ac6fd097","633d5ba13b75420001f2b92d"
"5bdc3147a7934d3002e8373d","6343ced6bb1ab900016b62d2"
"5be416f4a7934d3bce520035","63406c0b14ee2c0001eee375"
"5be95c4be2045136a8d1c210","6343ced6bb1ab900016b62d2"
"5bed4a98a7934d645ec3d520","633d557810d35d000159a454"
"5beff5dde20451358fb3443c","633d5ba13b75420001f2b92d"
"5bf037c8a7934d645ec5a901","633d5ba13b75420001f2b92d"
"5bf2e00ee20451358fb3ffbf","63406c0b14ee2c0001eee375"
"5bf69f08a7934d6aad637d9e","6343ced6bb1ab900016b62d2"
"5c02cf2da7934d031fe8f546","63406c0b14ee2c0001eee375"
"5c09555d0e0d4e387ea8c4ac","633d5ba13b75420001f2b92d"
"5c0984a2e20451457023da38","633d5ba13b75420001f2b92d"
"5c0a5877e20451457023ef84","634037e4fcbedc0001d08b63"
"5c0f3c780e0d4e387ea99c27","6343d08dbb1ab900016b631e"
"5c0f3c780e0d4e387ea99c27","6343d2743d4e620001f17e42"
"5c10247ce20451457024c71c","63406c0b14ee2c0001eee375"
"5c10247ce20451457024c71c","6343ced6bb1ab900016b62d2"
"5c1949a80e0d4e3c53073e8d","633e9c975b31c30001896bb3"
"5c1c0c0be204517ea4588af5","633d5ba13b75420001f2b92d"
"5c33da05a7934d50011d49a3","6343ced6bb1ab900016b62d2"
"5c371c490e0d4e367341615c","633e9c975b31c30001896bb3"
"5c3cb7d1e2045135e2161d66","6343d08dbb1ab900016b631e"
"5c3cb7d1e2045135e2161d66","6343d2743d4e620001f17e42"
"5c47610ca7934d0ec433e18e","6343ced6bb1ab900016b62d2"
"5c4b12dee2045141f8ce8a9b","6343ced6bb1ab900016b62d2"
"5c4b12dee2045141f8ce8a9b","6343d08dbb1ab900016b631e"
"5c4b12dee2045141f8ce8a9b","6343d2743d4e620001f17e42"
"5c4cee2ba7934d0ec435c1f9","633ecc224769100001415f11"
"5c4f5acea7934d0ec435fde7","6343ced6bb1ab900016b62d2"
"5c5b31d0e204512d6e87e2cc","6343d8d03d4e620001f17fbd"
"5c5b3e520e0d4e5561964c2f","63406c0b14ee2c0001eee375"
"5c5d8fdda7934d6fb967b933","633705649797500001eb4162"
"5c6dbc79e204516b5608dea7","63406c0b14ee2c0001eee375"
"5c7077d3e204516b560ac1a0","6343d08dbb1ab900016b631e"
"5c7077d3e204516b560ac1a0","6343d2743d4e620001f17e42"
"5c77ba560e0d4e4877ee6dfe","63406c0b14ee2c0001eee375"
"5c8174dea7934d5c3eb9fb7f","63406c0b14ee2c0001eee375"
"5c825f99a7934d5c3ebbaf7a","6343ced6bb1ab900016b62d2"
"5c856c900e0d4e7bfc29eb10","63406c0b14ee2c0001eee375"
"5c856c900e0d4e7bfc29eb10","6343d08dbb1ab900016b631e"
"5c856c900e0d4e7bfc29eb10","6343d2743d4e620001f17e42"
"5c921e510e0d4e16761b868d","633d5ba13b75420001f2b92d"
"5c94b294e2045169ea7b8b6c","633e9c975b31c30001896bb3"
"5c9e22cee204516d4dfa28f7","633d5ba13b75420001f2b92d"
"5ca246e0a7934d58e38a6ad7","633d5ba13b75420001f2b92d"
"5ca3d48da7934d58e38aa0b7","63432cf33d4e620001f1602f"
"5caf07abe204513d117bc243","633e9c975b31c30001896bb3"
"5cbcd2e6a7934d7a2dfd5d2c","6343ced6bb1ab900016b62d2"
"5cc182d0a7934d7785a4fdc0","6343ced6bb1ab900016b62d2"
"5cc2baabe204510b6429e59f","633d5ba13b75420001f2b92d"
"5cc33ff7e204510b642a111e","6343d08dbb1ab900016b631e"
"5cc33ff7e204510b642a111e","6343d2743d4e620001f17e42"
"5cc5976d0e0d4e4a8be3dbc1","633ecc224769100001415f11"
"5cc5976d0e0d4e4a8be3dbc1","6343ced6bb1ab900016b62d2"
"5ccf2cb30e0d4e4a8be72914","633e9c975b31c30001896bb3"
"5ccf2cb30e0d4e4a8be72914","63406c0b14ee2c0001eee375"
"5cd475230e0d4e49d56e8aea","6343ce163337b70001a63d71"
"5ce685a8e204511e74f77e15","6343d08dbb1ab900016b631e"
"5ce685a8e204511e74f77e15","6343d2743d4e620001f17e42"
"5ce918360e0d4e379c3a946b","6343ce163337b70001a63d71"
"5cf4401aa7934d0c82d6b5be","6343d08dbb1ab900016b631e"
"5cf4401aa7934d0c82d6b5be","6343d2743d4e620001f17e42"
"5cfa670fa7934d3ac1902245","633daef2bb1ab9000169396c"
"5d0942b70e0d4e6b42d9a0e9","633dce9fbb1ab90001694ae9"
"5d111157e204512565fc8f10","6343ced6bb1ab900016b62d2"
"5d128456a7934d1677fc8968","63432cf33d4e620001f1602f"
"5d153d3be204512565ffb79c","6343d7bd3337b70001a63f92"
"5d1b238f0e0d4e4c5ba69b5b","6343d08dbb1ab900016b631e"
"5d1b238f0e0d4e4c5ba69b5b","6343d2743d4e620001f17e42"
"5d2441b5e2045172143224b2","6343ce163337b70001a63d71"
"5d24b4c1e20451214f19b709","633d5ba13b75420001f2b92d"
"5d270e64a7934d125d363942","633e9c975b31c30001896bb3"
"5d28a23de20451214f1d4835","63406c0b14ee2c0001eee375"
"5ab53e0d0e0d4e0d564e9007","6343ced6bb1ab900016b62d2"
"5abc19eae2045129d29ebc0a","63432cf33d4e620001f1602f"
"5abec8a0e204515925b663a6","633ecc224769100001415f11"
"5abfa205e204515925b66e6f","633e9c975b31c30001896bb3"
"5ae3555ea7934d0d74dfec07","633e9c975b31c30001896bb3"
"5ae5c76aa7934d0d74e01a8d","6343ced6bb1ab900016b62d2"
"5aef43b50e0d4e18504ca950","6343ced6bb1ab900016b62d2"
"5af59928a7934d51313ea5ee","633d5ba13b75420001f2b92d"
"5afbd5510e0d4e41bddb1ab3","633e9c975b31c30001896bb3"
"5afbd5510e0d4e41bddb1ab3","6343d08dbb1ab900016b631e"
"5afbd5510e0d4e41bddb1ab3","6343d2743d4e620001f17e42"
"5afeafbe0e0d4e6dfb2f8a06","633e9c975b31c30001896bb3"
"5afeafbe0e0d4e6dfb2f8a06","63406c0b14ee2c0001eee375"
"5b14f515a7934d59adc20ef5","63406c0b14ee2c0001eee375"
"5b151e02a7934d5baf9019f9","633e9c975b31c30001896bb3"
"5b180496e20451729b76105d","63406c0b14ee2c0001eee375"
"5b1b8262e204514148742736","63406c0b14ee2c0001eee375"
"5b1d6bf4e204514148743da7","6343ced6bb1ab900016b62d2"
"5b1f9f73a7934d773b893bd1","633e9c975b31c30001896bb3"
"5b1fae27a7934d773b893d14","633e9c975b31c30001896bb3"
"5b2213a6a7934d6ec8f04dbc","633e9c975b31c30001896bb3"
"5b2213a6a7934d6ec8f04dbc","6343ced6bb1ab900016b62d2"
"5b2fd5b4a7934d4e239fd266","633d5ba13b75420001f2b92d"
"5b4a42baa7934d0175435c3d","633e9c975b31c30001896bb3"
"5b51c4b80e0d4e109f81e5bd","633ecc224769100001415f11"
"5b51c4b80e0d4e109f81e5bd","63406c0b14ee2c0001eee375"
"5b51c4b80e0d4e109f81e5bd","6343ced6bb1ab900016b62d2"
"5b5adb63e20451362416749d","6343ced6bb1ab900016b62d2"
"5b5adf510e0d4e6af11ba195","6343ced6bb1ab900016b62d2"
"5b5fb934a7934d365eb42864","633daef2bb1ab9000169396c"
"5b6b5b84a7934d5da2b65458","633e9c975b31c30001896bb3"
"5b6b5b84a7934d5da2b65458","63406c0b14ee2c0001eee375"
"5b6c04c40e0d4e09ad76561c","6343ced6bb1ab900016b62d2"
"5b7a7856e204510645cdc614","633d5ba13b75420001f2b92d"
"5b7a7856e204510645cdc614","6343ce163337b70001a63d71"
"5b7a7856e204510645cdc614","6343d08dbb1ab900016b631e"
"5b7a7856e204510645cdc614","6343d2743d4e620001f17e42"
"5b898fea0e0d4e34d73f3c98","633e9c975b31c30001896bb3"
"5b8da3f0a7934d24afa3c24c","633d5ba13b75420001f2b92d"
"5b93ce320e0d4e77db521689","6343ced6bb1ab900016b62d2"
"5b9931e5e20451347018db47","633d5ba13b75420001f2b92d"
"5b994111e20451347018dcaa","633e9c975b31c30001896bb3"
"5b9aac60e204513470195575","6343ced6bb1ab900016b62d2"
"5b9fdee9e2045116455bd249","633e9c975b31c30001896bb3"
"5b9fdee9e2045116455bd249","63406c0b14ee2c0001eee375"
"5b9fdee9e2045116455bd249","6343d08dbb1ab900016b631e"
"5b9fdee9e2045116455bd249","6343d2743d4e620001f17e42"
"5ba0df270e0d4e2097df10f6","633ecc224769100001415f11"
"5ba41b1fe204513eb83da8be","633ac71ec8990800018a60e9"
"5ba5768aa7934d7b21045153","633d5ba13b75420001f2b92d"
"5bbb984be2045110ff33c1e3","6343ced6bb1ab900016b62d2"
"5bbc78860e0d4e056fb1ef35","63406c0b14ee2c0001eee375"
"5bbcacada7934d777f8fa306","633ecc224769100001415f11"
"5bbcacada7934d777f8fa306","63406c0b14ee2c0001eee375"
"5bc141d9e2045147e3f5b3af","63432cf33d4e620001f1602f"
"5bc3bb08a7934d1d2fd6dca5","6343ced6bb1ab900016b62d2"
"5bc65c72a7934d1d2fd75a3d","6343d08dbb1ab900016b631e"
"5bc65c72a7934d1d2fd75a3d","6343d2743d4e620001f17e42"
"5bcf4d88a7934d0597299136","633d5ba13b75420001f2b92d"
"5bcf4d88a7934d0597299136","6343ced6bb1ab900016b62d2"
"5bd1f75c0e0d4e68332ad99d","633dce9fbb1ab90001694ae9"
"5bd58ee40e0d4e68332d1bb9","6343ced6bb1ab900016b62d2"
"5bd5fc020e0d4e68332d253e","633d5ba13b75420001f2b92d"
"5bd5fc020e0d4e68332d253e","6343ce163337b70001a63d71"
"5bd629130e0d4e68332d2bcb","6343ced6bb1ab900016b62d2"
"5bd629130e0d4e68332d2bcb","6343d08dbb1ab900016b631e"
"5bd629130e0d4e68332d2bcb","6343d2743d4e620001f17e42"
"5bd8e689a7934d42dadb34c7","633e9c975b31c30001896bb3"
"5bddb0410e0d4e5ac8ec8605","63406c0b14ee2c0001eee375"
"5be228870e0d4e4ff5b473af","6343d08dbb1ab900016b631e"
"5be228870e0d4e4ff5b473af","6343d2743d4e620001f17e42"
"5bec6ab1a7934d645ec3b1ab","633705649797500001eb4162"
"5bed66aaa7934d645ec3d886","633d5ba13b75420001f2b92d"
"5bf7fa90e204515cff7dcd55","63406c0b14ee2c0001eee375"
"5bf7fa90e204515cff7dcd55","6343d08dbb1ab900016b631e"
"5bf7fa90e204515cff7dcd55","6343d2743d4e620001f17e42"
"5bfb08080e0d4e383ea0aedd","6343ced6bb1ab900016b62d2"
"5c02b9c90e0d4e387ea7858e","633d5ba13b75420001f2b92d"
"5c0de2d7e204514570248e1c","633e9c975b31c30001896bb3"
"5c0e70f80e0d4e387ea98705","633d5ba13b75420001f2b92d"
"5c0e70f80e0d4e387ea98705","6343d08dbb1ab900016b631e"
"5c0e70f80e0d4e387ea98705","6343d2743d4e620001f17e42"
"5c1278f6e204514570253ace","61e819f77090ca0001a0b177"
"5c1b926ae204517ea4585d14","6343ce163337b70001a63d71"
"5c31ca06e204517ea45dab3f","6343ced6bb1ab900016b62d2"
"5c36106b0e0d4e6d91d96e62","63406c0b14ee2c0001eee375"
"5c367c1de204513c21e5f3d9","6343ced6bb1ab900016b62d2"
"5c367c1de204513c21e5f3d9","6343d08dbb1ab900016b631e"
"5c367c1de204513c21e5f3d9","6343d2743d4e620001f17e42"
"5c3789cfa7934d02a32b85e3","6343d08dbb1ab900016b631e"
"5c3789cfa7934d02a32b85e3","6343d2743d4e620001f17e42"
"5c37b986e204513c21e638a2","6343ce163337b70001a63d71"
"5c3c6edfe2045173d9904a70","633e9c975b31c30001896bb3"
"5c3c6edfe2045173d9904a70","6343ce163337b70001a63d71"
"5c446e9fe204517716ba7854","633d5ba13b75420001f2b92d"
"5c4f48490e0d4e71487cb2ee","6343d08dbb1ab900016b631e"
"5c4f48490e0d4e71487cb2ee","6343d2743d4e620001f17e42"
"5c4f48490e0d4e71487cb2ee","6343d7bd3337b70001a63f92"
"5c52e7b7e2045141f8cf9afe","633d5ba13b75420001f2b92d"
"5c546eb5e2045141f8d073f6","63406c0b14ee2c0001eee375"
"5c546eb5e2045141f8d073f6","6343d08dbb1ab900016b631e"
"5c546eb5e2045141f8d073f6","6343d2743d4e620001f17e42"
"5c5733550e0d4e71487e691b","6343ce163337b70001a63d71"
"5c582407e2045141f8d0eff4","633e9c975b31c30001896bb3"
"5c582407e2045141f8d0eff4","63406c0b14ee2c0001eee375"
"5c5ae241e204512d6e87d63a","633d5ba13b75420001f2b92d"
"5c5ae241e204512d6e87d63a","6343ced6bb1ab900016b62d2"
"5c5d4f88e204512d6e8835a8","633e9c975b31c30001896bb3"
"5c68514ce204512d6e8d960c","633d5ba13b75420001f2b92d"
"5c6d3cd50e0d4e55619cd4e0","633d5ba13b75420001f2b92d"
"5c6da841e204516b5608d5e4","63406c0b14ee2c0001eee375"
"5c702cf30e0d4e4877ed3430","633ecc224769100001415f11"
"5c7d6e51a7934d5b09be7091","6343d08dbb1ab900016b631e"
"5c7d6e51a7934d5b09be7091","6343d2743d4e620001f17e42"
"5c7da24fa7934d5b09bec53a","633d5ba13b75420001f2b92d"
"5c7da24fa7934d5b09bec53a","6343ce163337b70001a63d71"
"5c7da24fa7934d5b09bec53a","6343d08dbb1ab900016b631e"
"5c7da24fa7934d5b09bec53a","6343d2743d4e620001f17e42"
"5c7dfb650e0d4e097c31b7e4","63432cf33d4e620001f1602f"
"5c814262a7934d5c3eb9df19","6343d08dbb1ab900016b631e"
"5c814262a7934d5c3eb9df19","6343d2743d4e620001f17e42"
"5c8b7bb3a7934d68be8e5927","6343d08dbb1ab900016b631e"
"5c8b7bb3a7934d68be8e5927","6343d2743d4e620001f17e42"
"5c9161150e0d4e54fe6bc6cd","633d5ba13b75420001f2b92d"
"5c9a060a0e0d4e453e9333b6","6343ced6bb1ab900016b62d2"
"5c9d61dde204516d4df9eb47","6343ce163337b70001a63d71"
"5c9e7579e204516d4dfaa653","6343d08dbb1ab900016b631e"
"5c9e7579e204516d4dfaa653","6343d2743d4e620001f17e42"
"5ca4eba8e20451714ae5e6da","6343ced6bb1ab900016b62d2"
"5ca68c9aa7934d3eb600872f","63406c0b14ee2c0001eee375"
"5cb9de73a7934d7a2dfd0fed","6343d08dbb1ab900016b631e"
"5709028f2325b4494fdfa07a","633e9c975b31c30001896bb3"
"57102a6120058976b9581ccd","6343d08dbb1ab900016b631e"
"57102a6120058976b9581ccd","6343d2743d4e620001f17e42"
"571957e463051f59ba60d189","6343d08dbb1ab900016b631e"
"571957e463051f59ba60d189","6343d2743d4e620001f17e42"
"5724db332005894b043e1260","633e9c975b31c30001896bb3"
"5724fee42005894b043e1a51","633ac71ec8990800018a60e9"
"5724fee42005894b043e1a51","6343ced6bb1ab900016b62d2"
"5725173b2325b46c58a5bb2a","63406c0b14ee2c0001eee375"
"572b48de2005895e6848ef64","633e9c975b31c30001896bb3"
"572c896c2005895e68492808","633e9c975b31c30001896bb3"
"57305bf62005891c2f06bace","6343ced6bb1ab900016b62d2"
"573afc6863051f48cb4aee67","633d5ba13b75420001f2b92d"
"574216c02325b422b9c4316a","63406c0b14ee2c0001eee375"
"5748a89e2005894278446307","63406c0b14ee2c0001eee375"
"574dcc1920058937c7e59407","6343d08dbb1ab900016b631e"
"574dcc1920058937c7e59407","6343d2743d4e620001f17e42"
"5750700263051f3d1ab198f4","6343ce163337b70001a63d71"
"57569f7e2005894082239aaa","63406c0b14ee2c0001eee375"
"575ab9ce20058940822473c8","6343ced6bb1ab900016b62d2"
"577699242005895434da8add","633e9c975b31c30001896bb3"
"5783685863051f030dca5650","633e9c975b31c30001896bb3"
"5783685863051f030dca5650","6343ced6bb1ab900016b62d2"
"578f4f232005893474c1503b","6343ced6bb1ab900016b62d2"
"578f4f802325b44124e62a08","6343d08dbb1ab900016b631e"
"578f4f802325b44124e62a08","6343d2743d4e620001f17e42"
"579b10b563051f76eae3a527","6343fc833d4e620001f189de"
"579b338663051f76eae3b6d1","63406c0b14ee2c0001eee375"
"579fcd7c63051f48e4cafb96","6343ced6bb1ab900016b62d2"
"57a1ee6c2005896663c3a87c","633e9c975b31c30001896bb3"
"57a24c8c63051f48e4cb9017","633e9c975b31c30001896bb3"
"57a4c48463051f48e4cbf64a","633d5ba13b75420001f2b92d"
"57b210562005896663c65f02","6343ce163337b70001a63d71"
"57b210562005896663c65f02","6343ced6bb1ab900016b62d2"
"57becaa8200589511fec8730","633d5ba13b75420001f2b92d"
"57c097fd2325b461b72cc2ba","633d5ba13b75420001f2b92d"
"57c3297c63051f446b9ea7a9","6343ced6bb1ab900016b62d2"
"57c4a17b2325b43d3e4ac4af","633d5ba13b75420001f2b92d"
"57c85ed3200589511fef5750","63406c0b14ee2c0001eee375"
"57c88c3663051f5a5b71a35f","633d5ba13b75420001f2b92d"
"57c88c3663051f5a5b71a35f","63406c0b14ee2c0001eee375"
"57d2f2a52005895c20b49a82","6343ce163337b70001a63d71"
"57e01cf92325b467fff14826","6343d08dbb1ab900016b631e"
"57e01cf92325b467fff14826","6343d2743d4e620001f17e42"
"57e03d1e2325b467fff15a70","6343d08dbb1ab900016b631e"
"57e03d1e2325b467fff15a70","6343d2743d4e620001f17e42"
"57e3dfbf2005893b7fe3b758","6342ded23d4e620001f14329"
"57f12a7d20058924a10be33b","6343ce163337b70001a63d71"
"57f12a7d20058924a10be33b","6343ced6bb1ab900016b62d2"
"57f12df563051f5158a0cb52","633e9c975b31c30001896bb3"
"57f76ab82325b462285618b2","633ecc224769100001415f11"
"57f76c7a2325b462285619bc","633d5ba13b75420001f2b92d"
"57f82e6520058924a10de5a0","6343ce163337b70001a63d71"
"58015fc163051f3ef5534347","633d5ba13b75420001f2b92d"
"580605ce2325b46b0976dfab","6343ced6bb1ab900016b62d2"
"5806907363051f2bdec9ef52","6343ce163337b70001a63d71"
"5807821a2325b43c97466573","61e819f77090ca0001a0b177"
"580921a22325b42fe54736ef","633e9c975b31c30001896bb3"
"580de4322005896fdfa788a5","633e9c975b31c30001896bb3"
"580e514763051f2bdecbe87a","6343ced6bb1ab900016b62d2"
"580e514763051f2bdecbe87a","6343d08dbb1ab900016b631e"
"580e514763051f2bdecbe87a","6343d2743d4e620001f17e42"
"58106b2b2325b437154683f4","633d5ba13b75420001f2b92d"
"5810772b63051f3f6c522e7b","633e9b8f5b31c30001896b54"
"581262052325b44b00307812","6343ced6bb1ab900016b62d2"
"58134b1a2005896fdfa97b52","6343ced6bb1ab900016b62d2"
"58164fc163051f3f6c540136","6343ced6bb1ab900016b62d2"
"5817523663051f6f0f7df5a4","633e9c975b31c30001896bb3"
"581883d52005895036eb75f7","63406c0b14ee2c0001eee375"
"5819c4b62005895036ebd433","633e9c975b31c30001896bb3"
"581a55252325b41598e9ffc2","633d5ba13b75420001f2b92d"
"582444c92325b467f1f4b74a","63406c0b14ee2c0001eee375"
"5824df4363051f0a85e65b91","6343d08dbb1ab900016b631e"
"5824df4363051f0a85e65b91","6343d2743d4e620001f17e42"
"5824eb07200589781683977a","6343ced6bb1ab900016b62d2"
"5827536e2325b467f1f5db9c","633e9c975b31c30001896bb3"
"58308a008983be62fe93163e","633d5ba13b75420001f2b92d"
"583c21b18983be62feceebc7","633e9c975b31c30001896bb3"
"583c21b18983be62feceebc7","6343d08dbb1ab900016b631e"
"583c21b18983be62feceebc7","6343d2743d4e620001f17e42"
"584960ac8983be62fe1744dd","633d5ba13b75420001f2b92d"
"5849c3038983be62fe1d83b8","6343d5d6bb1ab900016b645b"
"584aa38f8983be62fe21b59c","6343ced6bb1ab900016b62d2"
"58555b698983be62fe704bd0","6343d08dbb1ab900016b631e"
"58555b698983be62fe704bd0","6343d2743d4e620001f17e42"
"58584a478983be62fe7b61da","633e9c975b31c30001896bb3"
"586683b38983be62feaeb565","63406c0b14ee2c0001eee375"
"586683b38983be62feaeb565","6343d08dbb1ab900016b631e"
"586683b38983be62feaeb565","6343d2743d4e620001f17e42"
"586e98618983be62fed664c2","6343ced6bb1ab900016b62d2"
"586ff48d8983be62fed986bd","6343ce163337b70001a63d71"
"587f7c058983be62fe3e5556","633e9c975b31c30001896bb3"
"589097238983be62feba87b8","633d5ba13b75420001f2b92d"
"589097238983be62feba87b8","633e9c975b31c30001896bb3"
"5890f0be8983be62febef29b","6343ced6bb1ab900016b62d2"
"589518338983be62feddd021","63406c0b14ee2c0001eee375"
"58a0bc608983be62fe3718cd","63406c0b14ee2c0001eee375"
"58ab6df08983be62fe81cacb","6343ce163337b70001a63d71"
"58b8594d8983be62fede2fc3","6343ced6bb1ab900016b62d2"
"58bed29a8983be62fe0cadec","6343ced6bb1ab900016b62d2"
"58c711a68983be62fe4a174a","633d5ba13b75420001f2b92d"
"58c711a68983be62fe4a174a","6343d08dbb1ab900016b631e"
"58c711a68983be62fe4a174a","6343d2743d4e620001f17e42"
"58cb0d418983be62fe5ff006","63406c0b14ee2c0001eee375"
"58cb0d418983be62fe5ff006","6343ced6bb1ab900016b62d2"
"58cc04cb8983be62fe605e23","6343ced6bb1ab900016b62d2"
"58d136578983be62fe7d7891","6343ced6bb1ab900016b62d2"
"58d136578983be62fe7d7891","6343d08dbb1ab900016b631e"
"58d136578983be62fe7d7891","6343d2743d4e620001f17e42"
"58da94598983be62feb261da","63406c0b14ee2c0001eee375"
"58dfef9c8983be62fec28de3","6343d08dbb1ab900016b631e"
"58dfef9c8983be62fec28de3","6343d2743d4e620001f17e42"
"58e9267a8983be62fee2d02d","63406c0b14ee2c0001eee375"
"58fd0c2d8983be62fe3191d4","633e9c975b31c30001896bb3"
"58fd0c2d8983be62fe3191d4","6343ced6bb1ab900016b62d2"
"590614498983be07b3e8eb32","6343d08dbb1ab900016b631e"
"590614498983be07b3e8eb32","6343d2743d4e620001f17e42"
"59124b908983be07b30e47d8","6343ced6bb1ab900016b62d2"
"5925f8b08983be07b36baad4","6343ce163337b70001a63d71"
"592751608983be07b36cafd5","63406c0b14ee2c0001eee375"
"592b07d28983be07b37a2123","63406c0b14ee2c0001eee375"
"592f3f6d8983be07b3833c90","6343ced6bb1ab900016b62d2"
"59335d438983be07b3a666ad","6343ced6bb1ab900016b62d2"
"593d7f628983be04c4a75793","6343ce163337b70001a63d71"
"5952aa218983be27fd181598","633e9b8f5b31c30001896b54"
"595523268983be27fd1eb741","633d5ba13b75420001f2b92d"
"595b77f48983be27fd3dfef7","6343ced6bb1ab900016b62d2"
"5970cd358983be04bc877392","63406c0b14ee2c0001eee375"
"5970cd358983be04bc877392","6343ced6bb1ab900016b62d2"
"59877be78983be04bcec6500","61e819f77090ca0001a0b177"
"5989c8178983be04bcf3281a","63406c0b14ee2c0001eee375"
"5989c8178983be04bcf3281a","6343ced6bb1ab900016b62d2"
"5999d7638983be04bc2fa463","6343ce163337b70001a63d71"
"599b17a88983be04bc3109c6","6343ced6bb1ab900016b62d2"
"599ffcae8983be04bc463e86","633d5ba13b75420001f2b92d"
"599ffcae8983be04bc463e86","63406c0b14ee2c0001eee375"
"599ffcae8983be04bc463e86","6343ced6bb1ab900016b62d2"
"599ffcae8983be04bc463e86","6343d08dbb1ab900016b631e"
"599ffcae8983be04bc463e86","6343d2743d4e620001f17e42"
"59a6cada8983be04bc64a1f1","6343d08dbb1ab900016b631e"
"59a6cada8983be04bc64a1f1","6343d2743d4e620001f17e42"
"59ad67270e0d4e71d85e6e36","6343ced6bb1ab900016b62d2"
"59b0ee060e0d4e702f16c1b7","633d5ba13b75420001f2b92d"
"59bd77dfe204516892b6cc56","633e9c975b31c30001896bb3"
"59bd77dfe204516892b6cc56","6343ced6bb1ab900016b62d2"
"59bedb86e204516892b72a76","6343ced6bb1ab900016b62d2"
"59c52508a7934d57e337fe27","633e9c975b31c30001896bb3"
"59c52508a7934d57e337fe27","6343ced6bb1ab900016b62d2"
"59ce30b30e0d4e428d56f6f2","6343d08dbb1ab900016b631e"
"59ce30b30e0d4e428d56f6f2","6343d2743d4e620001f17e42"
"59d29407a7934d68462371ee","633d5ba13b75420001f2b92d"
"59d29407a7934d68462371ee","633ecc224769100001415f11"
"59d29407a7934d68462371ee","6343ced6bb1ab900016b62d2"
"59d5424de20451673bd079a4","6343ced6bb1ab900016b62d2"
"59ddf44d0e0d4e16a9118c75","6343d08dbb1ab900016b631e"
"59ddf44d0e0d4e16a9118c75","6343d2743d4e620001f17e42"
"59de9372e204510c80331822","631f1eddbfe1960001f32a54"
"59de9372e204510c80331822","633c44853b75420001f26813"
"59df6ca9e204510c80337e07","633e9c975b31c30001896bb3"
"59e07fe9a7934d5182f93416","6343fc833d4e620001f189de"
"59e1e9b5e204510c8034f257","6343ced6bb1ab900016b62d2"
"59e22f15a7934d5182fa37ba","6343ced6bb1ab900016b62d2"
"59ec8d4aa7934d7284619ffb","63406c0b14ee2c0001eee375"
"59f5d4b1a7934d05fad2a9f3","6343ced6bb1ab900016b62d2"
"59f8728f0e0d4e1b934ef409","6343d08dbb1ab900016b631e"
"59f8728f0e0d4e1b934ef409","6343d2743d4e620001f17e42"
"59fda50ee20451561bbcdc41","6343ced6bb1ab900016b62d2"
"59fde3c8e20451561bbd0d60","633d5ba13b75420001f2b92d"
"5a047847e2045171624b6275","6343ced6bb1ab900016b62d2"
"5a05c479a7934d27a57c691f","6343ced6bb1ab900016b62d2"
"5a082c0a0e0d4e6e79e57271","6343ced6bb1ab900016b62d2"
"5a08c7230e0d4e6e79e5c703","633e9c975b31c30001896bb3"
"5a08c7230e0d4e6e79e5c703","6343d08dbb1ab900016b631e"
"5a08c7230e0d4e6e79e5c703","6343d2743d4e620001f17e42"
"5a0b4eb9a7934d5222c7e9e1","63406c0b14ee2c0001eee375"
"5a0be64ce2045172bf8c57df","6343ced6bb1ab900016b62d2"
"5a148c99e204517900805801","6343d08dbb1ab900016b631e"
"5a148c99e204517900805801","6343d2743d4e620001f17e42"
"5a148d79a7934d215cbd2c06","63406c0b14ee2c0001eee375"
"5a19b316e204516a06bcf169","633e9c975b31c30001896bb3"
"5a19b316e204516a06bcf169","6343ce163337b70001a63d71"
"5a19b316e204516a06bcf169","6343d08dbb1ab900016b631e"
"5a19b316e204516a06bcf169","6343d2743d4e620001f17e42"
"5a1d3474a7934d5d0868c427","6343ced6bb1ab900016b62d2"
"5a218138e204516a06c07394","6343ced6bb1ab900016b62d2"
"5a26b959e204516a06c2ea1d","6343ced6bb1ab900016b62d2"
"5a326cfe0e0d4e19264ab37d","6343ced6bb1ab900016b62d2"
"5a341dbae204513f27965d03","63406c0b14ee2c0001eee375"
"5a392fef0e0d4e63ef8eb7b2","633d5ba13b75420001f2b92d"
"5a3ec876a7934d3a3c7db0cd","6343ced6bb1ab900016b62d2"
"5a4cfcd40e0d4e7a97477eac","633e9c975b31c30001896bb3"
"5a4cfcd40e0d4e7a97477eac","6343ced6bb1ab900016b62d2"
"5a4d24efe204517929295c8b","633d557810d35d000159a454"
"5a4ea8bc0e0d4e7a974841bd","6343ced6bb1ab900016b62d2"
"5a4f41f3a7934d453a8a4365","633ecc224769100001415f11"
"5a4fb2e5a7934d7d9b9bb9c5","63432cf33d4e620001f1602f"
"5a50b727a7934d7d9b9c1f2e","633ecc224769100001415f11"
"5a50b727a7934d7d9b9c1f2e","6343ced6bb1ab900016b62d2"
"5a54ab680e0d4e252552527e","633d5ba13b75420001f2b92d"
"5a551f2e0e0d4e25255293a6","633e9c975b31c30001896bb3"
"5a56738fe20451353eb8d7df","633d5ba13b75420001f2b92d"
"5a56738fe20451353eb8d7df","6343ce163337b70001a63d71"
"5a569053e20451353eb8e955","633e9c975b31c30001896bb3"
"5a58a5a00e0d4e7f30a53001","63406c0b14ee2c0001eee375"
"5a59da28e204512f8caaa79a","633d5ba13b75420001f2b92d"
"5a59da28e204512f8caaa79a","6343ced6bb1ab900016b62d2"
"5a5cb26ba7934d494601e734","633e9c975b31c30001896bb3"
"5a5cfc6ee204512f8cac06f3","6343ced6bb1ab900016b62d2"
"5a698a16e204513a11447121","63406c0b14ee2c0001eee375"
"5a735e1ba7934d455f09eaac","6342ded23d4e620001f14329"
"5a7897bba7934d139e595e0d","6343ced6bb1ab900016b62d2"
"5a7dcd91a7934d179d83efa9","633e9c975b31c30001896bb3"
"5a81d7260e0d4e5924c02c39","63432cf33d4e620001f1602f"
"5a81e8e1e204512a4e3dfe33","633e9c975b31c30001896bb3"
"5a81e8e1e204512a4e3dfe33","6343ced6bb1ab900016b62d2"
"5a8d58dea7934d30911cd742","6343d08dbb1ab900016b631e"
"5a8d58dea7934d30911cd742","6343d2743d4e620001f17e42"
"5a912bd4e204517af7936a65","633d5ba13b75420001f2b92d"
"5a9d987be2045165d37ff1c9","633e9c975b31c30001896bb3"
"5aa172b9e204512873c52907","6343d08dbb1ab900016b631e"
"5aa172b9e204512873c52907","6343d2743d4e620001f17e42"
"5aa192f70e0d4e616917b31d","6343ced6bb1ab900016b62d2"
"5aa6bb3ca7934d7c8ab74fb9","6343ced6bb1ab900016b62d2"
"5aa7fdcd0e0d4e6444992414","6343ce163337b70001a63d71"
"5aad326fa7934d467b76d351","6343ced6bb1ab900016b62d2"
"5ab9b1c3a7934d4ef7e257b1","63432cf33d4e620001f1602f"
"5aba0f5d0e0d4e0d564f0405","63406c0b14ee2c0001eee375"
"5abd982ba7934d52ff3e1282","63432cf33d4e620001f1602f"
"5abf8ce80e0d4e196d08eaca","633d5ba13b75420001f2b92d"
"5ac0b796e204515925b68000","633e9c975b31c30001896bb3"
"5ac3600da7934d52ff3fd9d5","6343ced6bb1ab900016b62d2"
"5aca78c60e0d4e48c662dadf","633e9c975b31c30001896bb3"
"5aca78c60e0d4e48c662dadf","6343d7bd3337b70001a63f92"
"5af40d47e204511d408ab5cf","63406c0b14ee2c0001eee375"
"5af452b90e0d4e678721cea9","61e819f77090ca0001a0b177"
"5afd720a0e0d4e028594d475","633e9c975b31c30001896bb3"
"5aff162fa7934d63addb7ac4","633e9c975b31c30001896bb3"
"5b18f791a7934d788a310d98","63406c0b14ee2c0001eee375"
"5b1b442be20451414874266b","6343ced6bb1ab900016b62d2"
"5b2441c20e0d4e5aa212f44d","63406c0b14ee2c0001eee375"
"5b2d42740e0d4e7675e290bb","6343ced6bb1ab900016b62d2"
"5b3235520e0d4e3f96ef1864","6343d08dbb1ab900016b631e"
"5b3235520e0d4e3f96ef1864","6343d2743d4e620001f17e42"
"5b3a5d990e0d4e7c5f515ca2","63406c0b14ee2c0001eee375"
"5b477723a7934d017541e2c4","633ac71ec8990800018a60e9"
"5b5110e2e204517df3af98d9","6343ced6bb1ab900016b62d2"
"5b54dc7be204512dbdcd4ab7","633d5ba13b75420001f2b92d"
"5b54dc7be204512dbdcd4ab7","6343d08dbb1ab900016b631e"
"5b54dc7be204512dbdcd4ab7","6343d2743d4e620001f17e42"
"5b54de54e204512dbdcd4ae2","633d5ba13b75420001f2b92d"
"5b56493fa7934d682826eab1","633d5ba13b75420001f2b92d"
"5b56493fa7934d682826eab1","633ecc224769100001415f11"
"5b56493fa7934d682826eab1","6343ced6bb1ab900016b62d2"
"5b58a140a7934d2ffa00fbdf","6343ced6bb1ab900016b62d2"
"5b5ae144e204510283a22147","63406c0b14ee2c0001eee375"
"5b5ae144e204510283a22147","6343ced6bb1ab900016b62d2"
"5b5c431da7934d2ffa051257","6343c9963d4e620001f17caf"
"5b5c71d30e0d4e6ceb3e47c4","6343ced6bb1ab900016b62d2"
"5b63438aa7934d365eb6bd3b","6343d8d03d4e620001f17fbd"
"5b6d7b1be204510d6ac07246","6343ced6bb1ab900016b62d2"
"5b716128e204510e001a169d","6343ced6bb1ab900016b62d2"
"5b716128e204510e001a169d","6343d08dbb1ab900016b631e"
"5cb9de73a7934d7a2dfd0fed","6343d2743d4e620001f17e42"
"5cbb1d7de204515d32688d4f","633e9c975b31c30001896bb3"
"5cbb88d4e204515d32689ce2","6343d08dbb1ab900016b631e"
"5cbb88d4e204515d32689ce2","6343d2743d4e620001f17e42"
"5cc3dd16a7934d7785a6dd06","62c86525c7a4cb0001d4464f"
"5cc47eb7e204510b642a3fd1","633d5ba13b75420001f2b92d"
"5ccb280c0e0d4e4a8be62b7a","633dce9fbb1ab90001694ae9"
"5ccda968e204510b642d82eb","63406c0b14ee2c0001eee375"
"5cdd19cce204512863dffb0d","6343ced6bb1ab900016b62d2"
"5ce071750e0d4e2c3789084f","633e9c975b31c30001896bb3"
"5ce5a6aa0e0d4e783f1f8457","63406c0b14ee2c0001eee375"
"5ce6b434a7934d0e2acdeeb9","6343d08dbb1ab900016b631e"
"5ce6b434a7934d0e2acdeeb9","6343d2743d4e620001f17e42"
"5ce6d0c9a7934d0e2acdf751","6343ce163337b70001a63d71"
"5ced80040e0d4e0e3ffd6725","6343ced6bb1ab900016b62d2"
"5cf9fcc00e0d4e4630c6da5f","633705649797500001eb4162"
"5cffec2b0e0d4e6b06ed1d5a","633dce9fbb1ab90001694ae9"
"5d03ca57a7934d3dd37f78c6","633dce9fbb1ab90001694ae9"
"5d06780ea7934d3dd3800937","633d5ba13b75420001f2b92d"
"5d06780ea7934d3dd3800937","6343d08dbb1ab900016b631e"
"5d06780ea7934d3dd3800937","6343d2743d4e620001f17e42"
"5d096442e204513b35c30e8c","633e9c975b31c30001896bb3"
"5d0a5a30a7934d2b0625552d","6343ced6bb1ab900016b62d2"
"5d0be917e204512565fb51bb","633d5ba13b75420001f2b92d"
"5d0d0e570e0d4e528d8fd95a","633d5ba13b75420001f2b92d"
"5d124b70e204512565fd16d0","633705649797500001eb4162"
"5d16604de204512565ffe98e","6343d08dbb1ab900016b631e"
"5d16604de204512565ffe98e","6343d2743d4e620001f17e42"
"5d191c500e0d4e528d947579","63432cf33d4e620001f1602f"
"5d1ca7500e0d4e4c5ba72950","6343ced6bb1ab900016b62d2"
"5d1e7dcfa7934d418821a055","63432cf33d4e620001f1602f"
"5d23817ca7934d6308c34e35","6343ced6bb1ab900016b62d2"
"5d23f9a9a7934d6308c36d3b","63406c0b14ee2c0001eee375"
"5d25072ba7934d125d35d54b","63432cf33d4e620001f1602f"
"5d2b3bc80e0d4e49ec062c41","6343ced6bb1ab900016b62d2"
"5d2c4afa0e0d4e49ec064ceb","633d5ba13b75420001f2b92d"
"5d30b09c0e0d4e38a12d52df","633d5ba13b75420001f2b92d"
"5d30b09c0e0d4e38a12d52df","633e9c975b31c30001896bb3"
"5d3a19ea0e0d4e38a131c5ed","633d5ba13b75420001f2b92d"
"5d3b2d0b0e0d4e38a13200f9","633e9c975b31c30001896bb3"
"5d3f5e13a7934d5b2ec98daa","6343ced6bb1ab900016b62d2"
"5d46cd82e20451225e12ff92","6343ced6bb1ab900016b62d2"
"5d46d0860e0d4e3c9740e95b","633e9c975b31c30001896bb3"
"5d46d0860e0d4e3c9740e95b","6343ced6bb1ab900016b62d2"
"5d553c970e0d4e3ccfc9e477","633d5ba13b75420001f2b92d"
"5d5830200e0d4e0352585c35","6343ced6bb1ab900016b62d2"
"5d59b1fda7934d4baf28e27b","63432cf33d4e620001f1602f"
"5d601a610e0d4e0b8e4b72e9","633e9c975b31c30001896bb3"
"5d64b628e204517287badb4b","633dce9fbb1ab90001694ae9"
"5d6572e7a7934d4bebc558a0","633d5ba13b75420001f2b92d"
"5d67e6c5e20451227cb65662","63406c0b14ee2c0001eee375"
"5d6abcdba7934d5e923453b9","631f1eddbfe1960001f32a54"
"5d6abcdba7934d5e923453b9","633c44853b75420001f26813"
"5d6ae6b6a7934d5e923460a0","6343ced6bb1ab900016b62d2"
"5d6ae6b6a7934d5e923460a0","6343d7bd3337b70001a63f92"
"5d6cdd4fe20451227cb82db6","6343ce163337b70001a63d71"
"5d6e1c9e0e0d4e604c2c621e","63406c0b14ee2c0001eee375"
"5d6f8a670e0d4e5c1a0c92bb","6343ced6bb1ab900016b62d2"
"5d7405af0e0d4e349d5de1c2","6343d08dbb1ab900016b631e"
"5d7405af0e0d4e349d5de1c2","6343d2743d4e620001f17e42"
"5d7415f1a7934d2e5a41089d","633e9c975b31c30001896bb3"
"5d779fb8a7934d2e5a41b35b","6343ced6bb1ab900016b62d2"
"5d783628a7934d751deffc14","63406c0b14ee2c0001eee375"
"5d783628a7934d751deffc14","6343d7bd3337b70001a63f92"
"5d78e9c2e204514061c9fcfe","633e9c975b31c30001896bb3"
"5d792df10e0d4e6c8b7b2ccb","6343ced6bb1ab900016b62d2"
"5d7935c2a7934d18ba1615c0","63406c0b14ee2c0001eee375"
"5d7935c2a7934d18ba1615c0","6343d08dbb1ab900016b631e"
"5d7935c2a7934d18ba1615c0","6343d2743d4e620001f17e42"
"5d7954680e0d4e6c8b7b3a9e","633e9c975b31c30001896bb3"
"5d79eeab0e0d4e6c8b7b4e5e","633d5ba13b75420001f2b92d"
"5d7a1503e204514061cacc4f","634037e4fcbedc0001d08b63"
"5d7b5a120e0d4e6c8b7e222a","633ecc224769100001415f11"
"5d7b5a120e0d4e6c8b7e222a","6343ced6bb1ab900016b62d2"
"5d7b5a89e204514061cd3bc9","633d5ba13b75420001f2b92d"
"5d7b5a89e204514061cd3bc9","6343ced6bb1ab900016b62d2"
"5d7b7404a7934d18ba190c69","633d5ba13b75420001f2b92d"
"5d7be86ea7934d38faf3c692","6343ced6bb1ab900016b62d2"
"5d7be86ea7934d38faf3c692","6343d08dbb1ab900016b631e"
"5d7be86ea7934d38faf3c692","6343d2743d4e620001f17e42"
"5d7d0ea8e2045160cab8f814","63432cf33d4e620001f1602f"
"5d8084a70e0d4e0d6b2d0b01","633ecc224769100001415f11"
"5d83fc28a7934d2e527d466b","633ecc224769100001415f11"
"5d84fa9fe20451539e86d154","63361acf9797500001eb01bf"
"5d8551cea7934d2e527e7ade","63432cf33d4e620001f1602f"
"5d88a4efe20451539e87a16f","633d5ba13b75420001f2b92d"
"5d912256a7934d3829c7d576","633d5ba13b75420001f2b92d"
"5d91d28da7934d3829c7e9a2","6343ced6bb1ab900016b62d2"
"5d922b86e204512568a5b6b4","633d5ba13b75420001f2b92d"
"5d93d2cda7934d6ee77bb8fe","633d5ba13b75420001f2b92d"
"5d985822e204511f432849e9","6343ced6bb1ab900016b62d2"
"5da0ca68a7934d05644bf7a5","6343ced6bb1ab900016b62d2"
"5da4b98f0e0d4e1ee4e39bc9","63406c0b14ee2c0001eee375"
"5da8d0b3e2045127a5d4f33d","6343ced6bb1ab900016b62d2"
"5daa43d8db50c74ecb74890b","633d5ba13b75420001f2b92d"
"5daa43d8db50c74ecb74890b","6343ced6bb1ab900016b62d2"
"5db2185cd30dd02690e04a53","6343d08dbb1ab900016b631e"
"5db2185cd30dd02690e04a53","6343d2743d4e620001f17e42"
"5db28754d30dd02690e058bb","633e9c975b31c30001896bb3"
"5dbb6d18db50c725f238f1a3","633d5ba13b75420001f2b92d"
"5dbbfe6ad30dd03367367dcf","63406c0b14ee2c0001eee375"
"5dc08513d30dd04c7617bff7","63406c0b14ee2c0001eee375"
"5dc38580d30dd04c7618b8f3","633ecc224769100001415f11"
"5dc6fc803921005d807d7bba","633ecc224769100001415f11"
"5dc98bd2d30dd033b8fe07b1","63406c0b14ee2c0001eee375"
"5dc9c2f6db50c7161cd4ab4e","633d5ba13b75420001f2b92d"
"5dc9c2f6db50c7161cd4ab4e","6343ced6bb1ab900016b62d2"
"5dc9ecfd39210054bdaae97d","6343d08dbb1ab900016b631e"
"5dc9ecfd39210054bdaae97d","6343d2743d4e620001f17e42"
"5dcd240fd30dd053be29a8a1","633e9c975b31c30001896bb3"
"5dcd240fd30dd053be29a8a1","6343ced6bb1ab900016b62d2"
"5dcdd4e2db50c7388b669257","6343d7bd3337b70001a63f92"
"5dcdd6e3d30dd053be2c8a09","633d5ba13b75420001f2b92d"
"5dcf067edb50c70afe4630ee","6343ce163337b70001a63d71"
"5dcf067edb50c70afe4630ee","6343d08dbb1ab900016b631e"
"5dcf067edb50c70afe4630ee","6343d2743d4e620001f17e42"
"5ddc200bdb50c7216fc85167","633705649797500001eb4162"
"5de6779139210068467d6a4c","63432cf33d4e620001f1602f"
"5de6c8b8db50c741515de536","6343ced6bb1ab900016b62d2"
"5de95148d30dd0561e2eddfe","63406c0b14ee2c0001eee375"
"5de95148d30dd0561e2eddfe","6343d7bd3337b70001a63f92"
"5dea0a23db50c75c0a4eecae","633dce9fbb1ab90001694ae9"
"5df01ec7d30dd05a2eb0ef9f","633e9c975b31c30001896bb3"
"5df233db3921004854dcd9bc","633e9c975b31c30001896bb3"
"5e01b6bb3921004972a1de0c","63432cf33d4e620001f1602f"
"5e0231713921004972a1ee50","63406c0b14ee2c0001eee375"
"5e0231713921004972a1ee50","6343ced6bb1ab900016b62d2"
"5e0231713921004972a1ee50","6343d08dbb1ab900016b631e"
"5e0231713921004972a1ee50","6343d2743d4e620001f17e42"
"5e03cece3921004972a21912","6343ce163337b70001a63d71"
"5e052f38d30dd0313567bcbb","6343ced6bb1ab900016b62d2"
"5b716128e204510e001a169d","6343d2743d4e620001f17e42"
"5b73b623e204510e001a5777","6343ced6bb1ab900016b62d2"
"5b768b94a7934d7bfd5fc515","6343ce163337b70001a63d71"
"5b787d560e0d4e6801080df3","6343d08dbb1ab900016b631e"
"5b787d560e0d4e6801080df3","6343d2743d4e620001f17e42"
"5b8335bde204512155142aad","6343ce163337b70001a63d71"
"5b8335bde204512155142aad","6343d08dbb1ab900016b631e"
"5b8335bde204512155142aad","6343d2743d4e620001f17e42"
"5b83e425a7934d4d4cb77db8","6343ced6bb1ab900016b62d2"
"5b8649fd0e0d4e6c75530597","6343cc7e3d4e620001f17d17"
"5b87d8a90e0d4e6c755477a6","6343cc7e3d4e620001f17d17"
"5b895caf0e0d4e6c7555799e","633e9c975b31c30001896bb3"
"5b895caf0e0d4e6c7555799e","6343d08dbb1ab900016b631e"
"5b895caf0e0d4e6c7555799e","6343d2743d4e620001f17e42"
"5b956c6ae2045167f1f3aa69","6343d08dbb1ab900016b631e"
"5b956c6ae2045167f1f3aa69","6343d2743d4e620001f17e42"
"5b9635360e0d4e77db542ea3","6343ce163337b70001a63d71"
"5b96af7c0e0d4e77db544cec","631f1eddbfe1960001f32a54"
"5b96af7c0e0d4e77db544cec","633c44853b75420001f26813"
"5b97c1640e0d4e5f4f0fb8f1","633e9c975b31c30001896bb3"
"5b99665b0e0d4e02704828b4","6343d08dbb1ab900016b631e"
"5b99665b0e0d4e02704828b4","6343d2743d4e620001f17e42"
"5b9b821e0e0d4e027049ade9","633ecc224769100001415f11"
"5b9b821e0e0d4e027049ade9","63406c0b14ee2c0001eee375"
"5ba6a27b0e0d4e565a2e29e0","633d5ba13b75420001f2b92d"
"5ba8dde5e204514097c306f4","63406c0b14ee2c0001eee375"
"5ba8dde5e204514097c306f4","6343ced6bb1ab900016b62d2"
"5ba938dae204514097c45636","633daef2bb1ab9000169396c"
"5ba938dae204514097c45636","6343ced6bb1ab900016b62d2"
"5ba94283a7934d1309a2f274","63406c0b14ee2c0001eee375"
"5bab8294e204514097c6274d","6343ced6bb1ab900016b62d2"
"5bab834ce204514097c627a1","633d5ba13b75420001f2b92d"
"5bae2d67e204514c0655c4d1","6343ced6bb1ab900016b62d2"
"5bae68730e0d4e4a0283200e","633e9c975b31c30001896bb3"
"5bb23dd8e2045160b9108309","633d5ba13b75420001f2b92d"
"5bb776aae204514b9d95a728","6343ce163337b70001a63d71"
"5bb776aae204514b9d95a728","6343d08dbb1ab900016b631e"
"5bb776aae204514b9d95a728","6343d2743d4e620001f17e42"
"5bb783eaa7934d4a7c774a3a","63406c0b14ee2c0001eee375"
"5bba6a5d0e0d4e68ed5ed62e","63432cf33d4e620001f1602f"
"5bbc8fa0a7934d777f8f99ed","6343d08dbb1ab900016b631e"
"5bbc8fa0a7934d777f8f99ed","6343d2743d4e620001f17e42"
"5bbcea48a7934d777f8ff9d8","63406c0b14ee2c0001eee375"
"5bbd2931e2045118009cc0a1","6343ced6bb1ab900016b62d2"
"5bbdc5f00e0d4e056fb27a43","63406c0b14ee2c0001eee375"
"5bbf5e87e2045164bf0d1bfe","6343ced6bb1ab900016b62d2"
"5bbf5e87e2045164bf0d1bfe","6343d08dbb1ab900016b631e"
"5bbf5e87e2045164bf0d1bfe","6343d2743d4e620001f17e42"
"5bca2076e204512e416be76c","63406c0b14ee2c0001eee375"
"5bca526d0e0d4e27e3470ec1","63406c0b14ee2c0001eee375"
"5bca61630e0d4e27e34710e4","6343ced6bb1ab900016b62d2"
"5bcba040e204512e416dcf9e","633e9c975b31c30001896bb3"
"5bd77a450e0d4e6c05d18fb6","633e9c975b31c30001896bb3"
"5bd900bbe2045148ac72151e","633d5ba13b75420001f2b92d"
"5bd900bbe2045148ac72151e","6343ced6bb1ab900016b62d2"
"5bd9e168e204517e0c18014a","6343ced6bb1ab900016b62d2"
"5bdca2e9e20451211430ad40","633d5ba13b75420001f2b92d"
"5be28bc2a7934d3bce507c97","633ecc224769100001415f11"
"5be2acef0e0d4e4ff5b47bfc","633d5ba13b75420001f2b92d"
"5be2acef0e0d4e4ff5b47bfc","633e9c975b31c30001896bb3"
"5be414c8e2045136a8cf5e25","63406c0b14ee2c0001eee375"
"5be98de4e2045136a8d1c7a0","63406c0b14ee2c0001eee375"
"5beb54d3a7934d645ec37fe5","633ecc224769100001415f11"
"5bed37dae20451358fb1c145","6343d08dbb1ab900016b631e"
"5bed37dae20451358fb1c145","6343d2743d4e620001f17e42"
"5bef43a1e20451358fb33622","6343ced6bb1ab900016b62d2"
"5bf08090e20451358fb3a979","6343ced6bb1ab900016b62d2"
"5bf57d4da7934d645ec6faec","6343ced6bb1ab900016b62d2"
"5bf57d4da7934d645ec6faec","6343d08dbb1ab900016b631e"
"5bf57d4da7934d645ec6faec","6343d2743d4e620001f17e42"
"5bf679a90e0d4e262171688d","633e9c975b31c30001896bb3"
"5c07fdb2e204514570237ce9","6343ce163337b70001a63d71"
"5c180c53e204517ea457a1ca","633e9c975b31c30001896bb3"
"5c180c53e204517ea457a1ca","63406c0b14ee2c0001eee375"
"5c180f62e204517ea457a231","63406c0b14ee2c0001eee375"
"5c1d19c00e0d4e3c5307f952","633d5ba13b75420001f2b92d"
"5c2cd3e00e0d4e3c530cba43","633e9c975b31c30001896bb3"
"5c2cd3e00e0d4e3c530cba43","6343ced6bb1ab900016b62d2"
"5c2f3204a7934d50011cea51","6343ce163337b70001a63d71"
"5c3bd3aaa7934d3daa51637e","633d990e90d6fd0001349c96"
"5c3f55e5a7934d7f9484ceb6","6343ced6bb1ab900016b62d2"
"5c408a8ea7934d7f948508b7","633d5ba13b75420001f2b92d"
"5c45b9cfe2045141f8cc7e62","633d5ba13b75420001f2b92d"
"5c56c794e2045141f8d0cf61","63406c0b14ee2c0001eee375"
"5c58587da7934d0ec437f830","6343ced6bb1ab900016b62d2"
"5c5da2ece204512d6e8986d4","633d5ba13b75420001f2b92d"
"5c5ec74ae204512d6e89f3bb","633d5ba13b75420001f2b92d"
"5c6d75bba7934d6fb96c6f2a","63406c0b14ee2c0001eee375"
"5c6db74de204516b5608dbc4","6343ced6bb1ab900016b62d2"
"5c6fb697e204516b56092b68","633d5ba13b75420001f2b92d"
"5c740bafe204516b560b0a88","6343ced6bb1ab900016b62d2"
"5c7688fc0e0d4e4877ee2993","6343ced6bb1ab900016b62d2"
"5c770e7a0e0d4e4877ee5db3","633d5ba13b75420001f2b92d"
"5c770e7a0e0d4e4877ee5db3","633ecc224769100001415f11"
"5c77b9340e0d4e4877ee6da5","63406c0b14ee2c0001eee375"
"5c829918a7934d5c3ebbbf46","633daef2bb1ab9000169396c"
"5c892d04e204512ea2257024","6343d08dbb1ab900016b631e"
"5c892d04e204512ea2257024","6343d2743d4e620001f17e42"
"5c8bc0fca7934d68be8f1720","634041f2bb1ab900016a1eeb"
"5c8cf850a7934d68be8f73d8","6343d7bd3337b70001a63f92"
"5c96100be2045169ea7c5790","6343ced6bb1ab900016b62d2"
"5c96b02ea7934d517e1a0fce","634037e4fcbedc0001d08b63"
"5c98deefe2045169ea7cf111","633e9c975b31c30001896bb3"
"5c9f3563a7934d38e4437138","6343ced6bb1ab900016b62d2"
"5ca28a00e204510d174ed17f","63432cf33d4e620001f1602f"
"5ca62d210e0d4e530da4ba1b","633ecc224769100001415f11"
"5ca7bbffa7934d3eb600ce7a","6343ced6bb1ab900016b62d2"
"5cb4a1d3e204517923444092","6343ced6bb1ab900016b62d2"
"5cb63b94a7934d7a2dfb062a","633d5ba13b75420001f2b92d"
"5cb63b94a7934d7a2dfb062a","633daef2bb1ab9000169396c"
"5cb9bcdae204515d32685162","633e9c975b31c30001896bb3"
"5cc311e9e204510b6429f2e5","633e9c975b31c30001896bb3"
"5cc6086c0e0d4e4a8be3e67f","633d5ba13b75420001f2b92d"
"5cc96dd10e0d4e4a8be49e43","6343ced6bb1ab900016b62d2"
"5cca1502e204510b642b5e99","633e9c975b31c30001896bb3"
"5cca1502e204510b642b5e99","63406c0b14ee2c0001eee375"
"5cd54286a7934d6a1f87018f","63406c0b14ee2c0001eee375"
"5cdbb994a7934d6a1f87e227","6343d08dbb1ab900016b631e"
"5cdbb994a7934d6a1f87e227","6343d2743d4e620001f17e42"
"5ce7a2810e0d4e783f2321d0","63432cf33d4e620001f1602f"
"5ced0f430e0d4e1899023208","6343ced6bb1ab900016b62d2"
"5cf016480e0d4e0e3ffdd0ae","63406c0b14ee2c0001eee375"
"5cf0f131e204511b3af86516","633d5ba13b75420001f2b92d"
"5cf57a59a7934d3ac18d9956","63406c0b14ee2c0001eee375"
"5cf724260e0d4e4630c4dde7","633dce9fbb1ab90001694ae9"
"5cfd59eea7934d3ac190d608","6343d08dbb1ab900016b631e"
"5cfd59eea7934d3ac190d608","6343d2743d4e620001f17e42"
"5d02529d0e0d4e6b06ed69b1","6343ced6bb1ab900016b62d2"
"5d02c48ea7934d3dd37eebc9","63406c0b14ee2c0001eee375"
"5d0a647ea7934d2b062556b8","633d5ba13b75420001f2b92d"
"5d0e097fa7934d1677fb501c","633e9c975b31c30001896bb3"
"541fe71463051f15cd0056fa","633ecc224769100001415f11"
"541fe71463051f15cd0056fa","6343d08dbb1ab900016b631e"
"541fe71463051f15cd0056fa","6343d2743d4e620001f17e42"
"542540a663051f1319001a73","633e9c975b31c30001896bb3"
"542540a663051f1319001a73","63406c0b14ee2c0001eee375"
"542d84ad2325b4434700000c","633d5ba13b75420001f2b92d"
"542d84ad2325b4434700000c","63406c0b14ee2c0001eee375"
"545133782325b442470003b2","633d5ba13b75420001f2b92d"
"545133782325b442470003b2","6343d08dbb1ab900016b631e"
"545133782325b442470003b2","6343d2743d4e620001f17e42"
"548af48063051f71810021ac","6343ced6bb1ab900016b62d2"
"5491d12363051f71810063f1","633d5ba13b75420001f2b92d"
"5491d12363051f71810063f1","63406c0b14ee2c0001eee375"
"54ac8dd463051f177b00be7d","633e9c975b31c30001896bb3"
"54ac8dd463051f177b00be7d","6343ced6bb1ab900016b62d2"
"54b54a6263051f6214001b93","633d5ba13b75420001f2b92d"
"54b5a9382325b437b40028cc","633d5ba13b75420001f2b92d"
"54b5a9382325b437b40028cc","6343ce163337b70001a63d71"
"54b5a9382325b437b40028cc","6343d08dbb1ab900016b631e"
"54b5a9382325b437b40028cc","6343d2743d4e620001f17e42"
"54c414492325b467330025c2","63406c0b14ee2c0001eee375"
"54edc34863051f22d300d5ae","633e9c975b31c30001896bb3"
"54edc34863051f22d300d5ae","63406c0b14ee2c0001eee375"
"54edc34863051f22d300d5ae","6343ced6bb1ab900016b62d2"
"54fb1b5f2325b4730800125b","6343ced6bb1ab900016b62d2"
"54ff4141f01b3070b10015fc","63406c0b14ee2c0001eee375"
"55043f6d63051f0ae7004b70","633d5ba13b75420001f2b92d"
"5520283563051f323d006226","6343ced6bb1ab900016b62d2"
"55246e8e2325b4312900e4ed","633e9c975b31c30001896bb3"
"552aa15b63051f51f10045fc","62bd8d7ce2b01d0001549dab"
"553f934b2325b43129019b8d","63406c0b14ee2c0001eee375"
"553f93e52325b43129019b9c","6343ced6bb1ab900016b62d2"
"5549e9ee63051f6ee300cc78","6343ced6bb1ab900016b62d2"
"554a700063051f6ee300e1ec","6343d7bd3337b70001a63f92"
"5555d7a02325b416a1000234","6343ced6bb1ab900016b62d2"
"556f35a02325b452e5000360","633d5ba13b75420001f2b92d"
"55785ccb2325b452e5013e24","6343d08dbb1ab900016b631e"
"55785ccb2325b452e5013e24","6343d2743d4e620001f17e42"
"55a8c5eef01b3066e70056ae","6343ced6bb1ab900016b62d2"
"55b0fa812325b4565e00aa61","6343ced6bb1ab900016b62d2"
"55b2a92f9bf7e8270000a45b","6343ced6bb1ab900016b62d2"
"55bb58789bf7e82580006d61","633e9c975b31c30001896bb3"
"55bd1c5ef01b30389b00fb12","6343ced6bb1ab900016b62d2"
"55d36069f01b3075ae006261","633e9c975b31c30001896bb3"
"55df4a18f77f3024d400236b","633e9c975b31c30001896bb3"
"55f14d20f77f301c8600b42c","63406c0b14ee2c0001eee375"
"55f3e2e363051f542f008a93","6343d08dbb1ab900016b631e"
"55f3e2e363051f542f008a93","6343d2743d4e620001f17e42"
"55f8113d2325b46c9f0173a6","6343d7bd3337b70001a63f92"
"56052670e648c07d200055e0","6343d08dbb1ab900016b631e"
"56052670e648c07d200055e0","6343d2743d4e620001f17e42"
"5613fb79e648c01095019fed","6343d08dbb1ab900016b631e"
"5613fb79e648c01095019fed","6343d2743d4e620001f17e42"
"56159c402325b43afc01a2be","6343ced6bb1ab900016b62d2"
"56177a0f9bf7e8501601c57b","633e9c975b31c30001896bb3"
"561add32cc11fa1e62847e4d","6343ced6bb1ab900016b62d2"
"561b9dfb9bf7e81f4a01fb10","6343d08dbb1ab900016b631e"
"561b9dfb9bf7e81f4a01fb10","6343d2743d4e620001f17e42"
"56308f229bf7e8770fa5177e","633e9c975b31c30001896bb3"
"56339f4b2325b450dad0590a","633e9c975b31c30001896bb3"
"5637acbfcc11fa5716d15d48","633d5ba13b75420001f2b92d"
"5637acbfcc11fa5716d15d48","6343d08dbb1ab900016b631e"
"5637acbfcc11fa5716d15d48","6343d2743d4e620001f17e42"
"5665e3d8f01b300a427236db","633d5ba13b75420001f2b92d"
"568d7cb1f01b302346006364","633d5ba13b75420001f2b92d"
"568ec217f01b302346009cb3","63406c0b14ee2c0001eee375"
"568ec217f01b302346009cb3","6343ced6bb1ab900016b62d2"
"569118c263051f6d7a022388","6343d08dbb1ab900016b631e"
"569118c263051f6d7a022388","6343d2743d4e620001f17e42"
"569828b7f01b306dec01144e","6343ced6bb1ab900016b62d2"
"56a1082c2005894658003997","633d5ba13b75420001f2b92d"
"56a1082c2005894658003997","6343ced6bb1ab900016b62d2"
"56a384f9f01b3066d4001f60","6343d08dbb1ab900016b631e"
"56a384f9f01b3066d4001f60","6343d2743d4e620001f17e42"
"56c2594ef01b3028c30070d2","633e9c975b31c30001896bb3"
"56c2594ef01b3028c30070d2","6343ced6bb1ab900016b62d2"
"56c7210063051f3583009634","633ecc224769100001415f11"
"56d5c5a12325b42ebe00af87","6343d08dbb1ab900016b631e"
"56d5c5a12325b42ebe00af87","6343d2743d4e620001f17e42"
"56d6d3c22005891a96000720","63406c0b14ee2c0001eee375"
"56e91c192325b4170a001a44","6343c9963d4e620001f17caf"
"56ec44ef2325b407de0052d1","633d5ba13b75420001f2b92d"
"56f563262005893a21206eab","63406c0b14ee2c0001eee375"
"5704134463051f4ee6b414df","633d5ba13b75420001f2b92d"
"57063a8c2005893064411bab","633d5ba13b75420001f2b92d"
"57063a8c2005893064411bab","6343d08dbb1ab900016b631e"
"57063a8c2005893064411bab","6343d2743d4e620001f17e42"
"5709420a200589306441c327","6343cafe3337b70001a63cf9"
"570d79a763051f2055b5e512","633e9c975b31c30001896bb3"
"5715357c63051f7fa88d702d","633e9c975b31c30001896bb3"
"57208ee32325b4768dda2159","6343ced6bb1ab900016b62d2"
"572398dc63051f47af88c190","633d5ba13b75420001f2b92d"
"572398dc63051f47af88c190","6343d08dbb1ab900016b631e"
"572398dc63051f47af88c190","6343d2743d4e620001f17e42"
"572e46292325b44a9281db0b","633d5ba13b75420001f2b92d"
"57319e0f2325b4134b2540ca","633e9c975b31c30001896bb3"
"57346cac2325b4134b2606ad","633e9c975b31c30001896bb3"
"573b11682325b461baad7d8a","633e9c975b31c30001896bb3"
"573b6a3563051f48cb4b0eb8","6343cafe3337b70001a63cf9"
"574452a7200589648e05ecc8","61e819f77090ca0001a0b177"
"57588f4663051f6405d40f23","633daef2bb1ab9000169396c"
"57588f4663051f6405d40f23","633ecc224769100001415f11"
"57588f4663051f6405d40f23","6343ced6bb1ab900016b62d2"
"575981ad2005894082243620","6343ced6bb1ab900016b62d2"
"576827e363051f1dbc311429","6343d08dbb1ab900016b631e"
"576827e363051f1dbc311429","6343d2743d4e620001f17e42"
"577f85462325b47b244da4ef","6343ced6bb1ab900016b62d2"
"5786005920058979946dd830","633d5ba13b75420001f2b92d"
"579130cb63051f47151b9ad3","633d5ba13b75420001f2b92d"
"5792b45863051f47151bf749","63406c0b14ee2c0001eee375"
"57a07ec02005896663c3455c","633e9b8f5b31c30001896b54"
"57a350512005896663c3ee97","6343ced6bb1ab900016b62d2"
"57a4a6fe2325b419add3e03f","633e9c975b31c30001896bb3"
"57aa428763051f48e4ccb569","6343d08dbb1ab900016b631e"
"57aa428763051f48e4ccb569","6343d2743d4e620001f17e42"
"57acb0512005896663c58d15","6343ced6bb1ab900016b62d2"
"57adf31b63051f48e4cd70b5","633e9c975b31c30001896bb3"
"57b219e12005896663c660d1","633e9c975b31c30001896bb3"
"57b219e12005896663c660d1","6343ced6bb1ab900016b62d2"
"57b44d0763051f48e4ce3e5c","61e819f77090ca0001a0b177"
"57b44d0763051f48e4ce3e5c","633ecc224769100001415f11"
"57b9c0bd2325b419add797cb","6343d08dbb1ab900016b631e"
"57b9c0bd2325b419add797cb","6343d2743d4e620001f17e42"
"57bee897200589511feca840","633d5ba13b75420001f2b92d"
"57bee897200589511feca840","6343d08dbb1ab900016b631e"
"57bee897200589511feca840","6343d2743d4e620001f17e42"
"57bf21092325b461b72c2fb6","633e9c975b31c30001896bb3"
"57c370a92325b43d3e4a87cc","633d5ba13b75420001f2b92d"
"57c5c571200589511fee8824","633d5ba13b75420001f2b92d"
"57c95110200589511fefb486","6343ced6bb1ab900016b62d2"
"57c95110200589511fefb486","6343d08dbb1ab900016b631e"
"57c95110200589511fefb486","6343d2743d4e620001f17e42"
"57c9993663051f5a5b722054","6343ced6bb1ab900016b62d2"
"57cbf0b22325b4681caba733","633d557810d35d000159a454"
"57cdd27663051f5a5b731306","6343ced6bb1ab900016b62d2"
"57cf1df763051f5a5b735ef6","633e9c975b31c30001896bb3"
"57cf1df763051f5a5b735ef6","6343ce163337b70001a63d71"
"57d6c2662005895c20b5817b","633e9c975b31c30001896bb3"
"57d9326e63051f3b74b09a3b","61e819f77090ca0001a0b177"
"57d9326e63051f3b74b09a3b","6343ced6bb1ab900016b62d2"
"57d9c5ba2005893b7fdfc795","633ecc224769100001415f11"
"57dad49963051f3b74b1970c","63406c0b14ee2c0001eee375"
"57dbdf3763051f3b74b21afd","6343d08dbb1ab900016b631e"
"57dbdf3763051f3b74b21afd","6343d2743d4e620001f17e42"
"57dc40ef2005893b7fe10abc","633d5ba13b75420001f2b92d"
"57dff7ed63051f3b74b372ca","6343ced6bb1ab900016b62d2"
"57ea52282325b413cc9bf4b4","633d5ba13b75420001f2b92d"
"57ed74252325b413cc9d3dfd","6343ced6bb1ab900016b62d2"
"57ee1bbc20058914bcc6adbf","6343d08dbb1ab900016b631e"
"57ee1bbc20058914bcc6adbf","6343d2743d4e620001f17e42"
"57ee50fc20058914bcc6daa9","633e9c975b31c30001896bb3"
"57ee50fc20058914bcc6daa9","6343ced6bb1ab900016b62d2"
"57f11ced63051f5158a0c6e4","6343ced6bb1ab900016b62d2"
"57f4e61f2325b46228554706","6343cafe3337b70001a63cf9"
"57f4e61f2325b46228554706","6343fc833d4e620001f189de"
"57f4ea2e63051f154c0affd3","6343ced6bb1ab900016b62d2"
"57fb7a2020058924a10e9aba","633d5ba13b75420001f2b92d"
"57fb7a2020058924a10e9aba","6343ced6bb1ab900016b62d2"
"57feb315200589436add4aec","6343d08dbb1ab900016b631e"
"57feb315200589436add4aec","6343d2743d4e620001f17e42"
"57ff654a63051f6eba26508d","633d5ba13b75420001f2b92d"
"5801c3392005891d004d1fa7","633ecc224769100001415f11"
"5801c3392005891d004d1fa7","63406c0b14ee2c0001eee375"
"5801c3392005891d004d1fa7","6343ced6bb1ab900016b62d2"
"5806109b2325b46b0976e422","6343ced6bb1ab900016b62d2"
"5806109b2325b46b0976e422","6343d08dbb1ab900016b631e"
"5806109b2325b46b0976e422","6343d2743d4e620001f17e42"
"5807fa6863051f2bdeca6183","6343d08dbb1ab900016b631e"
"5807fa6863051f2bdeca6183","6343d2743d4e620001f17e42"
"580a836b63051f2bdecb15b5","633d5ba13b75420001f2b92d"
"580a836b63051f2bdecb15b5","6343ce163337b70001a63d71"
"580d04f363051f2bdecb8dff","6343d7bd3337b70001a63f92"
"580e83c92325b455b6a460a4","633ecc224769100001415f11"
"581666a22005896fdfaa50f6","633e9c975b31c30001896bb3"
"5817a93663051f214d3af844","633d5ba13b75420001f2b92d"
"5817a93663051f214d3af844","6343d08dbb1ab900016b631e"
"5817a93663051f214d3af844","6343d2743d4e620001f17e42"
"581a79ac2005895036ec1fbf","63406c0b14ee2c0001eee375"
"581c52292005892d1202f909","633d5ba13b75420001f2b92d"
"581c52292005892d1202f909","6343ce163337b70001a63d71"
"581c6d4f63051f214d3c5fbf","633e9c975b31c30001896bb3"
"582074922325b41598eb8c6c","633d5ba13b75420001f2b92d"
"582074922325b41598eb8c6c","6343ce163337b70001a63d71"
"582263442325b467f1f45bb4","6343d08dbb1ab900016b631e"
"582263442325b467f1f45bb4","6343d2743d4e620001f17e42"
"58245e7c63051f214d3e65ed","633d5ba13b75420001f2b92d"
"582471a92005897816834cb1","633d5ba13b75420001f2b92d"
"5828b37563051f5d498084c3","633e9c975b31c30001896bb3"
"582adb2c8983be22ea98e3fd","6343d08dbb1ab900016b631e"
"582adb2c8983be22ea98e3fd","6343d2743d4e620001f17e42"
"58307c578983be62fe93158f","633ecc224769100001415f11"
"5830b0368983be62fe94e164","6343ced6bb1ab900016b62d2"
"5834103c8983be62fea41fdc","633d5ba13b75420001f2b92d"
"583569988983be62fea909b0","633d5ba13b75420001f2b92d"
"583569988983be62fea909b0","6343ced6bb1ab900016b62d2"
"583822e58983be62feb830e6","6343ced6bb1ab900016b62d2"
"583996a78983be62febe758b","63406c0b14ee2c0001eee375"
"583be7138983be62fecc7b65","633d5ba13b75420001f2b92d"
"583c8d228983be62fed4d8a1","633d5ba13b75420001f2b92d"
"583cd5898983be62fed4df55","633d5ba13b75420001f2b92d"
"583cd5898983be62fed4df55","6343d7bd3337b70001a63f92"
"583e9b832005894f9c4f3034","633d5ba13b75420001f2b92d"
"58485b078983be62fe15c9da","61e819f77090ca0001a0b177"
"58552c518983be62fe6bf445","633e9c975b31c30001896bb3"
"5855677f8983be62fe704c4e","633d5ba13b75420001f2b92d"
"585e61cf8983be62fe8d5554","633e9c975b31c30001896bb3"
"585e61cf8983be62fe8d5554","63406c0b14ee2c0001eee375"
"585fd5918983be62fe96009e","633d5ba13b75420001f2b92d"
"58693ab48983be62feb7a626","6343ced6bb1ab900016b62d2"
"586ae4f38983be62febc1d01","633ac71ec8990800018a60e9"
"587286548983be62feefa803","6343ced6bb1ab900016b62d2"
"587612978983be62fe02814a","6343ce163337b70001a63d71"
"587a16198983be62fe182ce2","633d5ba13b75420001f2b92d"
"587a16198983be62fe182ce2","6343ced6bb1ab900016b62d2"
"587c9b778983be62fe28279a","633e9c975b31c30001896bb3"
"587e0eaa8983be62fe34ba34","6343ced6bb1ab900016b62d2"
"587e40048983be62fe34d865","633d5ba13b75420001f2b92d"
"588298c28983be62fe4fe6c4","63406c0b14ee2c0001eee375"
"5889f5188983be62fe8b8d08","63406c0b14ee2c0001eee375"
"588b1c818983be62fe9282a0","6343ced6bb1ab900016b62d2"
"588b616f8983be62fe97cca5","6343d08dbb1ab900016b631e"
"588b616f8983be62fe97cca5","6343d2743d4e620001f17e42"
"589260c28983be62fec9d174","6343ced6bb1ab900016b62d2"
"589751998983be62fef07daf","6343ced6bb1ab900016b62d2"
"589ac5d18983be62fe074848","63406c0b14ee2c0001eee375"
"589d06f18983be62fe16a502","6343ced6bb1ab900016b62d2"
"58a1e33f8983be62fe3b6f90","6343ced6bb1ab900016b62d2"
"58a591f08983be62fe4eb5cb","633d5ba13b75420001f2b92d"
"58ac72d98983be62fe85690e","633e9c975b31c30001896bb3"
"58ac72d98983be62fe85690e","6343ced6bb1ab900016b62d2"
"58b46f5b8983be62fecaf64b","6343ced6bb1ab900016b62d2"
"58b4807a8983be62fecb02bc","63406c0b14ee2c0001eee375"
"58b4807a8983be62fecb02bc","6343ced6bb1ab900016b62d2"
"58b855888983be62fede2f48","6343ced6bb1ab900016b62d2"
"58bbdd3d8983be62fef52b83","6343d08dbb1ab900016b631e"
"58bbdd3d8983be62fef52b83","6343d2743d4e620001f17e42"
"58c70a9c8983be62fe4a16b7","633e9c975b31c30001896bb3"
"58cacbda8983be62fe5ed64d","633d5ba13b75420001f2b92d"
"58ce81a68983be62fe7583b8","633d5ba13b75420001f2b92d"
"58d3dc3c8983be62fe8cbc3c","6343ced6bb1ab900016b62d2"
"58d58a2b8983be62fe931fc2","633ecc224769100001415f11"
"58d58a2b8983be62fe931fc2","6343ced6bb1ab900016b62d2"
"58de15f58983be62feba4ea9","6343ced6bb1ab900016b62d2"
"58e417958983be62fecf96cd","6343ced6bb1ab900016b62d2"
"58e501228983be62fecfe80b","6343d08dbb1ab900016b631e"
"58e501228983be62fecfe80b","6343d2743d4e620001f17e42"
"58e7d89a8983be62fedc8de4","633daef2bb1ab9000169396c"
"58e7d89a8983be62fedc8de4","6343ced6bb1ab900016b62d2"
"58f501af8983be62fe09ed5b","6343ce163337b70001a63d71"
"58ff579c8983be62fe35d82e","6343d08dbb1ab900016b631e"
"58ff579c8983be62fe35d82e","6343d2743d4e620001f17e42"
"58ffa65a8983be62fe3dc5e5","6343ce163337b70001a63d71"
"590653408983be07b3e8f115","633e9c975b31c30001896bb3"
"590cc6828983be07b3fa32a2","6343d08dbb1ab900016b631e"
"590cc6828983be07b3fa32a2","6343d2743d4e620001f17e42"
"5910f84c8983be07b30b0410","633ecc224769100001415f11"
"5910f84c8983be07b30b0410","6343ced6bb1ab900016b62d2"
"59134ddc8983be07b31230a6","633d5ba13b75420001f2b92d"
"59134ddc8983be07b31230a6","63406c0b14ee2c0001eee375"
"59134ddc8983be07b31230a6","6343ce163337b70001a63d71"
"5914ae5e8983be07b3188469","6343ced6bb1ab900016b62d2"
"591ca8508983be07b32d7538","6343ced6bb1ab900016b62d2"
"591ca8508983be07b32d7538","6343d08dbb1ab900016b631e"
"591ca8508983be07b32d7538","6343d2743d4e620001f17e42"
"59233a698983be07b364796b","6343d08dbb1ab900016b631e"
"59233a698983be07b364796b","6343d2743d4e620001f17e42"
"5926afd38983be07b36bf057","633ecc224769100001415f11"
"5927fd428983be07b3731842","633ecc224769100001415f11"
"592ded248983be07b37ee4d1","6343ced6bb1ab900016b62d2"
"593bca778983be04c49aca23","633e9c975b31c30001896bb3"
"5956606a8983be27fd25e83f","633e9c975b31c30001896bb3"
"595cf2228983be04bc3f5a76","633ecc224769100001415f11"
"596cdeaf8983be04bc7360da","633d5ba13b75420001f2b92d"
"59769ee88983be04bcab8176","633d5ba13b75420001f2b92d"
"59792efc8983be04bcb09f85","633e9c975b31c30001896bb3"
"598502f78983be04bce1afae","6343ced6bb1ab900016b62d2"
"5988ba248983be04bcf265a1","6343d08dbb1ab900016b631e"
"5988ba248983be04bcf265a1","6343d2743d4e620001f17e42"
"598ad8f28983be04bcf886c3","6343d08dbb1ab900016b631e"
"598ad8f28983be04bcf886c3","6343d2743d4e620001f17e42"
"5991e9738983be04bc115dcc","63406c0b14ee2c0001eee375"
"5991e9738983be04bc115dcc","6343d08dbb1ab900016b631e"
"5991e9738983be04bc115dcc","6343d2743d4e620001f17e42"
"59974d908983be04bc26f6c6","633e9c975b31c30001896bb3"
"59974d908983be04bc26f6c6","6343ced6bb1ab900016b62d2"
"59aff6340e0d4e702f166bcf","6343ced6bb1ab900016b62d2"
"59b2c714a7934d0435d9628c","6343ced6bb1ab900016b62d2"
"59bb9527a7934d0435dd1564","6343ce163337b70001a63d71"
"59c294b2a7934d7943dafb5c","6343ce163337b70001a63d71"
"59c4237d0e0d4e190f9c154c","633d5ba13b75420001f2b92d"
"59c4237d0e0d4e190f9c154c","6343ce163337b70001a63d71"
"59c4237d0e0d4e190f9c154c","6343ced6bb1ab900016b62d2"
"59c97184a7934d57e339b014","6343ced6bb1ab900016b62d2"
"59cf66540e0d4e428d57935f","633ecc224769100001415f11"
"59cf66540e0d4e428d57935f","6343d08dbb1ab900016b631e"
"59cf66540e0d4e428d57935f","6343d2743d4e620001f17e42"
"59d3cb33a7934d6846241249","633d5ba13b75420001f2b92d"
"59dbd2a1e204510c80318226","633e9c975b31c30001896bb3"
"59e4de3ee204510618b6c9b6","6343ced6bb1ab900016b62d2"
"59e60289e204510618b75464","633d5ba13b75420001f2b92d"
"59e60289e204510618b75464","633ecc224769100001415f11"
"59e77c7d0e0d4e744a9f8da3","633d5ba13b75420001f2b92d"
"59e7c556a7934d202c8faa2f","633d5ba13b75420001f2b92d"
"59e7c5b50e0d4e744a9fc1fb","6343ced6bb1ab900016b62d2"
"59e9bd1ae204515859b2a339","633e9c975b31c30001896bb3"
"59e9f2eba7934d7284609170","633e9c975b31c30001896bb3"
"59e9f2eba7934d7284609170","6343ced6bb1ab900016b62d2"
"59eb8659e204515859b3abe3","633d5ba13b75420001f2b92d"
"59f34208e20451216961d2c7","6343ced6bb1ab900016b62d2"
"59f87994e2045173461ebd24","6343ced6bb1ab900016b62d2"
"59f8b97de2045173461eeb9d","6343ced6bb1ab900016b62d2"
"59fcfc1ea7934d499cb03a82","6343ced6bb1ab900016b62d2"
"59fdb01e0e0d4e261e205af9","63406c0b14ee2c0001eee375"
"59fdb01e0e0d4e261e205af9","6343ced6bb1ab900016b62d2"
"59fdea74e20451561bbd1241","6343ced6bb1ab900016b62d2"
"5a087ebfa7934d27a57daea6","6343ced6bb1ab900016b62d2"
"5a175939e2045113678e92cf","63406c0b14ee2c0001eee375"
"5a1dd5e6e204516a06be9fc1","6343ced6bb1ab900016b62d2"
"5a2c2278a7934d4cbf0d7620","633e9c975b31c30001896bb3"
"5a2da193a7934d4cbf0dd6e3","633ecc224769100001415f11"
"5a4c069c0e0d4e7a97473c4a","6343ced6bb1ab900016b62d2"
"5a4d282ba7934d453a895674","6343cafe3337b70001a63cf9"
"5a53da34e20451577bdb964f","6343ced6bb1ab900016b62d2"
"5a53da34e20451577bdb964f","6343d08dbb1ab900016b631e"
"5a53da34e20451577bdb964f","6343d2743d4e620001f17e42"
"5a57f73da7934d4946ffeb41","63406c0b14ee2c0001eee375"
"5a5c84dda7934d494601bb2b","6343c9963d4e620001f17caf"
"5a5cec3da7934d49460236c7","633d5ba13b75420001f2b92d"
"5a5cec3da7934d49460236c7","6343ce163337b70001a63d71"
"5a5f2cb3a7934d2029b880d9","6343ced6bb1ab900016b62d2"
"5a61f3c0a7934d3229feac8d","633ecc224769100001415f11"
"5a64a918e20451657882c7e2","6343ced6bb1ab900016b62d2"
"5a70b18da7934d796c72d231","6343d08dbb1ab900016b631e"
"5a70b18da7934d796c72d231","6343d2743d4e620001f17e42"
"5a785d27a7934d6663fae130","633d5ba13b75420001f2b92d"
"5a796fb4e2045126e5c52000","6343ced6bb1ab900016b62d2"
"5a7af2c3a7934d36857ab5fb","633e9c975b31c30001896bb3"
"5a7f24eda7934d179d842d14","63406c0b14ee2c0001eee375"
"5a7f24eda7934d179d842d14","6343ce163337b70001a63d71"
"5a82c142a7934d27a32a56ec","6343ced6bb1ab900016b62d2"
"5a835ee8a7934d77aaea5e30","633e9c975b31c30001896bb3"
"5a86ef77e204514d349e6a45","633d5ba13b75420001f2b92d"
"5a8ee80f0e0d4e223bbacff1","6343d08dbb1ab900016b631e"
"5a8ee80f0e0d4e223bbacff1","6343d2743d4e620001f17e42"
"5a8f4bf6a7934d339c0af9b7","633e9c975b31c30001896bb3"
"5a8f4bf6a7934d339c0af9b7","6343ced6bb1ab900016b62d2"
"5a95cdca0e0d4e615134fd7a","6343d7bd3337b70001a63f92"
"5a99bc13e204513bed768229","633e9c975b31c30001896bb3"
"5aabac32a7934d2da95f3d01","633e9c975b31c30001896bb3"
"5ab4ccdce204514c450e620c","633ecc224769100001415f11"
"5ab4f18b0e0d4e0d564e8066","633d5ba13b75420001f2b92d"
"5ab653c00e0d4e0d564ea51d","6343ce163337b70001a63d71"
"5aba95140e0d4e30815a8229","633d5ba13b75420001f2b92d"
"5acd2d23e2045165d6578e61","6342ded23d4e620001f14329"
"5ad5a8b7e2045150a6d4fba2","63432cf33d4e620001f1602f"
"5ada7a96e204510da4a561a8","6343d08dbb1ab900016b631e"
"5ada7a96e204510da4a561a8","6343d2743d4e620001f17e42"
"5adcbe07a7934d75f311469d","633e9c975b31c30001896bb3"
"5ade0e97a7934d0d74dcd9ab","6343ced6bb1ab900016b62d2"
"5ade0e97a7934d0d74dcd9ab","6343d08dbb1ab900016b631e"
"5ade0e97a7934d0d74dcd9ab","6343d2743d4e620001f17e42"
"5ae74adfa7934d0d74e048e2","6343d08dbb1ab900016b631e"
"5ae74adfa7934d0d74e048e2","6343d2743d4e620001f17e42"
"5ae9e5bae204511f137fddb5","6343ced6bb1ab900016b62d2"
"5af31bbba7934d0d74e2714c","633e9c975b31c30001896bb3"
"5b128f530e0d4e6d5ae54016","6343ce163337b70001a63d71"
"5b1b07430e0d4e2c97a6dd27","63406c0b14ee2c0001eee375"
"5b1b588ca7934d750d5269b1","633e9c975b31c30001896bb3"
"5b1b588ca7934d750d5269b1","6343d08dbb1ab900016b631e"
"5b1b588ca7934d750d5269b1","6343d2743d4e620001f17e42"
"5b1f7bfc0e0d4e2dc86b3eac","6343ced6bb1ab900016b62d2"
"5b21a33fa7934d6ec8f04b7e","63406c0b14ee2c0001eee375"
"5b24ff360e0d4e5aa213943b","633e9c975b31c30001896bb3"
"5b24ff360e0d4e5aa213943b","6343ced6bb1ab900016b62d2"
"5b2fac97e2045135a2444f17","633e9c975b31c30001896bb3"
"5b32b28c0e0d4e3f96ef8148","63406c0b14ee2c0001eee375"
"5b5399b70e0d4e589363b631","633e9c975b31c30001896bb3"
"5b54b761e204512dbdcd476b","63406c0b14ee2c0001eee375"
"5b58f572e20451362414a9ad","6343ced6bb1ab900016b62d2"
"5b596888e20451362414ad06","6343ced6bb1ab900016b62d2"
"5b596888e20451362414ad06","6343d08dbb1ab900016b631e"
"5b596888e20451362414ad06","6343d2743d4e620001f17e42"
"5b59cb45a7934d2ffa011517","6343d08dbb1ab900016b631e"
"5b59cb45a7934d2ffa011517","6343d2743d4e620001f17e42"
"5b5b1ba3a7934d2ffa02d858","6343ced6bb1ab900016b62d2"
"5b617992a7934d365eb45485","6343d08dbb1ab900016b631e"
"5b617992a7934d365eb45485","6343d2743d4e620001f17e42"
"5b670336e204513c861b3713","6343d08dbb1ab900016b631e"
"5b670336e204513c861b3713","6343d2743d4e620001f17e42"
"5b6c85cda7934d5da2b67fac","6343ced6bb1ab900016b62d2"
"5b6cb9cd0e0d4e09ad769b12","6343ce163337b70001a63d71"
"5b6cb9cd0e0d4e09ad769b12","6343ced6bb1ab900016b62d2"
"5b7e63a4e204512155118fef","6343ced6bb1ab900016b62d2"
"5b7f2acee20451215511df09","6343d08dbb1ab900016b631e"
"5b7f2acee20451215511df09","6343d2743d4e620001f17e42"
"5b80506ce204512155128c13","6343f75d3337b70001a64850"
"5b8541d3e204512155146c63","6343d08dbb1ab900016b631e"
"5b8541d3e204512155146c63","6343d2743d4e620001f17e42"
"5b87d7fd0e0d4e6c75547790","6343ced6bb1ab900016b62d2"
"5b88ec1a0e0d4e6c75549af6","633d5ba13b75420001f2b92d"
"5b963fda0e0d4e77db542f97","633d557810d35d000159a454"
"5b963fda0e0d4e77db542f97","6343d08dbb1ab900016b631e"
"5b963fda0e0d4e77db542f97","6343d2743d4e620001f17e42"
"5b982c01e204513470189c9a","633705649797500001eb4162"
"5bab67f9a7934d1309a40128","6343ced6bb1ab900016b62d2"
"5babd4e7a7934d1309a4ac1e","633e9c975b31c30001896bb3"
"5bb6241f0e0d4e07a0ff8087","633d5ba13b75420001f2b92d"
"5bb66469a7934d0e365fa46f","6343ced6bb1ab900016b62d2"
"5bb66ee10e0d4e07a0ffd37c","6343d08dbb1ab900016b631e"
"5bb66ee10e0d4e07a0ffd37c","6343d2743d4e620001f17e42"
"5bbd0b3c0e0d4e056fb267a5","63432cf33d4e620001f1602f"
"5bbf7307e2045164bf0d1e81","63432cf33d4e620001f1602f"
"5bbfa821e2045164a39d3a3f","633e9c975b31c30001896bb3"
"5bbfa821e2045164a39d3a3f","63406c0b14ee2c0001eee375"
"5bc0c07da7934d75a40a87f0","633d5ba13b75420001f2b92d"
"5bc0c07da7934d75a40a87f0","6343d08dbb1ab900016b631e"
"5bc0c07da7934d75a40a87f0","6343d2743d4e620001f17e42"
"5bcdcecc0e0d4e27e34828d8","63406c0b14ee2c0001eee375"
"5bcf74110e0d4e25a570e5ac","633ecc224769100001415f11"
"5bd3626de204517697f99d81","633ecc224769100001415f11"
"5bd3626de204517697f99d81","6343d7bd3337b70001a63f92"
"5bd82b92e2045148ac71e5ee","6343ced6bb1ab900016b62d2"
"5bdb38f6a7934d3002e73036","6343d7bd3337b70001a63f92"
"5bdcaa9ee20451211430af64","6343ced6bb1ab900016b62d2"
"5be2a6900e0d4e4ff5b4781b","6343ced6bb1ab900016b62d2"
"5be30617e2045136a8cec891","63406c0b14ee2c0001eee375"
"5be6e3390e0d4e4ff5b7d862","633d5ba13b75420001f2b92d"
"5be92a900e0d4e4ff5b80706","6343cafe3337b70001a63cf9"
"5bf9911fe204510a362fabb3","6343d7bd3337b70001a63f92"
"5bffe65ba7934d031fe748c0","633e9c975b31c30001896bb3"
"5c08a8b8a7934d031fe9fc85","63432cf33d4e620001f1602f"
"5c0b10b4a7934d031fea8e5d","63432cf33d4e620001f1602f"
"5c0b3940a7934d031fea92ff","633e9c975b31c30001896bb3"
"5c0e72790e0d4e387ea98727","633ecc224769100001415f11"
"5c191855e204517ea457c603","63406c0b14ee2c0001eee375"
"5c191855e204517ea457c603","6343ced6bb1ab900016b62d2"
"5c209cc4a7934d500118a6de","633d5ba13b75420001f2b92d"
"5c27a67ea7934d50011a5fc9","633ecc224769100001415f11"
"5c27a67ea7934d50011a5fc9","6343ced6bb1ab900016b62d2"
"5c2a84b70e0d4e3c530c7fa0","63432cf33d4e620001f1602f"
"5c341423a7934d50011d4c4e","63432cf33d4e620001f1602f"
"5c365f2f0e0d4e367341577c","633d5ba13b75420001f2b92d"
"5c38b7790e0d4e6b00b1f77d","63432cf33d4e620001f1602f"
"5c3db9930e0d4e42d91fffe8","633d5ba13b75420001f2b92d"
"5c3f0350a7934d7f9484c089","633e9c975b31c30001896bb3"
"5c4781cce2045141f8ccca0a","633e9c975b31c30001896bb3"
"5c4b0beb0e0d4e71487c3a0f","63406c0b14ee2c0001eee375"
"5c4b0beb0e0d4e71487c3a0f","6343ced6bb1ab900016b62d2"
"5c5568b4e2045141f8d0aac7","633d5ba13b75420001f2b92d"
"5c5b7686e204512d6e87ee4f","633d5ba13b75420001f2b92d"
"5c5e9caba7934d6fb9682776","633e9c975b31c30001896bb3"
"5c607096a7934d6fb9685896","6343ce163337b70001a63d71"
"5c61850de204512d6e8a34f1","6343ced6bb1ab900016b62d2"
"5c65bec8a7934d6fb969cae3","63432cf33d4e620001f1602f"
"5c6b3488a7934d6fb96c03c2","633d5ba13b75420001f2b92d"
"5c6b3488a7934d6fb96c03c2","6343d08dbb1ab900016b631e"
"5c6b3488a7934d6fb96c03c2","6343d2743d4e620001f17e42"
"5c6d97b2a7934d24127824ab","63406c0b14ee2c0001eee375"
"5c717cf7e204516b560ad8c3","6343d08dbb1ab900016b631e"
"5c717cf7e204516b560ad8c3","6343d2743d4e620001f17e42"
"5c72fd03a7934d24127a6f8b","6343ce163337b70001a63d71"
"5c72fd03a7934d24127a6f8b","6343ced6bb1ab900016b62d2"
"5c816e9ce204512ea21f8275","633e9c975b31c30001896bb3"
"5c82b0d0a7934d5c3ebbc543","633dce9fbb1ab90001694ae9"
"5c881b560e0d4e7bfc2bbe9f","633e9c975b31c30001896bb3"
"5c8b5e310e0d4e54fe68b62e","6343d08dbb1ab900016b631e"
"5c8b5e310e0d4e54fe68b62e","6343d2743d4e620001f17e42"
"5c8e42e5a7934d68be8ff1f5","633d5ba13b75420001f2b92d"
"5c8e42e5a7934d68be8ff1f5","6343d08dbb1ab900016b631e"
"5c8e42e5a7934d68be8ff1f5","6343d2743d4e620001f17e42"
"5c8e9bbb0e0d4e54fe6af5e1","6343d08dbb1ab900016b631e"
"5c8e9bbb0e0d4e54fe6af5e1","6343d2743d4e620001f17e42"
"5c8ffc1aa7934d68be903c1d","6343ced6bb1ab900016b62d2"
"5c9be18e0e0d4e36cdab0546","6343cafe3337b70001a63cf9"
"5c9fa2e3a7934d38e443a128","633d5ba13b75420001f2b92d"
"5c9fa2e3a7934d38e443a128","6343ce163337b70001a63d71"
"5cb64208e20451792344ca35","633705649797500001eb4162"
"5cb9edbf0e0d4e16e78605de","633d5ba13b75420001f2b92d"
"5cb9edbf0e0d4e16e78605de","6343d08dbb1ab900016b631e"
"5cb9edbf0e0d4e16e78605de","6343d2743d4e620001f17e42"
"5cbe3a160e0d4e16e7866e03","633d5ba13b75420001f2b92d"
"5cbf1f970e0d4e16e7867b15","633e9c975b31c30001896bb3"
"5cbff557e204515d3268f05f","6343d08dbb1ab900016b631e"
"5cbff557e204515d3268f05f","6343d2743d4e620001f17e42"
"5cc02923e204515d3268f89a","6343d08dbb1ab900016b631e"
"5cc02923e204515d3268f89a","6343d2743d4e620001f17e42"
"5cc961b10e0d4e4a8be4951a","63406c0b14ee2c0001eee375"
"5cc961b10e0d4e4a8be4951a","6343ced6bb1ab900016b62d2"
"5cd057c7e204510b642dcfc1","633d5ba13b75420001f2b92d"
"5cd291750e0d4e04e62146f7","633e9c975b31c30001896bb3"
"5cd2b6f9a7934d12e3e44be0","63406c0b14ee2c0001eee375"
"5cd6d81ce204517b0a73891f","633ac71ec8990800018a60e9"
"5cdb56b5a7934d6a1f87de0f","633e9c975b31c30001896bb3"
"5ce53b22a7934d0e2acc29b2","6343ced6bb1ab900016b62d2"
"5ce717c8e204511e74f9a94c","633d5ba13b75420001f2b92d"
"5ce7b390a7934d0e2acfa46b","63406c0b14ee2c0001eee375"
"5ce7ca13a7934d0e2acfdd17","633d5ba13b75420001f2b92d"
"5ce7fa96a7934d3f572d1a3d","6343ce163337b70001a63d71"
"5ce7fa96a7934d3f572d1a3d","6343ced6bb1ab900016b62d2"
"5cea5b480e0d4e379c3adc9d","6343ce163337b70001a63d71"
"5cec19cde204512b20be0dd9","6343ced6bb1ab900016b62d2"
"5cecd493a7934d18c6f419d4","6343d08dbb1ab900016b631e"
"5cecd493a7934d18c6f419d4","6343d2743d4e620001f17e42"
"5cf1142ae204511b3af86d1b","63406c0b14ee2c0001eee375"
"5cf5872ea7934d3ac18d9b0f","633e9c975b31c30001896bb3"
"5cf5872ea7934d3ac18d9b0f","63406c0b14ee2c0001eee375"
"5cf63eba0e0d4e4630c4b9d8","6343ced6bb1ab900016b62d2"
"5cfaad81e204514bc86def3e","633d5ba13b75420001f2b92d"
"5d0272cfe204514d2f009a04","6343d08dbb1ab900016b631e"
"5d0272cfe204514d2f009a04","6343d2743d4e620001f17e42"
"5d034cc0a7934d3dd37f4df6","63406c0b14ee2c0001eee375"
"5d09ccb4a7934d2b06252edd","63432cf33d4e620001f1602f"
"5d0fe9f1e204512565fc4a85","633d5ba13b75420001f2b92d"
"5d16b8b2a7934d1677ff6066","63432cf33d4e620001f1602f"
"5d1b509b0e0d4e4c5ba6a213","63406c0b14ee2c0001eee375"
"5d1d6c87e2045173b4592b8e","6343c9963d4e620001f17caf"
"5d244214a7934d6308c370ac","6343ced6bb1ab900016b62d2"
"5d24eea0e20451214f19d431","63406c0b14ee2c0001eee375"
"5d25e9a6a7934d125d36129a","6343ced6bb1ab900016b62d2"
"5d2759aca7934d125d3647f5","63406c0b14ee2c0001eee375"
"5d2759aca7934d125d3647f5","6343ced6bb1ab900016b62d2"
"5d29a0b70e0d4e49ec05f735","633d5ba13b75420001f2b92d"
"5d2aeb67a7934d125d39d04b","633d5ba13b75420001f2b92d"
"5d2eefcce2045102a3273b18","633d5ba13b75420001f2b92d"
"5d33748be20451686105b732","633dce9fbb1ab90001694ae9"
"5d36db9ce20451686106cf67","6343d7bd3337b70001a63f92"
"5d36e84aa7934d5b2ec54798","6343ced6bb1ab900016b62d2"
"5d382013a7934d5b2ec5a479","633e9c975b31c30001896bb3"
"5d388458e204516861077b0e","633d5ba13b75420001f2b92d"
"5d3b5dd0a7934d5b2ec875f3","6343ced6bb1ab900016b62d2"
"5d3efd2ca7934d5b2ec97664","633e9c975b31c30001896bb3"
"5d417b78e2045168610ba1c4","6343ced6bb1ab900016b62d2"
"5d4e077da7934d0df18180f5","6343ced6bb1ab900016b62d2"
"5d543e4ea7934d3b6446a6aa","6343d7bd3337b70001a63f92"
"5d571d570e0d4e3b06b93a7c","633d5ba13b75420001f2b92d"
"5d571d570e0d4e3b06b93a7c","63406c0b14ee2c0001eee375"
"5d57252aa7934d1b7d3d2e73","63432cf33d4e620001f1602f"
"5d5fe234e204517287ba27d0","6343fc833d4e620001f189de"
"5d6304cbe204517287bab4b1","62c86525c7a4cb0001d4464f"
"5d696d0ce20451227cb78236","633d5ba13b75420001f2b92d"
"5d6bd616e20451227cb7fd30","633d5ba13b75420001f2b92d"
"5d7024120e0d4e5c1a0cc454","633d5ba13b75420001f2b92d"
"5d7121e1a7934d1351daa122","633d5ba13b75420001f2b92d"
"5d7186bba7934d1351dac327","63406c0b14ee2c0001eee375"
"5d7186bba7934d1351dac327","6343ced6bb1ab900016b62d2"
"5d73260ca7934d2e5a40bece","63432cf33d4e620001f1602f"
"5d74d2170e0d4e349d5e0046","633d5ba13b75420001f2b92d"
"5d78f282a7934d18ba15abda","633e9c975b31c30001896bb3"
"5d7a02e00e0d4e6c8b7b52c8","633d5ba13b75420001f2b92d"
"5d7c01f80e0d4e0d6b2be1e5","63361acf9797500001eb01bf"
"5d7c01f80e0d4e0d6b2be1e5","633dbb6e6fc5eb000199fb27"
"5d8929590e0d4e4c9daabb62","63406c0b14ee2c0001eee375"
"5d8b3938a7934d6d26697a3a","633dce9fbb1ab90001694ae9"
"5d8ba4060e0d4e51e5e9dccc","63432cf33d4e620001f1602f"
"5d8e60a3e2045159fdf4a26b","633dbb6e6fc5eb000199fb27"
"5d94194fa7934d6ee77bc695","633dce9fbb1ab90001694ae9"
"5d97367d0e0d4e1a46296446","633d5ba13b75420001f2b92d"
"5da634680e0d4e07ac71cad2","633e9c975b31c30001896bb3"
"5dac5335db50c74ecb750923","62c86525c7a4cb0001d4464f"
"5db023b539210044da8c2aa0","633d5ba13b75420001f2b92d"
"5db023b539210044da8c2aa0","6343ce163337b70001a63d71"
"5db086bbdb50c74ecb760a3e","63432cf33d4e620001f1602f"
"5db4837dd30dd044b607adde","6343ced6bb1ab900016b62d2"
"5db6bf99d30dd044b6082a93","6343f96cbb1ab900016b6ddd"
"5db6efd3d30dd044b6085e82","6342ded23d4e620001f14329"
"5db7532a39210030f58c86a8","633dce9fbb1ab90001694ae9"
"5dbab3cedb50c725f2375b32","633705649797500001eb4162"
"5dbb4b3a3921003e21827b75","633d5ba13b75420001f2b92d"
"5dc19041db50c72e9ea3b6ad","6343ced6bb1ab900016b62d2"
"5dc29e083921005d80793e77","6343ced6bb1ab900016b62d2"
"5dc3eb47db50c72e9ea48ce8","6343ced6bb1ab900016b62d2"
"5dc3ec82db50c72e9ea49223","6343ced6bb1ab900016b62d2"
"5dc41157db50c72e9ea6e0e1","63406c0b14ee2c0001eee375"
"5dc6f7f7d30dd04c761c950b","6343d08dbb1ab900016b631e"
"5dc6f7f7d30dd04c761c950b","6343d2743d4e620001f17e42"
"5dc73fd03921005d807d931a","6343d08dbb1ab900016b631e"
"5dc73fd03921005d807d931a","6343d2743d4e620001f17e42"
"5dca74ffd30dd033b8fe2c78","6343ced6bb1ab900016b62d2"
"5dd1b7cfdb50c70afe46de00","633dbb6e6fc5eb000199fb27"
"5dd5c9fed30dd0599b34e393","633fe49314ee2c0001eea2e7"
"5dd8369bd30dd0517e710268","633705649797500001eb4162"
"5dd85bb1db50c7216fc74030","63406c0b14ee2c0001eee375"
"5dd945263921004727524123","633d5ba13b75420001f2b92d"
"5dd945263921004727524123","6343ce163337b70001a63d71"
"5de50a703921007445d59d8b","63361acf9797500001eb01bf"
"5de978a1d30dd0104c0c8aaa","633dbb6e6fc5eb000199fb27"
"5de9c807db50c75c0a4ee13e","63432cf33d4e620001f1602f"
"5dea6f57d30dd0104c0cd86d","62c86525c7a4cb0001d4464f"
"5df27717d30dd05a2eb19c2f","6343ced6bb1ab900016b62d2"
"5df27cf2d30dd05a2eb19d85","63406c0b14ee2c0001eee375"
"5dfbe285db50c754bca36ae0","633e9c975b31c30001896bb3"
"5dfbe285db50c754bca36ae0","63406c0b14ee2c0001eee375"
"5dfce9e0d30dd00795a98437","633d5ba13b75420001f2b92d"
"5dfce9e0d30dd00795a98437","6343d08dbb1ab900016b631e"
"5dfce9e0d30dd00795a98437","6343d2743d4e620001f17e42"
"5e023ec9db50c77d9e8f4977","633d5ba13b75420001f2b92d"
"5e07259fd30dd0313568317a","633dbb6e6fc5eb000199fb27"
"5e1051f4d30dd031356a0e8c","6343ced6bb1ab900016b62d2"
"5e16ecf4db50c77d9e93634b","633e9c975b31c30001896bb3"
"5e16ecf4db50c77d9e93634b","6343ced6bb1ab900016b62d2"
"5e179d4aa7934d1e35b48861","633e9c975b31c30001896bb3"
"5e1c9d583921004972a79f35","6343ced6bb1ab900016b62d2"
"5e21c10fa7934d22289b2750","6343d08dbb1ab900016b631e"
"5e21c10fa7934d22289b2750","6343d2743d4e620001f17e42"
"5e21eacdd30dd0018e07adb4","62c86525c7a4cb0001d4464f"
"5e222d3d3921005462210026","633d5ba13b75420001f2b92d"
"5e224bda3921005462210f20","63406c0b14ee2c0001eee375"
"5e274fced30dd01fd076146d","6343d08dbb1ab900016b631e"
"5e274fced30dd01fd076146d","6343d2743d4e620001f17e42"
"5e289390d30dd07599064a25","6343ced6bb1ab900016b62d2"
"5e2a6a46a7934d391ea7c3f5","63432cf33d4e620001f1602f"
"5e2b7065d30dd07599078c0c","633ecc224769100001415f11"
"5e32e205a7934d1544bf4474","633e9c975b31c30001896bb3"
"5e33d3eda7934d53cd37ebc0","6343ced6bb1ab900016b62d2"
"5e39db82a7934d67d49ab16f","63432cf33d4e620001f1602f"
"5e3ad988d30dd075ee8ba782","6343d7bd3337b70001a63f92"
"5e3c6f8aa7934d76b01a15fe","633e9c975b31c30001896bb3"
"5e4577c8d30dd00c5de2b14e","63406c0b14ee2c0001eee375"
"5e4e45e2d30dd04423ea26f2","6343ced6bb1ab900016b62d2"
"5e4ed84aa7934d062793ac2d","6343ce163337b70001a63d71"
"5e4fdd82a7934d0627941709","6343ced6bb1ab900016b62d2"
"5e56cebaa7934d5e73f3d601","633dbb6e6fc5eb000199fb27"
"5e599cf8d30dd04b87358f42","6343ce163337b70001a63d71"
"5e599cf8d30dd04b87358f42","6343d08dbb1ab900016b631e"
"5e599cf8d30dd04b87358f42","6343d2743d4e620001f17e42"
"5e636e3639210077395ad28b","634037e4fcbedc0001d08b63"
"5e6a4a63a7934d7d8657167b","6343ce163337b70001a63d71"
"5e7e1ca37f48fe0001ac5b09","62c86525c7a4cb0001d4464f"
"5ea339f9235fe80001b6edef","63432cf33d4e620001f1602f"
"5eb30f8e103b490001b6ab19","6343c9963d4e620001f17caf"
"5ebaf5fc25420d00015282bc","6343d08dbb1ab900016b631e"
"5ebaf5fc25420d00015282bc","6343d2743d4e620001f17e42"
"5ec438df41a80500011a4885","6343ee193d4e620001f185a4"
"5ee008f264a95c00010869f3","6343ce163337b70001a63d71"
"5eecf4cb85ee4700017f4ec4","6343ce163337b70001a63d71"
"5f05fcda006762000180b949","6343ced6bb1ab900016b62d2"
"5f0bf3f535e46d00018054b3","6343ced6bb1ab900016b62d2"
"5f0bf3f535e46d00018054b3","6343d08dbb1ab900016b631e"
"5f0bf3f535e46d00018054b3","6343d2743d4e620001f17e42"
"5f228c73bb04550001331b40","633dbb6e6fc5eb000199fb27"
"5f46cf14a328fe0001ce6aad","633d5ba13b75420001f2b92d"
"5f46cf14a328fe0001ce6aad","6343ced6bb1ab900016b62d2"
"5f4e020f0fd1880001f75a5a","6343ced6bb1ab900016b62d2"
"5f4fbf615de9f10001df918c","6343ce163337b70001a63d71"
"5f4fc6115de9f10001df9284","6342ded23d4e620001f14329"
"5f526b39e70b650001deec71","633d5ba13b75420001f2b92d"
"5f57bcc5648303000131e863","6343d08dbb1ab900016b631e"
"5f57bcc5648303000131e863","6343d2743d4e620001f17e42"
"5f5b5b5ea3d5e200013bea3a","633ecc224769100001415f11"
"5f5fce75814b6e0001e4483b","63406c0b14ee2c0001eee375"
"5f65e34b36002100015417f9","6343ced6bb1ab900016b62d2"
"5f69147e3600210001b37cab","63406c0b14ee2c0001eee375"
"5f900216f34f55000192a880","633e9c975b31c30001896bb3"
"5f914fc8dc69e60001bc48ff","633e9c975b31c30001896bb3"
"5fad1b9538a04c0001a0bc71","6343ced6bb1ab900016b62d2"
"53e55da163051f7f81001264","633d5ba13b75420001f2b92d"
"53e6051f2325b458ce00153f","6343ced6bb1ab900016b62d2"
"5425e48f63051f1e2a001a41","6343d91b3d4e620001f17fcc"
"54269c042325b43d06003466","633e9c975b31c30001896bb3"
"54313a952325b44737003ea7","633e9c975b31c30001896bb3"
"54313a952325b44737003ea7","6343ced6bb1ab900016b62d2"
"544a2a9863051f345c000ab3","633d5ba13b75420001f2b92d"
"54739f782325b45832015b0e","63406c0b14ee2c0001eee375"
"54985fae2325b40609001e69","633e9c975b31c30001896bb3"
"54b82b9663051f7792000443","63406c0b14ee2c0001eee375"
"54e3396663051f22d3002d9b","633ecc224769100001415f11"
"54e3a4cf63051f22d3004be5","6343d7bd3337b70001a63f92"
"54edf148f01b30601600b09a","63406c0b14ee2c0001eee375"
"54f8281063051f6a0e0013ab","63406c0b14ee2c0001eee375"
"5502ab5463051f0ae70017fe","633e9c975b31c30001896bb3"
"5502ab5463051f0ae70017fe","63406c0b14ee2c0001eee375"
"5502ab5463051f0ae70017fe","6343ced6bb1ab900016b62d2"
"550bf4402325b418d3003f37","61e819f77090ca0001a0b177"
"550bf4402325b418d3003f37","63406c0b14ee2c0001eee375"
"552c1ffd63051f51f1006304","633daef2bb1ab9000169396c"
"553940da2325b4312900ec65","63406c0b14ee2c0001eee375"
"553950a32325b4312900ee86","63406c0b14ee2c0001eee375"
"553b93862325b43129013c5a","633ecc224769100001415f11"
"553b93862325b43129013c5a","6343ced6bb1ab900016b62d2"
"553f92bd2325b43129019b63","633d5ba13b75420001f2b92d"
"5550d41463051f6ee301a0e2","6343ced6bb1ab900016b62d2"
"5555e91463051f199a0003e0","6343ced6bb1ab900016b62d2"
"5571a35663051f66f7008b0f","6343ce163337b70001a63d71"
"557835bc63051f66f70172f7","633e9c975b31c30001896bb3"
"559303d763051f20c8003bee","633d5ba13b75420001f2b92d"
"55a428182325b438dc018496","633d5ba13b75420001f2b92d"
"55a428182325b438dc018496","6343ced6bb1ab900016b62d2"
"55a4314e2325b438dc0188d3","6342ded23d4e620001f14329"
"55a582c82325b438dc01ec47","63406c0b14ee2c0001eee375"
"55a8c71a9bf7e8671a0040f6","63406c0b14ee2c0001eee375"
"55a8c71a9bf7e8671a0040f6","6343ced6bb1ab900016b62d2"
"55a8d436f01b3066e70072d1","6343d08dbb1ab900016b631e"
"55a8d436f01b3066e70072d1","6343d2743d4e620001f17e42"
"55b3831e9bf7e8270000ba50","63406c0b14ee2c0001eee375"
"55b3e11e63051f29f500cb1f","633e9c975b31c30001896bb3"
"55bfdc39f01b30389b016baf","633e9c975b31c30001896bb3"
"55d61e819bf7e8393300951f","633d5ba13b75420001f2b92d"
"55daf2932325b47a74000318","6343ced6bb1ab900016b62d2"
"55e85e1ff77f30115f005e18","633d5ba13b75420001f2b92d"
"55ebeb462325b447ca014b19","633ac71ec8990800018a60e9"
"55ebeb462325b447ca014b19","633d5ba13b75420001f2b92d"
"55ebeb462325b447ca014b19","633e9c975b31c30001896bb3"
"55ebeb462325b447ca014b19","633ecc224769100001415f11"
"55f8860ee648c0021b00d19c","633e9c975b31c30001896bb3"
"55ff18d1e648c02cf30037ea","633d5ba13b75420001f2b92d"
"560033c163051f08d60050f2","6343ced6bb1ab900016b62d2"
"5605c5312325b41f6400cfcb","6343ced6bb1ab900016b62d2"
"5607b26b104ec813c70093c1","633ecc224769100001415f11"
"560e7e40cc11fa7f23006719","633e9c975b31c30001896bb3"
"56113f4ce648c0109500ba7e","633d5ba13b75420001f2b92d"
"56113f4ce648c0109500ba7e","6343ced6bb1ab900016b62d2"
"56113f4ce648c0109500ba7e","6343d08dbb1ab900016b631e"
"56113f4ce648c0109500ba7e","6343d2743d4e620001f17e42"
"5614d2ffcc11fa7f23013c14","633d5ba13b75420001f2b92d"
"5615631c9bf7e85016017d46","6343ced6bb1ab900016b62d2"
"561699cf63051f3c9401bcc4","6342ded23d4e620001f14329"
"5618157563051f7b2025f361","633e9c975b31c30001896bb3"
"5618e2889bf7e81f4a01b31e","633d5ba13b75420001f2b92d"
"5619187963051f7b20260a3a","6343ced6bb1ab900016b62d2"
"5619187963051f7b20260a3a","6343d7bd3337b70001a63f92"
"561f7e2063051f0ebe9f2551","6343d08dbb1ab900016b631e"
"561f7e2063051f0ebe9f2551","6343d2743d4e620001f17e42"
"5628d0a09bf7e8770fa3f040","6343ced6bb1ab900016b62d2"
"564ce781f77f306276277ca4","633d5ba13b75420001f2b92d"
"564e2ecc9bf7e861d40fdf4b","6343d08dbb1ab900016b631e"
"564e2ecc9bf7e861d40fdf4b","6343d2743d4e620001f17e42"
"565b3ab063051f28723e8d69","6343d08dbb1ab900016b631e"
"565b3ab063051f28723e8d69","6343d2743d4e620001f17e42"
"5665cbc92005895ceea99d59","63406c0b14ee2c0001eee375"
"566883fff01b300a4272b601","6342ded23d4e620001f14329"
"566899eef01b300a4272b9fe","633ecc224769100001415f11"
"567c3d172005890f4d015fa4","63406c0b14ee2c0001eee375"
"567d4a23f01b304f24016fce","6343ced6bb1ab900016b62d2"
"56801aa8f01b304f2401a009","6343d08dbb1ab900016b631e"
"56801aa8f01b304f2401a009","6343d2743d4e620001f17e42"
"568ced3263051f6d7a0043b3","6343ced6bb1ab900016b62d2"
"569269302325b406c80015e5","6343ced6bb1ab900016b62d2"
"569629e22005895f04008bd6","63406c0b14ee2c0001eee375"
"569629e22005895f04008bd6","6343ced6bb1ab900016b62d2"
"569699c42325b406c80095bd","63406c0b14ee2c0001eee375"
"569699c42325b406c80095bd","6343ced6bb1ab900016b62d2"
"569699c42325b406c80095bd","6343d08dbb1ab900016b631e"
"569699c42325b406c80095bd","6343d2743d4e620001f17e42"
"56982ceaf01b306dec0115ec","63406c0b14ee2c0001eee375"
"56982ceaf01b306dec0115ec","6343ced6bb1ab900016b62d2"
"56a4fa522325b4023b00424a","6343ce163337b70001a63d71"
"56a4fa522325b4023b00424a","6343ced6bb1ab900016b62d2"
"56ab2c392325b42c4c00a4d3","6343ce163337b70001a63d71"
"56acd0acf01b307fa400d70b","633e9b8f5b31c30001896b54"
"56ae7c1d200589723800f37f","633e9c975b31c30001896bb3"
"56b0e52820058970290042a9","6343ced6bb1ab900016b62d2"
"56b4fce82325b4355300fc6d","6343ce163337b70001a63d71"
"56c3628e2005895a69009760","633d5ba13b75420001f2b92d"
"56cc97cb2325b438710061a8","63406c0b14ee2c0001eee375"
"56ccb14a200589039c005dc3","6343d08dbb1ab900016b631e"
"56ccb14a200589039c005dc3","6343d2743d4e620001f17e42"
"56d89cb32325b45f390073a8","6343d08dbb1ab900016b631e"
"56d89cb32325b45f390073a8","6343d2743d4e620001f17e42"
"56e192b1200589789700e532","6343d08dbb1ab900016b631e"
"56e192b1200589789700e532","6343d2743d4e620001f17e42"
"56e714b22325b43b11001a48","633d5ba13b75420001f2b92d"
"56f3e0a02325b45fa00d439a","6343d08dbb1ab900016b631e"
"56f3e0a02325b45fa00d439a","6343d2743d4e620001f17e42"
"56fafcd663051f54fa1be608","6343c9963d4e620001f17caf"
"56fd2707200589445691cef6","633e9c975b31c30001896bb3"
"5701639c63051f1ac377189a","633e9c975b31c30001896bb3"
"5706090a20058920a33e219b","6343ced6bb1ab900016b62d2"
"57080d152325b4494fdf86c5","6343ced6bb1ab900016b62d2"
"570e3a3e63051f2055b60598","63406c0b14ee2c0001eee375"
"570e3a3e63051f2055b60598","6343ced6bb1ab900016b62d2"
"570e58d863051f2055b60b62","6343ced6bb1ab900016b62d2"
"5718c8732325b43ba827cb9b","633d5ba13b75420001f2b92d"
"5721e8672325b4768dda8a0f","6343d08dbb1ab900016b631e"
"5721e8672325b4768dda8a0f","6343d2743d4e620001f17e42"
"572205792325b4768dda999e","633ecc224769100001415f11"
"572205792325b4768dda999e","6343ced6bb1ab900016b62d2"
"5724bfdc2325b46c58a5aa99","633d5ba13b75420001f2b92d"
"5724bfdc2325b46c58a5aa99","6343ced6bb1ab900016b62d2"
"57251b982325b46c58a5bbe9","633e9c975b31c30001896bb3"
"57251b982325b46c58a5bbe9","63406c0b14ee2c0001eee375"
"57279ac32005894b043e5e72","63406c0b14ee2c0001eee375"
"573048a72325b44a92821110","6343ce163337b70001a63d71"
"57306d2563051f318269e526","63406c0b14ee2c0001eee375"
"5737d2322325b43a650bd402","6343ced6bb1ab900016b62d2"
"5741f41c63051f0d96d9dd70","633e9c975b31c30001896bb3"
"57503a3d63051f3d1ab18cbf","633d5ba13b75420001f2b92d"
"5750510520058977df40f974","6343ce163337b70001a63d71"
"57533f1063051f3d1ab20696","633e9c975b31c30001896bb3"
"57533f1063051f3d1ab20696","63406c0b14ee2c0001eee375"
"5753f3e163051f3d1ab20f68","6343d7bd3337b70001a63f92"
"575732fe63051f6405d3c17c","63406c0b14ee2c0001eee375"
"575732fe63051f6405d3c17c","6343ce163337b70001a63d71"
"575ad2982325b42405089ac6","6343d7bd3337b70001a63f92"
"577100092325b479a6837697","633e9c975b31c30001896bb3"
"577100092325b479a6837697","6343ced6bb1ab900016b62d2"
"577ac71c2005895434daf333","6343d08dbb1ab900016b631e"
"577ac71c2005895434daf333","6343d2743d4e620001f17e42"
"577d42ca2005895434db4a8a","6343ce163337b70001a63d71"
"5780084363051f030dca0c51","633d5ba13b75420001f2b92d"
"5780084363051f030dca0c51","6343ced6bb1ab900016b62d2"
"5784f52920058979946db7f6","6343d08dbb1ab900016b631e"
"5784f52920058979946db7f6","6343d2743d4e620001f17e42"
"5784f52920058979946db7f6","6343d7bd3337b70001a63f92"
"578e0aab63051f47151ae42b","6343ced6bb1ab900016b62d2"
"579f304863051f25bc992cb2","6343d08dbb1ab900016b631e"
"579f304863051f25bc992cb2","6343d2743d4e620001f17e42"
"57a63b7a2005896663c46828","633ecc224769100001415f11"
"57b852322325b419add76cc4","6343ced6bb1ab900016b62d2"
"57b852322325b419add76cc4","6343d08dbb1ab900016b631e"
"57b852322325b419add76cc4","6343d2743d4e620001f17e42"
"57bf5c6b200589511fecf8ba","6343ced6bb1ab900016b62d2"
"57c58daa200589511fee6ddc","633d5ba13b75420001f2b92d"
"57c5df7b200589511fee922f","633ecc224769100001415f11"
"57d3c4682005895c20b4c0b9","6343ced6bb1ab900016b62d2"
"57d7c3b62005895c20b5cc9a","6343ced6bb1ab900016b62d2"
"57d946d463051f3b74b0a2cb","6343ced6bb1ab900016b62d2"
"57d9afeb63051f3b74b10875","6343ced6bb1ab900016b62d2"
"57d9c3552325b467ffee8e80","6343ce163337b70001a63d71"
"57da887263051f3b74b15944","6343ced6bb1ab900016b62d2"
"57dee78f2325b467fff0c767","633d5ba13b75420001f2b92d"
"57e4f1242005893b7fe40f61","6343ced6bb1ab900016b62d2"
"57e57a6263051f3b74b59eb8","63406c0b14ee2c0001eee375"
"57ebae892325b413cc9c7636","633d5ba13b75420001f2b92d"
"57ee1f9f63051f51589fdc03","6343ced6bb1ab900016b62d2"
"57f0c73163051f5158a0b24e","6343ce163337b70001a63d71"
"57fcdfd563051f154c0d231f","6343ced6bb1ab900016b62d2"
"57fcf53e2325b40aa93eb02b","6343ced6bb1ab900016b62d2"
"57fe5da6200589436add20a7","6343d08dbb1ab900016b631e"
"57fe5da6200589436add20a7","6343d2743d4e620001f17e42"
"580176422325b46b0975bf50","633ecc224769100001415f11"
"580176422325b46b0975bf50","6343ced6bb1ab900016b62d2"
"58063ad22005891d004e433c","633d5ba13b75420001f2b92d"
"58063ad22005891d004e433c","6343ce163337b70001a63d71"
"5806a0822005891d004e6e75","633e9c975b31c30001896bb3"
"5808119263051f2bdeca650f","633d5ba13b75420001f2b92d"
"5808119263051f2bdeca650f","633e9c975b31c30001896bb3"
"5808119263051f2bdeca650f","6343ced6bb1ab900016b62d2"
"5808119263051f2bdeca650f","6343d08dbb1ab900016b631e"
"5808119263051f2bdeca650f","6343d2743d4e620001f17e42"
"581497be63051f3f6c53a55e","63406c0b14ee2c0001eee375"
"58167ecb63051f3f6c5410bf","6343ced6bb1ab900016b62d2"
"58167ecb63051f3f6c5410bf","6343d08dbb1ab900016b631e"
"58167ecb63051f3f6c5410bf","6343d2743d4e620001f17e42"
"581901f763051f214d3b6525","63406c0b14ee2c0001eee375"
"581a51fe2325b41598e9fdad","6343d08dbb1ab900016b631e"
"581a51fe2325b41598e9fdad","6343d2743d4e620001f17e42"
"582718e263051f0a85e7243a","6343ced6bb1ab900016b62d2"
"582dd0408983be22eaa7bb85","6343ce163337b70001a63d71"
"582f37838983be62fe8b075f","633d5ba13b75420001f2b92d"
"582f37838983be62fe8b075f","633e9c975b31c30001896bb3"
"582f37838983be62fe8b075f","6343ce163337b70001a63d71"
"583492ba8983be62fea8cf78","6343c9963d4e620001f17caf"
"5837fd5a8983be62feb6dd50","633d5ba13b75420001f2b92d"
"5837fd5a8983be62feb6dd50","63406c0b14ee2c0001eee375"
"5837fd5a8983be62feb6dd50","6343ced6bb1ab900016b62d2"
"58398bad8983be62febe74b4","61e819f77090ca0001a0b177"
"58398bad8983be62febe74b4","633ecc224769100001415f11"
"58398bad8983be62febe74b4","6343d7bd3337b70001a63f92"
"583c63cc8983be62fecf7be6","6343ced6bb1ab900016b62d2"
"583c6ed18983be62fecf883a","63406c0b14ee2c0001eee375"
"583e096363051f12414f9bd2","6343ced6bb1ab900016b62d2"
"584297962325b4661336b10b","6343cafe3337b70001a63cf9"
"5843191f63051f3fd4ed87e2","633e9c975b31c30001896bb3"
"584869898983be62fe15caf6","63406c0b14ee2c0001eee375"
"584869898983be62fe15caf6","6343ced6bb1ab900016b62d2"
"584cc2338983be62fe32ef2c","6343ced6bb1ab900016b62d2"
"585295498983be62fe5e71e1","6343d08dbb1ab900016b631e"
"585295498983be62fe5e71e1","6343d2743d4e620001f17e42"
"586160588983be62fe9a5ccf","6343ced6bb1ab900016b62d2"
"586806098983be62feb335ed","633e9c975b31c30001896bb3"
"586d8c128983be62fecc7736","6343d08dbb1ab900016b631e"
"586d8c128983be62fecc7736","6343d2743d4e620001f17e42"
"5873debe8983be62fef93465","633d5ba13b75420001f2b92d"
"587a1f6f8983be62fe182d67","6343d08dbb1ab900016b631e"
"587a1f6f8983be62fe182d67","6343d2743d4e620001f17e42"
"587f60058983be62fe3e13d5","6343ced6bb1ab900016b62d2"
"58813cd58983be62fe4bb105","633d5ba13b75420001f2b92d"
"588aa0338983be62fe91b94c","6343ce163337b70001a63d71"
"588b4bbd8983be62fe974ac5","6343ced6bb1ab900016b62d2"
"588c70ad8983be62fe998148","63406c0b14ee2c0001eee375"
"58920d8a8983be62fec53970","6343ce163337b70001a63d71"
"58934b8b8983be62fed08559","63406c0b14ee2c0001eee375"
"5893638b8983be62fed08837","6343ced6bb1ab900016b62d2"
"589472178983be62fed6d19b","6343d08dbb1ab900016b631e"
"589472178983be62fed6d19b","6343d2743d4e620001f17e42"
"589f53568983be62fe26a06e","633d5ba13b75420001f2b92d"
"589f53568983be62fe26a06e","6343ced6bb1ab900016b62d2"
"589f53568983be62fe26a06e","6343d08dbb1ab900016b631e"
"589f53568983be62fe26a06e","6343d2743d4e620001f17e42"
"58a57afc8983be62fe4ea963","633ecc224769100001415f11"
"58a57afc8983be62fe4ea963","6343ced6bb1ab900016b62d2"
"58ca6da38983be62fe5e89d8","633d5ba13b75420001f2b92d"
"58ca6da38983be62fe5e89d8","633e9c975b31c30001896bb3"
"58cd183e8983be62fe7076cf","633d5ba13b75420001f2b92d"
"58cd183e8983be62fe7076cf","63406c0b14ee2c0001eee375"
"58cd183e8983be62fe7076cf","6343ced6bb1ab900016b62d2"
"58cdb5678983be62fe757c10","63406c0b14ee2c0001eee375"
"58d04b788983be62fe7d104e","6343ced6bb1ab900016b62d2"
"58d586848983be62fe931f74","633d5ba13b75420001f2b92d"
"58d586848983be62fe931f74","6343ce163337b70001a63d71"
"58e2a2448983be62fecc4cef","633d5ba13b75420001f2b92d"
"58ef5c508983be62fef0d3ab","633ecc224769100001415f11"
"58f24da68983be62fefd6162","6343ced6bb1ab900016b62d2"
"58fe6e898983be62fe35ab6b","633d5ba13b75420001f2b92d"
"590664828983be07b3e8f23f","633d5ba13b75420001f2b92d"
"590664828983be07b3e8f23f","633e9c975b31c30001896bb3"
"590664828983be07b3e8f23f","6343ced6bb1ab900016b62d2"
"590664828983be07b3e8f23f","6343d08dbb1ab900016b631e"
"590664828983be07b3e8f23f","6343d2743d4e620001f17e42"
"5908b3498983be07b3ebfa2e","633d5ba13b75420001f2b92d"
"5908b3498983be07b3ebfa2e","633e9c975b31c30001896bb3"
"5909ea7e8983be07b3ef23bd","6343ced6bb1ab900016b62d2"
"591464408983be07b313312d","633e9c975b31c30001896bb3"
"5923ddc28983be07b364af08","633e9c975b31c30001896bb3"
"592461dc8983be07b36751b2","63406c0b14ee2c0001eee375"
"592b52268983be07b37a4e28","63406c0b14ee2c0001eee375"
"592bf9748983be07b37a7c75","63406c0b14ee2c0001eee375"
"592d69038983be07b37b5104","633e9c975b31c30001896bb3"
"592fc76c8983be07b3835cba","633d5ba13b75420001f2b92d"
"59308c6d8983be07b38f3866","633ecc224769100001415f11"
"5937cc948983be04c485b986","6343d08dbb1ab900016b631e"
"5937cc948983be04c485b986","6343d2743d4e620001f17e42"
"593869a08983be04c48ae5d2","6343ced6bb1ab900016b62d2"
"593fb8688983be04c4ae0de2","6343d08dbb1ab900016b631e"
"593fb8688983be04c4ae0de2","6343d2743d4e620001f17e42"
"5944690d8983be27fde745cf","633d5ba13b75420001f2b92d"
"59498d638983be27fdfbcee3","6343ced6bb1ab900016b62d2"
"5952401a8983be27fd1131ac","6343ced6bb1ab900016b62d2"
"595fcf518983be04bc49d5aa","6343d08dbb1ab900016b631e"
"595fcf518983be04bc49d5aa","6343d2743d4e620001f17e42"
"59632c7b8983be04bc553a51","633e9c975b31c30001896bb3"
"596601798983be04bc5b7f31","631f1eddbfe1960001f32a54"
"596601798983be04bc5b7f31","633c44853b75420001f26813"
"596d0aa38983be04bc760045","6343d08dbb1ab900016b631e"
"596d0aa38983be04bc760045","6343d2743d4e620001f17e42"
"596d0aa38983be04bc760045","6343d7bd3337b70001a63f92"
"596f121b8983be04bc7da585","6343ced6bb1ab900016b62d2"
"5972078a8983be04bc8eda63","6343ced6bb1ab900016b62d2"
"5972078a8983be04bc8eda63","6343d08dbb1ab900016b631e"
"5972078a8983be04bc8eda63","6343d2743d4e620001f17e42"
"59a2b8a38983be04bc587d3d","63406c0b14ee2c0001eee375"
"59b556be0e0d4e68f5b301c5","6343ced6bb1ab900016b62d2"
"59bad04aa7934d0435dcde1c","63406c0b14ee2c0001eee375"
"59bd8ad30e0d4e1d714a1c4b","633e9c975b31c30001896bb3"
"59c38c24a7934d57e337037b","6342ded23d4e620001f14329"
"59c53f32a7934d57e3380cff","63406c0b14ee2c0001eee375"
"59cd53aaa7934d7890556010","633e9c975b31c30001896bb3"
"59d294e10e0d4e1c0ecbd53e","6343ced6bb1ab900016b62d2"
"59d39927e20451673bcf8e2b","6343c9963d4e620001f17caf"
"59d4c1db0e0d4e1c0eccdae1","6343fc833d4e620001f189de"
"59db98830e0d4e25aa3934fe","633e9c975b31c30001896bb3"
"59e0ab5fa7934d5182f95e6c","633e9c975b31c30001896bb3"
"59e10a780e0d4e450bcdb4a6","631f1eddbfe1960001f32a54"
"59e10a780e0d4e450bcdb4a6","633c44853b75420001f26813"
"59e10a780e0d4e450bcdb4a6","6343d08dbb1ab900016b631e"
"59e10a780e0d4e450bcdb4a6","6343d2743d4e620001f17e42"
"59e67c96e204510618b7aee4","633d5ba13b75420001f2b92d"
"59e8d6e0a7934d72845feb57","633e9c975b31c30001896bb3"
"59eb5125e204515859b38904","63406c0b14ee2c0001eee375"
"59ecb441a7934d728461aede","633e9c975b31c30001896bb3"
"59f07e660e0d4e7c12c7c22d","6343ced6bb1ab900016b62d2"
"59f080dae204515859b608e4","6343d08dbb1ab900016b631e"
"59f080dae204515859b608e4","6343d2743d4e620001f17e42"
"59fa4e18a7934d499cae873b","63406c0b14ee2c0001eee375"
"59fa4e18a7934d499cae873b","6343ced6bb1ab900016b62d2"
"59fb34d10e0d4e54572a525f","6343d7bd3337b70001a63f92"
"59fc3d95e20451561bbc04a3","6343ce163337b70001a63d71"
"5a007f880e0d4e261e21a453","633e9c975b31c30001896bb3"
"5a00886c0e0d4e261e21ac54","633e9c975b31c30001896bb3"
"5a0231980e0d4e66d96472d5","633d5ba13b75420001f2b92d"
"5a0231980e0d4e66d96472d5","6343ced6bb1ab900016b62d2"
"5a023a100e0d4e66d96479a6","63406c0b14ee2c0001eee375"
"5a023a100e0d4e66d96479a6","6343ced6bb1ab900016b62d2"
"5a0a1a25e2045172bf8b567b","633e9c975b31c30001896bb3"
"5a0a1a25e2045172bf8b567b","63406c0b14ee2c0001eee375"
"5a0a1a25e2045172bf8b567b","6343ced6bb1ab900016b62d2"
"5a16e37e0e0d4e59140fa777","6343ced6bb1ab900016b62d2"
"5a2192a10e0d4e13958d995c","633d5ba13b75420001f2b92d"
"5a3ec742e20451792925577f","633ecc224769100001415f11"
"5a47d67fa7934d098ce43a59","6343d08dbb1ab900016b631e"
"5a47d67fa7934d098ce43a59","6343d2743d4e620001f17e42"
"5a47e0ffe204517929279648","633d5ba13b75420001f2b92d"
"5a4f59d8e2045179292a3d69","633d5ba13b75420001f2b92d"
"5a4f59d8e2045179292a3d69","633e9c975b31c30001896bb3"
"5a548f550e0d4e2525523ff1","6343cafe3337b70001a63cf9"
"5a5506f0e20451577bdc1a60","6343ced6bb1ab900016b62d2"
"5a5506f0e20451577bdc1a60","6343d08dbb1ab900016b631e"
"5a5506f0e20451577bdc1a60","6343d2743d4e620001f17e42"
"5a56706c0e0d4e7c4214da9a","6343d08dbb1ab900016b631e"
"5a56706c0e0d4e7c4214da9a","6343d2743d4e620001f17e42"
"5a5d3db40e0d4e7f30a75457","633d5ba13b75420001f2b92d"
"5a5debe70e0d4e7f30a78ed0","6343fc833d4e620001f189de"
"5a5e0ef00e0d4e7f30a7a300","6343ced6bb1ab900016b62d2"
"5a6b3d8d0e0d4e7a8b5e9e0e","633e9c975b31c30001896bb3"
"5a6b9861e204513a11464298","6343ced6bb1ab900016b62d2"
"5a6c72c3a7934d796c70aebd","6343ced6bb1ab900016b62d2"
"5a6fa31ca7934d796c725443","63406c0b14ee2c0001eee375"
"5a770e32a7934d455f0c02ed","6343ced6bb1ab900016b62d2"
"5a832887a7934d77aaea5007","6343ced6bb1ab900016b62d2"
"5a8849eee204514d349e94d9","6343ced6bb1ab900016b62d2"
"5a93d4420e0d4e5fffa06144","633e9c975b31c30001896bb3"
"5a9460cae20451643dc119e3","633d5ba13b75420001f2b92d"
"5a9492240e0d4e2dc51ee333","6343ced6bb1ab900016b62d2"
"5a984e92e204515ce2915346","6342ded23d4e620001f14329"
"5a99c681a7934d74536bb85a","63406c0b14ee2c0001eee375"
"5a9fb3c3e20451426c911914","6343ced6bb1ab900016b62d2"
"5aa017c5a7934d37f8d99a0f","63406c0b14ee2c0001eee375"
"5aa13890e204512abc1a7211","6343ced6bb1ab900016b62d2"
"5aa3d214a7934d587ed95c47","6343ced6bb1ab900016b62d2"
"5aa95a93a7934d3857c9e8c0","63406c0b14ee2c0001eee375"
"5abce726e2045129d29efb74","633e9c975b31c30001896bb3"
"5ac56283e204517d1aa9d782","633e9c975b31c30001896bb3"
"5accddeaa7934d0dcd219fd4","6343ced6bb1ab900016b62d2"
"5acdf7ffa7934d0dcd21fdec","6343ced6bb1ab900016b62d2"
"5ad011ca0e0d4e172f2a027f","633dce9fbb1ab90001694ae9"
"5ad1f7a2e2045150a6d4ae0d","633d5ba13b75420001f2b92d"
"5ad1f7a2e2045150a6d4ae0d","6343ce163337b70001a63d71"
"5ad496b60e0d4e172f2b5091","6343ced6bb1ab900016b62d2"
"5ae46818a7934d0d74e001b9","6343d08dbb1ab900016b631e"
"5ae46818a7934d0d74e001b9","6343d2743d4e620001f17e42"
"5aec2ee7e204511f13804197","6343ced6bb1ab900016b62d2"
"5af433bba7934d545a109d99","6343ced6bb1ab900016b62d2"
"5af61baaa7934d51313ebb96","6343d08dbb1ab900016b631e"
"5af61baaa7934d51313ebb96","6343d2743d4e620001f17e42"
"5b110d30e204512ca201c124","631f1eddbfe1960001f32a54"
"5b110d30e204512ca201c124","633c44853b75420001f26813"
"5b153605a7934d5baf901cf6","6343ced6bb1ab900016b62d2"
"5b187880a7934d788a30f52f","62c86525c7a4cb0001d4464f"
"5b1d92600e0d4e2c97a6f8b2","633ecc224769100001415f11"
"5b1ebf1ce204516743fb2e5c","63406c0b14ee2c0001eee375"
"5b25610ea7934d728b5663de","6343ced6bb1ab900016b62d2"
"5b39451ca7934d3408cc599d","633e9c975b31c30001896bb3"
"5b488021a7934d017541f020","6342ded23d4e620001f14329"
"5b4f0b1a0e0d4e1911488718","6343d08dbb1ab900016b631e"
"5b4f0b1a0e0d4e1911488718","6343d2743d4e620001f17e42"
"5b4f3e070e0d4e19114890a5","63406c0b14ee2c0001eee375"
"5b4fa38a0e0d4e191148efeb","6343d5d6bb1ab900016b645b"
"5b51db980e0d4e109f81e901","633d5ba13b75420001f2b92d"
"5b524276e204512dbdcc3e3b","6343ced6bb1ab900016b62d2"
"5b5b0506a7934d2ffa02d33f","633e9c975b31c30001896bb3"
"5b5b055ea7934d2ffa02d353","6343ced6bb1ab900016b62d2"
"5b5eca63a7934d2ffa0533c8","633d557810d35d000159a454"
"5b5eca63a7934d2ffa0533c8","633ecc224769100001415f11"
"5b71ee5fa7934d70556df85d","633d5ba13b75420001f2b92d"
"5b71fb0ae204510e001a3726","6343d08dbb1ab900016b631e"
"5b71fb0ae204510e001a3726","6343d2743d4e620001f17e42"
"5b741a89e204510e001a638c","633ecc224769100001415f11"
"5b741a89e204510e001a638c","6343d08dbb1ab900016b631e"
"5fad2cd838a04c0001a0c2d9","6343d08dbb1ab900016b631e"
"5fad2cd838a04c0001a0c2d9","6343d2743d4e620001f17e42"
"5fb4f0eb7d28df00019961ae","6343d08dbb1ab900016b631e"
"5fb4f0eb7d28df00019961ae","6343d2743d4e620001f17e42"
"5fbe3977d095e500017f3fef","6343ced6bb1ab900016b62d2"
"5fc8b4a7d3616d0001b96e67","6343ce163337b70001a63d71"
"5fd4fd0fda69250001e9d3f4","6343ced6bb1ab900016b62d2"
"5fda2d2a6f6261000185befa","6343ce163337b70001a63d71"
"60170437db300100017e5f85","6343d08dbb1ab900016b631e"
"60170437db300100017e5f85","6343d2743d4e620001f17e42"
"601ada54ad2dc30001bc60a1","62c86525c7a4cb0001d4464f"
"6022f9deb269a30001d3774e","6343ced6bb1ab900016b62d2"
"6027842ab189980001ffb7fc","6343ee193d4e620001f185a4"
"60362cf5049053000101fcb2","6342ded23d4e620001f14329"
"60365abf04905300010201e3","63406c0b14ee2c0001eee375"
"603b5d7bec00bf000125dcbb","6343d08dbb1ab900016b631e"
"603b5d7bec00bf000125dcbb","6343d2743d4e620001f17e42"
"6041fd1771f65e0001197453","6343ce163337b70001a63d71"
"60469b8981e8830001121af9","634041f2bb1ab900016a1eeb"
"604bf9656cec2b000179542d","6343ced6bb1ab900016b62d2"
"605de6dee5a4fa0001be33e0","633dbb6e6fc5eb000199fb27"
"6063a8892b540c0001e7127b","633ecc224769100001415f11"
"606f4cf2216150000168f9e3","6343ce163337b70001a63d71"
"609bb4e86093f300014d2256","633ecc224769100001415f11"
"609bb4e86093f300014d2256","6343ced6bb1ab900016b62d2"
"609c468045a02600017e7962","63432cf33d4e620001f1602f"
"60a295060eff660001afe941","63406c0b14ee2c0001eee375"
"60ab87a101d26f0001d5d2a7","6343d08dbb1ab900016b631e"
"60ab87a101d26f0001d5d2a7","6343d2743d4e620001f17e42"
"60abebec7f1f91000141a51b","6343ced6bb1ab900016b62d2"
"60ad265e3e546a00019fb124","633e9c975b31c30001896bb3"
"60ae0e4442493d0001d413b0","6343d08dbb1ab900016b631e"
"60ae0e4442493d0001d413b0","6343d2743d4e620001f17e42"
"60b24b72ae064e0001f14ae3","633e9b8f5b31c30001896b54"
"60b24b72ae064e0001f14ae3","6343c9963d4e620001f17caf"
"60b60058e6a5590001c49f27","633dbb6e6fc5eb000199fb27"
"60b6566801e00500018d63b3","633d5ba13b75420001f2b92d"
"60b792fac7525f0001fb2961","6343d08dbb1ab900016b631e"
"60b792fac7525f0001fb2961","6343d2743d4e620001f17e42"
"60b7be0ca49ed0000116476f","6343ced6bb1ab900016b62d2"
"60b8deac3cfc5f00016f49dd","633e9c975b31c30001896bb3"
"60ba23c83aa2ec000171ecd3","6343d08dbb1ab900016b631e"
"60ba23c83aa2ec000171ecd3","6343d2743d4e620001f17e42"
"60bf8060c86acf0001852c2b","62c86525c7a4cb0001d4464f"
"60c9fc2af0a95400014e4e9c","6343ced6bb1ab900016b62d2"
"60ca6ad9a24bf50001dbf08a","634041f2bb1ab900016a1eeb"
"60ca8be91e76640001159c74","633fe49314ee2c0001eea2e7"
"60ccd0adb142ae0001a543ae","633d5ba13b75420001f2b92d"
"60d496f77b46a60001b37a94","633d5ba13b75420001f2b92d"
"60d5f8e87b46a60001b4164f","6343ced6bb1ab900016b62d2"
"60d9389b7b46a60001b53b2b","633dce9fbb1ab90001694ae9"
"60e0eefc4ef9190001e09a7f","63432cf33d4e620001f1602f"
"60e365c65dffdf0001e39eb7","633d5ba13b75420001f2b92d"
"60e483144172450001bd2806","6343ced6bb1ab900016b62d2"
"60e620679f4ab50001dcf3b9","63432cf33d4e620001f1602f"
"60e6cc7d37f85b00014e616f","6343d08dbb1ab900016b631e"
"60e6cc7d37f85b00014e616f","6343d2743d4e620001f17e42"
"60e6ebaa22e9d70001168d5d","63406c0b14ee2c0001eee375"
"60e7d6c337f85b00014f1963","62c86525c7a4cb0001d4464f"
"60e86ed937f85b00014f6128","6343d08dbb1ab900016b631e"
"60e86ed937f85b00014f6128","6343d2743d4e620001f17e42"
"60eb42e79f4ab50001df61b1","62c86525c7a4cb0001d4464f"
"60edf3575893460001f152ad","62c86525c7a4cb0001d4464f"
"60ef541de447c90001304572","633e9b8f5b31c30001896b54"
"60ef541de447c90001304572","6343d5d6bb1ab900016b645b"
"60ef5764c446320001be30e3","63406c0b14ee2c0001eee375"
"60eff658c446320001be5c34","633dbb6e6fc5eb000199fb27"
"60f06f5ec446320001bea078","6343d08dbb1ab900016b631e"
"60f06f5ec446320001bea078","6343d2743d4e620001f17e42"
"60f1589a46b02e000122244c","63406c0b14ee2c0001eee375"
"60f1674dc446320001bf0986","6343ced6bb1ab900016b62d2"
"60f8e7ef3e2c5d00018d4c2b","62c86525c7a4cb0001d4464f"
"60fbdd9a30e06600018b741d","633d5ba13b75420001f2b92d"
"60fdc124d5e17f0001c6af27","6343d08dbb1ab900016b631e"
"60fdc124d5e17f0001c6af27","6343d2743d4e620001f17e42"
"60ff0a5cd5e17f0001c71c0c","633dce9fbb1ab90001694ae9"
"60ff1b91d25e280001045e3d","633e9c975b31c30001896bb3"
"6100144fd5e17f0001c77ce9","6343c9963d4e620001f17caf"
"610046a3b6d0600001ed03c4","63406c0b14ee2c0001eee375"
"61007858d5e17f0001c7bf5b","633ecc224769100001415f11"
"61007858d5e17f0001c7bf5b","6343ced6bb1ab900016b62d2"
"6102a968f24d860001801122","6343ced6bb1ab900016b62d2"
"61053e54f531cf0001ba033f","6343ced6bb1ab900016b62d2"
"6107b994a7089c00015b238d","6343d08dbb1ab900016b631e"
"6107b994a7089c00015b238d","6343d2743d4e620001f17e42"
"6109544ea7089c00015b9e36","63406c0b14ee2c0001eee375"
"6109ddf277920b000108d18f","633e9c975b31c30001896bb3"
"610b476ed01e2f0001ea1d20","633edbc9b9c7460001a85f94"
"610bdce8647398000162c6d8","6343ced6bb1ab900016b62d2"
"61104c666c5d500001395b6f","62c86525c7a4cb0001d4464f"
"61125eb574e6150001d96282","63406c0b14ee2c0001eee375"
"61128ad96c5d50000139fc2f","633d5ba13b75420001f2b92d"
"61142179b7dc4d000147452b","62c86525c7a4cb0001d4464f"
"61170af0d6423a000119bfb4","633dce9fbb1ab90001694ae9"
"6117a93eb7dc4d000148fd7b","633dbb6e6fc5eb000199fb27"
"6117e350b7dc4d00014919e6","6343d08dbb1ab900016b631e"
"6117e350b7dc4d00014919e6","6343d2743d4e620001f17e42"
"6117ef55a14c8b0001c8c248","6343d08dbb1ab900016b631e"
"6117ef55a14c8b0001c8c248","6343d2743d4e620001f17e42"
"61196b2fd6423a00011aa832","6343c9963d4e620001f17caf"
"611bcc84d6423a00011b4c8d","6343ced6bb1ab900016b62d2"
"611d29fea14c8b0001ca7d82","634041f2bb1ab900016a1eeb"
"611e4465febe84000146f5cf","633d5ba13b75420001f2b92d"
"611fdba52ef4ed0001ce993c","63406c0b14ee2c0001eee375"
"6125331b2ef4ed0001d08f7a","633e9c975b31c30001896bb3"
"612549a4c5d00e0001150b24","6343ced6bb1ab900016b62d2"
"61291a20bc37cd000149c940","6343ced6bb1ab900016b62d2"
"612c225af6c57e00014f8bea","63406c0b14ee2c0001eee375"
"61324bfe4982570001d273fa","62c86525c7a4cb0001d4464f"
"6132ea85ee60b2000155b9c0","63432cf33d4e620001f1602f"
"613a6ff7ca83fc0001bdaa37","6343ce163337b70001a63d71"
"613b9899ca83fc0001be5608","62c86525c7a4cb0001d4464f"
"613f79cfd0cca000017ecf89","63432cf33d4e620001f1602f"
"6141af026003910001aa0baa","63406c0b14ee2c0001eee375"
"61431d93d0cca00001807eb1","6343ced6bb1ab900016b62d2"
"6143a8f0ff13010001970e15","63432cf33d4e620001f1602f"
"61446cb5f98a360001a866ea","633ecc224769100001415f11"
"614a20d1113d8b00010b8fb3","63406c0b14ee2c0001eee375"
"614c74ae010cae000181dad7","634037e4fcbedc0001d08b63"
"614c7ebd010cae000181dfde","6343ced6bb1ab900016b62d2"
"614cae211036c10001424399","6343ced6bb1ab900016b62d2"
"614d8f06010cae0001826e7f","6343d08dbb1ab900016b631e"
"614d8f06010cae0001826e7f","6343d2743d4e620001f17e42"
"6154dcb91036c1000145e283","633dbb6e6fc5eb000199fb27"
"615627d23213080001dba05d","63432cf33d4e620001f1602f"
"6156da5ee110dc000153c1fe","6343d5d6bb1ab900016b645b"
"615aeb85e110dc00015572f8","6343d08dbb1ab900016b631e"
"615aeb85e110dc00015572f8","6343d2743d4e620001f17e42"
"615cb59fc0bfd600012b1374","633dbb6e6fc5eb000199fb27"
"615de42a7621770001da7e68","633dbb6e6fc5eb000199fb27"
"615f27ce2786d000016a5c1d","63406c0b14ee2c0001eee375"
"5b741a89e204510e001a638c","6343d2743d4e620001f17e42"
"5b7550760e0d4e22b5a27c67","633d5ba13b75420001f2b92d"
"5b788f68a7934d7bfd615286","6343ced6bb1ab900016b62d2"
"5b79b665e204510645cdbdd2","633e9c975b31c30001896bb3"
"5b87f7dba7934d4d4cb9a4a3","6343ced6bb1ab900016b62d2"
"5b8e918ee2045167f1ebdfbb","6343ced6bb1ab900016b62d2"
"5b96d0350e0d4e77db545111","6343d08dbb1ab900016b631e"
"5b96d0350e0d4e77db545111","6343d2743d4e620001f17e42"
"5b9fc41a0e0d4e31464a15d9","6343d08dbb1ab900016b631e"
"5b9fc41a0e0d4e31464a15d9","6343d2743d4e620001f17e42"
"5ba025550e0d4e31464a3f58","633d5ba13b75420001f2b92d"
"5ba025550e0d4e31464a3f58","63406c0b14ee2c0001eee375"
"5ba025550e0d4e31464a3f58","6343ce163337b70001a63d71"
"5ba025550e0d4e31464a3f58","6343ced6bb1ab900016b62d2"
"5ba391a7e204513eb83d957c","63406c0b14ee2c0001eee375"
"5ba391a7e204513eb83d957c","6343d7bd3337b70001a63f92"
"5ba666670e0d4e565a2de53d","6343c9963d4e620001f17caf"
"5ba9f8d00e0d4e651a7b6a94","633e9c975b31c30001896bb3"
"5ba9f8d00e0d4e651a7b6a94","6343ced6bb1ab900016b62d2"
"5bae2c91a7934d333867256c","6343d08dbb1ab900016b631e"
"5bae2c91a7934d333867256c","6343d2743d4e620001f17e42"
"5bbaa29f0e0d4e68ed5edaef","633d5ba13b75420001f2b92d"
"5bbaa29f0e0d4e68ed5edaef","6343ce163337b70001a63d71"
"5bbcb1760e0d4e056fb20294","633dbb6e6fc5eb000199fb27"
"5bc0bc61e2045164a39e72d2","6343d08dbb1ab900016b631e"
"5bc0bc61e2045164a39e72d2","6343d2743d4e620001f17e42"
"5bc13ed1a7934d1d2fd5e847","633e9c975b31c30001896bb3"
"5bc13ed1a7934d1d2fd5e847","63406c0b14ee2c0001eee375"
"5bc13ed1a7934d1d2fd5e847","6343ced6bb1ab900016b62d2"
"5bcda903a7934d5c7d030a91","6343ced6bb1ab900016b62d2"
"5bcf507ae204512a422edaae","6343ced6bb1ab900016b62d2"
"5bcf7abee204512a422ee35d","6343ced6bb1ab900016b62d2"
"5bd08f340e0d4e25a5710758","633e9c975b31c30001896bb3"
"5bd08f340e0d4e25a5710758","6343ced6bb1ab900016b62d2"
"5bd2b8fb0e0d4e68332af1bd","633d5ba13b75420001f2b92d"
"5bd32842a7934d28d1718756","63406c0b14ee2c0001eee375"
"5bd42681a7934d28d171ffdb","6343ced6bb1ab900016b62d2"
"5bd8d5e9a7934d42dadb3280","633ecc224769100001415f11"
"5bd8d5e9a7934d42dadb3280","6343d08dbb1ab900016b631e"
"5bd8d5e9a7934d42dadb3280","6343d2743d4e620001f17e42"
"5bdb9fa00e0d4e5ac8eb1f28","633d5ba13b75420001f2b92d"
"5bdc0bb7a7934d3002e74366","6343ced6bb1ab900016b62d2"
"5bdc1569e2045121142f87b0","63406c0b14ee2c0001eee375"
"5be006fee204512114310508","6343ced6bb1ab900016b62d2"
"5be32ebee2045136a8cf1c4a","6343d08dbb1ab900016b631e"
"5be32ebee2045136a8cf1c4a","6343d2743d4e620001f17e42"
"5bece077a7934d645ec3cfa9","63432cf33d4e620001f1602f"
"5bed5648e20451358fb1c4c8","6343ced6bb1ab900016b62d2"
"5bf2d7370e0d4e7d39bdca2b","6343ced6bb1ab900016b62d2"
"5bf37159e20451358fb42c72","63406c0b14ee2c0001eee375"
"5bf40abea7934d645ec673a2","6343d08dbb1ab900016b631e"
"5bf40abea7934d645ec673a2","6343d2743d4e620001f17e42"
"5bf692f0a7934d6aad637bdb","633ecc224769100001415f11"
"5bf85719a7934d63d6a549ff","6343ced6bb1ab900016b62d2"
"5bf94ae70e0d4e5408f8d64b","6343c5df3d4e620001f17c31"
"5c06732aa7934d031fe971a0","633ed6ceb9c7460001a85d76"
"5c0b0465e20451457024485c","63432cf33d4e620001f1602f"
"5c0d254da7934d031feabedc","6343ced6bb1ab900016b62d2"
"5c1a73180e0d4e3c5307832e","633e9c975b31c30001896bb3"
"5c1bc541e204517ea4588121","633d5ba13b75420001f2b92d"
"5c1bc541e204517ea4588121","6343d08dbb1ab900016b631e"
"5c1bc541e204517ea4588121","6343d2743d4e620001f17e42"
"5c261fe60e0d4e3c5308c851","63432cf33d4e620001f1602f"
"5c294ec0a7934d50011b3910","633705649797500001eb4162"
"5c2c7d6a0e0d4e3c530ca3ce","63432cf33d4e620001f1602f"
"5c2deabba7934d50011cd586","633e9c975b31c30001896bb3"
"5c34548d0e0d4e3c530d45f9","63432cf33d4e620001f1602f"
"5c349c33a7934d50011d52b5","6343ced6bb1ab900016b62d2"
"5c3b6c82e2045173d9903ca8","6343d08dbb1ab900016b631e"
"5c3b6c82e2045173d9903ca8","6343d2743d4e620001f17e42"
"5c40c424a7934d7f94850f76","6343ced6bb1ab900016b62d2"
"5c42fa83a7934d3d2c62e91e","633d5ba13b75420001f2b92d"
"5c464e38a7934d0ec433badd","633e9b8f5b31c30001896b54"
"5c4b21c0e2045141f8ce8ccc","6343ced6bb1ab900016b62d2"
"5c5303150e0d4e71487d4485","63406c0b14ee2c0001eee375"
"5c5816240e0d4e71487e7740","633e9c975b31c30001896bb3"
"5c5f5ff1e204512d6e8a0ad9","633ecc224769100001415f11"
"5c5f5ff1e204512d6e8a0ad9","6343d08dbb1ab900016b631e"
"5c5f5ff1e204512d6e8a0ad9","6343d2743d4e620001f17e42"
"5c6dba3ba7934d2412783280","63432cf33d4e620001f1602f"
"5c73002ee204516b560afab1","633d5ba13b75420001f2b92d"
"5c73002ee204516b560afab1","6343ce163337b70001a63d71"
"5c770e6ea7934d24127b4c96","633e9c975b31c30001896bb3"
"5c770e6ea7934d24127b4c96","63406c0b14ee2c0001eee375"
"5c7d85370e0d4e097c316e32","633e9c975b31c30001896bb3"
"5c80ded9a7934d5c3eb97f7f","633705649797500001eb4162"
"5c882fc8a7934d5c3ebfeea3","633dce9fbb1ab90001694ae9"
"5c890fdce204512ea2256d00","633e9c975b31c30001896bb3"
"5c9546c50e0d4e453e9262e8","633dce9fbb1ab90001694ae9"
"5c9572890e0d4e453e92766e","63432cf33d4e620001f1602f"
"5c99786fe2045169ea7d0c2f","633e9c975b31c30001896bb3"
"5c9bca3ce204516d4df8d213","63406c0b14ee2c0001eee375"
"5ca5ba4e0e0d4e530da340f8","633d5ba13b75420001f2b92d"
"5ca7264a0e0d4e530da4df67","633d5ba13b75420001f2b92d"
"5ca7264a0e0d4e530da4df67","6343d08dbb1ab900016b631e"
"5ca7264a0e0d4e530da4df67","6343d2743d4e620001f17e42"
"5ca75a72e20451714ae7af8e","6343ce163337b70001a63d71"
"5ca785bfe20451714ae7bbbe","6343ced6bb1ab900016b62d2"
"5cac6532e204513d117b3c1b","633e9c975b31c30001896bb3"
"5cb86613a7934d7a2dfb5258","633e9c975b31c30001896bb3"
"5cb9b78fe204515d32683dfb","63406c0b14ee2c0001eee375"
"5cb9b78fe204515d32683dfb","6343d08dbb1ab900016b631e"
"5cb9b78fe204515d32683dfb","6343d2743d4e620001f17e42"
"5cc33cb8a7934d7785a6c985","63406c0b14ee2c0001eee375"
"5cd4023ce2045136f229878e","63406c0b14ee2c0001eee375"
"5cdc1c3a0e0d4e53b4a2173e","63406c0b14ee2c0001eee375"
"5cdc1c3a0e0d4e53b4a2173e","6343d08dbb1ab900016b631e"
"5cdc1c3a0e0d4e53b4a2173e","6343d2743d4e620001f17e42"
"5cde75820e0d4e2c378895ff","6343ce163337b70001a63d71"
"5ce292e80e0d4e2c37892e9c","633ecc224769100001415f11"
"5ce82acc0e0d4e379c3a6b3e","6343ced6bb1ab900016b62d2"
"5ce84ba0e20451507bc498d4","6343ced6bb1ab900016b62d2"
"5ced6c400e0d4e0e3ffd6129","633ecc224769100001415f11"
"5cf41538e204511b3af9443a","633dce9fbb1ab90001694ae9"
"5cfe4fe9a7934d7a06e1e953","6343ced6bb1ab900016b62d2"
"5d03418fa7934d3dd37f4d08","63406c0b14ee2c0001eee375"
"5d03418fa7934d3dd37f4d08","6343ced6bb1ab900016b62d2"
"5d1231e7e204512565fd1282","634041f2bb1ab900016a1eeb"
"5d167df3e204512565ffefd8","6343ced6bb1ab900016b62d2"
"5d1b9faaa7934d67389fed37","633d5ba13b75420001f2b92d"
"5d1b9faaa7934d67389fed37","6343d08dbb1ab900016b631e"
"5d1b9faaa7934d67389fed37","6343d2743d4e620001f17e42"
"5d1f1ef90e0d4e73086e3acc","633d5ba13b75420001f2b92d"
"5d1f6e9de20451510292ed7f","6343d08dbb1ab900016b631e"
"5d1f6e9de20451510292ed7f","6343d2743d4e620001f17e42"
"5d21d8e9a7934d418823a0e1","6343d08dbb1ab900016b631e"
"5d21d8e9a7934d418823a0e1","6343d2743d4e620001f17e42"
"5d2663f40e0d4e49ec02cbd2","633d5ba13b75420001f2b92d"
"5d28cd50e20451214f1d769b","63406c0b14ee2c0001eee375"
"5d2a45b90e0d4e49ec0614e1","633705649797500001eb4162"
"5d36da0e0e0d4e38a12ef556","633705649797500001eb4162"
"54266b5e2325b43d06002dbf","633e9c975b31c30001896bb3"
"54266b5e2325b43d06002dbf","6343d7bd3337b70001a63f92"
"5490938b63051f71810059f9","63406c0b14ee2c0001eee375"
"5490938b63051f71810059f9","6343d08dbb1ab900016b631e"
"5490938b63051f71810059f9","6343d2743d4e620001f17e42"
"54a0b3c32325b4060900660d","633e9c975b31c30001896bb3"
"54b1248a2325b40609011b26","633e9c975b31c30001896bb3"
"54b19c3463051f177b00f4fc","6343ced6bb1ab900016b62d2"
"54b6ba6163051f6214003bd0","633ecc224769100001415f11"
"54b6ba6163051f6214003bd0","6343d08dbb1ab900016b631e"
"54b6ba6163051f6214003bd0","6343d2743d4e620001f17e42"
"54b928bb2325b45a020015a4","6343ced6bb1ab900016b62d2"
"54bb8efc63051f7792003f1e","633d5ba13b75420001f2b92d"
"54bbd1112325b45a0200442a","633d5ba13b75420001f2b92d"
"54bbd1112325b45a0200442a","6343ced6bb1ab900016b62d2"
"54bf6b5d2325b45a020079e8","63406c0b14ee2c0001eee375"
"54ca10402325b44630005410","633e9c975b31c30001896bb3"
"54eb863363051f22d300bb2e","6343ced6bb1ab900016b62d2"
"54f46a0e63051f512e003e17","6343cc1f3d4e620001f17d09"
"54fcbb082325b473080029b7","633d5ba13b75420001f2b92d"
"550a0ff963051f53a9001e9f","6343ce163337b70001a63d71"
"550c04982325b418d3004136","6343ced6bb1ab900016b62d2"
"550cf4f863051f0335001047","633ecc224769100001415f11"
"551ac53b63051f23c6001e94","633e9c975b31c30001896bb3"
"552c388b63051f51f10065ac","63406c0b14ee2c0001eee375"
"555e288863051f5332004ab0","633daef2bb1ab9000169396c"
"557046b92325b452e500213c","633d5ba13b75420001f2b92d"
"557828aa63051f66f7016f49","6343ced6bb1ab900016b62d2"
"5595723e63051f20c80099fc","6343ce163337b70001a63d71"
"559bf0ef2325b47821019e3c","633d5ba13b75420001f2b92d"
"559bf0ef2325b47821019e3c","6343ced6bb1ab900016b62d2"
"55a8c4219bf7e8671a002d74","6343ced6bb1ab900016b62d2"
"55b006edf01b303eac00703c","633ecc224769100001415f11"
"55bb43789bf7e82580006369","6343ced6bb1ab900016b62d2"
"55c9f9e92325b45951009a22","633e9c975b31c30001896bb3"
"55d88db12325b43008000477","63406c0b14ee2c0001eee375"
"55df4237f01b30433f001c32","633d5ba13b75420001f2b92d"
"55df4237f01b30433f001c32","6343ced6bb1ab900016b62d2"
"55df46472325b44ff10016ba","633e9c975b31c30001896bb3"
"55e73bdce648c02c70004d8e","6343ce163337b70001a63d71"
"55e87721e648c02c700065ae","633e9c975b31c30001896bb3"
"55e94e8df77f30115f007189","6343ced6bb1ab900016b62d2"
"55f0325d2325b46c9f006ca0","6343ced6bb1ab900016b62d2"
"55f03ddde648c0021b003bed","6343d7bd3337b70001a63f92"
"55f3cbef2325b46c9f00ee6c","633d5ba13b75420001f2b92d"
"55fc2caef77f303fa7000996","633d5ba13b75420001f2b92d"
"55fc2caef77f303fa7000996","63406c0b14ee2c0001eee375"
"55fc2caef77f303fa7000996","6343d08dbb1ab900016b631e"
"55fc2caef77f303fa7000996","6343d2743d4e620001f17e42"
"55fd5f6d104ec81528002537","633e9c975b31c30001896bb3"
"55ffe0962325b42fda00a116","6343ced6bb1ab900016b62d2"
"56004f372325b42fda00c600","633d5ba13b75420001f2b92d"
"56004f372325b42fda00c600","6343ced6bb1ab900016b62d2"
"56025d992325b42fda0144d1","6343ce163337b70001a63d71"
"560b19962325b41f6401ae25","6343ced6bb1ab900016b62d2"
"560bb3abcc11fa44dc011f78","63406c0b14ee2c0001eee375"
"560bb3abcc11fa44dc011f78","6343ced6bb1ab900016b62d2"
"560d43182325b43afc00397a","633e9c975b31c30001896bb3"
"560d43182325b43afc00397a","6343ced6bb1ab900016b62d2"
"560db7f063051f3c9400524c","6343ebed3337b70001a6452b"
"560e3ac6e648c01095005dab","633d5ba13b75420001f2b92d"
"560eaae6f77f3017f000772e","633d5ba13b75420001f2b92d"
"561386eef77f3017f0010b06","633e9c975b31c30001896bb3"
"5614d37ce648c0109501c76b","6343cafe3337b70001a63cf9"
"561bd396e648c05a0ee6d07a","6343ce163337b70001a63d71"
"561bd396e648c05a0ee6d07a","6343ced6bb1ab900016b62d2"
"561fbe0d9bf7e83d4c6e03ed","633e9c975b31c30001896bb3"
"561fbe0d9bf7e83d4c6e03ed","6343d08dbb1ab900016b631e"
"561fbe0d9bf7e83d4c6e03ed","6343d2743d4e620001f17e42"
"5620fa64e648c06978727143","633d5ba13b75420001f2b92d"
"56252b419bf7e83d4c6ea4e8","62bd8d7ce2b01d0001549dab"
"56252b419bf7e83d4c6ea4e8","6342ded23d4e620001f14329"
"562613162325b4381526fc5f","6343d08dbb1ab900016b631e"
"562613162325b4381526fc5f","6343d2743d4e620001f17e42"
"562626e22325b43815270310","6343d08dbb1ab900016b631e"
"562626e22325b43815270310","6343d2743d4e620001f17e42"
"5628fdbee648c007b0531b49","633e9c975b31c30001896bb3"
"562bbee4f77f304133b9c877","633d5ba13b75420001f2b92d"
"563f025163051f6cefad1339","6343ced6bb1ab900016b62d2"
"56455aa62325b407e567686c","633e9c975b31c30001896bb3"
"5650fe862325b477c6240e38","6343d5d6bb1ab900016b645b"
"566d9feb63051f2d9b61475f","6343ced6bb1ab900016b62d2"
"5675fb922005890f4d00f50e","63406c0b14ee2c0001eee375"
"56783daaf01b304f24011a7b","633e9c975b31c30001896bb3"
"568ea7b52005894df40092ba","6343cc7e3d4e620001f17d17"
"568f79f463051f6d7a00e2e1","6343ced6bb1ab900016b62d2"
"568f84bd63051f6d7a01b34c","6343ced6bb1ab900016b62d2"
"5693848f2005895f040045a5","6343d4783d4e620001f17eaf"
"5693848f2005895f040045a5","6343d6fabb1ab900016b649a"
"56963b822005895f04008ee3","6343d08dbb1ab900016b631e"
"56963b822005895f04008ee3","6343d2743d4e620001f17e42"
"5697d6842325b406c800d201","63406c0b14ee2c0001eee375"
"5697dbbef01b306dec00efc9","6343ced6bb1ab900016b62d2"
"5697e0ee63051f204000c3ed","6343ced6bb1ab900016b62d2"
"5698012563051f204000d4eb","6343ced6bb1ab900016b62d2"
"569982d063051f2040013348","63406c0b14ee2c0001eee375"
"569982d063051f2040013348","6343d08dbb1ab900016b631e"
"569982d063051f2040013348","6343d2743d4e620001f17e42"
"569ba4cef01b306dec019a4c","633d5ba13b75420001f2b92d"
"569ba4cef01b306dec019a4c","6343ced6bb1ab900016b62d2"
"569f5bbf2325b406c80218cf","633ecc224769100001415f11"
"569fa7b52325b47cf1000a63","6343ced6bb1ab900016b62d2"
"56a130d22325b47cf10048e8","6343ced6bb1ab900016b62d2"
"56a89e1f2325b42c4c0051c4","6343ced6bb1ab900016b62d2"
"56aa632ef01b307fa4008ec3","63406c0b14ee2c0001eee375"
"56ad2fdcf01b307fa400e21d","633e9c975b31c30001896bb3"
"56b11aee2325b4355300563d","6343ced6bb1ab900016b62d2"
"56b67add2325b41603000ddf","6343ce163337b70001a63d71"
"56b7c0eb2005895f34002385","633e9c975b31c30001896bb3"
"56b7c0eb2005895f34002385","6343ced6bb1ab900016b62d2"
"56bbcda3f01b301e82006b01","633e9c975b31c30001896bb3"
"56d323b120058903610044b7","633d5ba13b75420001f2b92d"
"56d9dad02325b437cb0003c9","6343d08dbb1ab900016b631e"
"56d9dad02325b437cb0003c9","6343d2743d4e620001f17e42"
"56e704e52325b43b110017df","633d5ba13b75420001f2b92d"
"56e820b6200589389c004382","633ecc224769100001415f11"
"56f7ab9163051f54fa1b872e","6343ced6bb1ab900016b62d2"
"56fb7e2b2005893a21214a88","6343ced6bb1ab900016b62d2"
"56fb7e2b2005893a21214a88","6343d08dbb1ab900016b631e"
"56fb7e2b2005893a21214a88","6343d2743d4e620001f17e42"
"56fed0ef20058972dadf49d5","6343d08dbb1ab900016b631e"
"56fed0ef20058972dadf49d5","6343d2743d4e620001f17e42"
"570442fd2325b445b1fa128a","633e9c975b31c30001896bb3"
"570baa84200589306442083c","6343ced6bb1ab900016b62d2"
"570c499f2325b4494fe016c6","6343d08dbb1ab900016b631e"
"570c499f2325b4494fe016c6","6343d2743d4e620001f17e42"
"570edafb2325b411fef053dd","633ecc224769100001415f11"
"5714b0182325b46f1e26f006","6343d08dbb1ab900016b631e"
"5714b0182325b46f1e26f006","6343d2743d4e620001f17e42"
"571bbf4c2325b43ba8283c40","633d5ba13b75420001f2b92d"
"571bbf4c2325b43ba8283c40","63406c0b14ee2c0001eee375"
"571bbf4c2325b43ba8283c40","6343ced6bb1ab900016b62d2"
"571bd49263051f59ba6124f2","633d5ba13b75420001f2b92d"
"5729e8bb2005895e6848bac9","6343ced6bb1ab900016b62d2"
"5730628e2325b44a92821a0b","6343ced6bb1ab900016b62d2"
"5734807a2325b4134b260c7a","6343d08dbb1ab900016b631e"
"5734807a2325b4134b260c7a","6343d2743d4e620001f17e42"
"573b05d563051f48cb4af3d8","633d5ba13b75420001f2b92d"
"573b05d563051f48cb4af3d8","6343d08dbb1ab900016b631e"
"573b05d563051f48cb4af3d8","6343d2743d4e620001f17e42"
"573c79de63051f48cb4b37a1","61e819f77090ca0001a0b177"
"5748663163051f6f289c1f53","63406c0b14ee2c0001eee375"
"574eee1f2325b411c29924fe","633e9c975b31c30001896bb3"
"574eee1f2325b411c29924fe","6343ced6bb1ab900016b62d2"
"575079ad20058977df411c3b","633d5ba13b75420001f2b92d"
"575079ad20058977df411c3b","63406c0b14ee2c0001eee375"
"575079ad20058977df411c3b","6343d08dbb1ab900016b631e"
"575079ad20058977df411c3b","6343d2743d4e620001f17e42"
"5753365b63051f3d1ab20589","6343ced6bb1ab900016b62d2"
"57580476200589408223ea75","633d5ba13b75420001f2b92d"
"575abc4b63051f6405d484bf","6343ced6bb1ab900016b62d2"
"575d604b2325b42405090ea7","6343ce163337b70001a63d71"
"57699cc82005891819140be2","633ecc224769100001415f11"
"57699cc82005891819140be2","6343ced6bb1ab900016b62d2"
"578a7fb163051f47151a8328","633d5ba13b75420001f2b92d"
"578a7fb163051f47151a8328","6343ced6bb1ab900016b62d2"
"578babf42325b44124e58a97","6343d08dbb1ab900016b631e"
"578babf42325b44124e58a97","6343d2743d4e620001f17e42"
"578f329763051f47151b18f6","6343d08dbb1ab900016b631e"
"578f329763051f47151b18f6","6343d2743d4e620001f17e42"
"5796498063051f47151c6248","63406c0b14ee2c0001eee375"
"57a24cf02005896663c3c3f9","6343ce163337b70001a63d71"
"57a4a8dc2325b419add3e0c1","633ecc224769100001415f11"
"57a8d54a2325b419add47060","6343ced6bb1ab900016b62d2"
"57b77f572325b419add75a48","633d5ba13b75420001f2b92d"
"57c92f182325b43d3e4c1654","633ecc224769100001415f11"
"57c93654200589511fefa05c","6343d08dbb1ab900016b631e"
"57c93654200589511fefa05c","6343d2743d4e620001f17e42"
"57c943e1200589511fefabae","633d5ba13b75420001f2b92d"
"57c943e1200589511fefabae","6343d08dbb1ab900016b631e"
"57c943e1200589511fefabae","6343d2743d4e620001f17e42"
"57c9eac92005895c20b21923","6343ced6bb1ab900016b62d2"
"57cd867463051f5a5b72f86e","63406c0b14ee2c0001eee375"
"57cda5942325b4681cac1cb7","6343ced6bb1ab900016b62d2"
"57d17d622005895c20b3ff9b","6343ced6bb1ab900016b62d2"
"57d84f3c63051f3b74b05424","633d5ba13b75420001f2b92d"
"57d84f3c63051f3b74b05424","6343ced6bb1ab900016b62d2"
"57d84f3c63051f3b74b05424","6343d08dbb1ab900016b631e"
"57d84f3c63051f3b74b05424","6343d2743d4e620001f17e42"
"57d854f12005893b7fdf1e29","6343ced6bb1ab900016b62d2"
"57d92cd463051f3b74b092a6","6343ced6bb1ab900016b62d2"
"57dbb5c02005893b7fe097ba","6343ced6bb1ab900016b62d2"
"57dbf99c63051f3b74b22dc5","633d5ba13b75420001f2b92d"
"57e057e763051f3b74b3c125","6343d08dbb1ab900016b631e"
"57e057e763051f3b74b3c125","6343d2743d4e620001f17e42"
"57e1605263051f3b74b417dc","6343ced6bb1ab900016b62d2"
"57ee698563051f5158a01235","63406c0b14ee2c0001eee375"
"57f4f65720058924a10cea08","6343fc833d4e620001f189de"
"57fd073f63051f6eba25a0a5","6343ced6bb1ab900016b62d2"
"57fe9fff2325b41886302177","6343ced6bb1ab900016b62d2"
"57fe9fff2325b41886302177","6343d08dbb1ab900016b631e"
"57fe9fff2325b41886302177","6343d2743d4e620001f17e42"
"57ffddd0200589436adda5f8","6343ced6bb1ab900016b62d2"
"5807ea482325b43c97469a4e","633ecc224769100001415f11"
"580fee9e2325b43715466e7e","6343fc833d4e620001f189de"
"58105dad2005896fdfa862bd","633d5ba13b75420001f2b92d"
"5811dada2325b44b00302d55","6343ced6bb1ab900016b62d2"
"58135b5f63051f3f6c534a89","6343ced6bb1ab900016b62d2"
"5817212a2325b44b0031d1d2","633d5ba13b75420001f2b92d"
"5818190063051f214d3b0f89","633ecc224769100001415f11"
"58231699200589781682f4b5","633ecc224769100001415f11"
"58231699200589781682f4b5","6343ce163337b70001a63d71"
"582623322325b467f1f58d78","6343ced6bb1ab900016b62d2"
"5827026963051f0a85e71cc8","63406c0b14ee2c0001eee375"
"583387118983be62fea41da9","633d5ba13b75420001f2b92d"
"58341aff8983be62fea44839","633d5ba13b75420001f2b92d"
"583579f38983be62fea9d9f3","633d5ba13b75420001f2b92d"
"583579f38983be62fea9d9f3","6343d08dbb1ab900016b631e"
"583579f38983be62fea9d9f3","6343d2743d4e620001f17e42"
"5835b0fc8983be62feac6722","633d5ba13b75420001f2b92d"
"5835b0fc8983be62feac6722","633ecc224769100001415f11"
"58376f3b8983be62feb6d9a5","6343d7bd3337b70001a63f92"
"583809b78983be62feb6f15a","633d5ba13b75420001f2b92d"
"5838621c8983be62feba52e7","633e9c975b31c30001896bb3"
"583d9de92005894f9c4eef59","633d5ba13b75420001f2b92d"
"583fcc222005894f9c4f8e0f","633e9c975b31c30001896bb3"
"583fe71663051f124150158f","6343ced6bb1ab900016b62d2"
"58414b7a2005894f9c501637","633d5ba13b75420001f2b92d"
"58414b7a2005894f9c501637","633e9c975b31c30001896bb3"
"5842dc332005894f9c509ecd","6343ced6bb1ab900016b62d2"
"5853c0298983be62fe669fd7","6343ced6bb1ab900016b62d2"
"5856849f8983be62fe749bc0","633d5ba13b75420001f2b92d"
"5856c3238983be62fe78e4e5","63406c0b14ee2c0001eee375"
"5856c3238983be62fe78e4e5","6343ce163337b70001a63d71"
"585978f48983be62fe7fd280","6343ced6bb1ab900016b62d2"
"5864c5498983be62fea33a81","633ecc224769100001415f11"
"586fa6018983be62fed94f60","633d5ba13b75420001f2b92d"
"5872934c8983be62feefa8df","6343cafe3337b70001a63cf9"
"587390348983be62fef37723","633daef2bb1ab9000169396c"
"587390348983be62fef37723","6343ced6bb1ab900016b62d2"
"5878f65e8983be62fe13942f","6343ced6bb1ab900016b62d2"
"587bb2f18983be62fe23adf8","6343d08dbb1ab900016b631e"
"587bb2f18983be62fe23adf8","6343d2743d4e620001f17e42"
"587d2abe8983be62fe30b697","6343ced6bb1ab900016b62d2"
"588a3ed68983be62fe8ba936","6343d08dbb1ab900016b631e"
"588a3ed68983be62fe8ba936","6343d2743d4e620001f17e42"
"588b87a28983be62fe97d12f","633ecc224769100001415f11"
"588fe8d18983be62feb78cc0","6343d08dbb1ab900016b631e"
"588fe8d18983be62feb78cc0","6343d2743d4e620001f17e42"
"588feb9c8983be62feb78cc6","63406c0b14ee2c0001eee375"
"5891151b8983be62febef686","633ecc224769100001415f11"
"589250668983be62fec9d035","6343ced6bb1ab900016b62d2"
"589250668983be62fec9d035","6343d08dbb1ab900016b631e"
"589250668983be62fec9d035","6343d2743d4e620001f17e42"
"589372818983be62fed09c43","6343ced6bb1ab900016b62d2"
"589f0c358983be62fe1f5ea1","633d5ba13b75420001f2b92d"
"58a6ca808983be62fe5917df","6343ce163337b70001a63d71"
"58a740938983be62fe62fdf0","633d5ba13b75420001f2b92d"
"58a740938983be62fe62fdf0","633e9c975b31c30001896bb3"
"58a740938983be62fe62fdf0","6343ced6bb1ab900016b62d2"
"58a758a68983be62fe650a47","633e9c975b31c30001896bb3"
"58a79ada8983be62fe650fc9","6343ced6bb1ab900016b62d2"
"58a7fff38983be62fe65110a","633d5ba13b75420001f2b92d"
"58aad0ee8983be62fe7c6717","6343ced6bb1ab900016b62d2"
"58ab72b18983be62fe81cb0d","633d5ba13b75420001f2b92d"
"58acc69b8983be62fe88cf98","633e9c975b31c30001896bb3"
"58aed4a88983be62fe975765","633d5ba13b75420001f2b92d"
"58b8a4008983be62fee0b96a","6343d08dbb1ab900016b631e"
"58b8a4008983be62fee0b96a","6343d2743d4e620001f17e42"
"58c035ca8983be62fe105fc4","633d5ba13b75420001f2b92d"
"58c2997c8983be62fe1b9bbc","63406c0b14ee2c0001eee375"
"58c2997c8983be62fe1b9bbc","6343ced6bb1ab900016b62d2"
"58cef5c88983be62fe7a80e4","633d5ba13b75420001f2b92d"
"58f14b798983be62fef8046b","6343ced6bb1ab900016b62d2"
"58f14b798983be62fef8046b","6343d08dbb1ab900016b631e"
"58f14b798983be62fef8046b","6343d2743d4e620001f17e42"
"58f2441f8983be62fefd608f","6343ced6bb1ab900016b62d2"
"590fa76f8983be07b30a7a3f","633e9c975b31c30001896bb3"
"590fa76f8983be07b30a7a3f","63406c0b14ee2c0001eee375"
"59107b6f8983be07b30ab149","633e9c975b31c30001896bb3"
"5914e05f8983be07b3188c22","633e9c975b31c30001896bb3"
"5919c91d8983be07b323f20c","63406c0b14ee2c0001eee375"
"591ab43d8983be07b326f4c2","6343d08dbb1ab900016b631e"
"591ab43d8983be07b326f4c2","6343d2743d4e620001f17e42"
"591b724e8983be07b32bd3d1","6343ced6bb1ab900016b62d2"
"591d72828983be07b330184f","633ecc224769100001415f11"
"591f5b758983be07b3404d63","6343cafe3337b70001a63cf9"
"5936d3f58983be04c4801093","6343d08dbb1ab900016b631e"
"5936d3f58983be04c4801093","6343d2743d4e620001f17e42"
"5937f23c8983be04c4861d4e","63406c0b14ee2c0001eee375"
"5937fb718983be04c48621bc","63406c0b14ee2c0001eee375"
"594282888983be27fdd6f415","63406c0b14ee2c0001eee375"
"5943f42d8983be27fde4fab6","6343cafe3337b70001a63cf9"
"594bd0348983be27fd018c1f","6343ced6bb1ab900016b62d2"
"594d962a8983be27fd0526c5","633d5ba13b75420001f2b92d"
"5952a1858983be27fd180b40","633e9c975b31c30001896bb3"
"595e0de38983be04bc42c0ff","633d5ba13b75420001f2b92d"
"5964bc638983be04bc5640e3","6343c5df3d4e620001f17c31"
"596c746a8983be04bc72bb77","6343ce163337b70001a63d71"
"596f11e58983be04bc7da555","6343ced6bb1ab900016b62d2"
"596f16b78983be04bc7f6545","63406c0b14ee2c0001eee375"
"596f83638983be04bc7f9ea1","633e9c975b31c30001896bb3"
"5974c7398983be04bca0283c","633ecc224769100001415f11"
"5978a1c08983be04bcaf7c35","633d5ba13b75420001f2b92d"
"5978a1c08983be04bcaf7c35","633e9c975b31c30001896bb3"
"598a323f8983be04bcf72e8d","6343cafe3337b70001a63cf9"
"5995ece88983be04bc1bd244","6343ce163337b70001a63d71"
"599997f18983be04bc2b975c","633e9c975b31c30001896bb3"
"599997f18983be04bc2b975c","63406c0b14ee2c0001eee375"
"599bed9b8983be04bc330685","6343d08dbb1ab900016b631e"
"599bed9b8983be04bc330685","6343d2743d4e620001f17e42"
"599ca3228983be04bc381429","63406c0b14ee2c0001eee375"
"599ca3228983be04bc381429","6343ced6bb1ab900016b62d2"
"599ff0188983be04bc461ee3","6343ce163337b70001a63d71"
"599ff0188983be04bc461ee3","6343d08dbb1ab900016b631e"
"599ff0188983be04bc461ee3","6343d2743d4e620001f17e42"
"59a3c2308983be04bc5ae9f9","633e9c975b31c30001896bb3"
"59a8585fe204516892ae8316","6343d08dbb1ab900016b631e"
"59a8585fe204516892ae8316","6343d2743d4e620001f17e42"
"59b6cbdbe204516892b42de0","633d5ba13b75420001f2b92d"
"59b6cbdbe204516892b42de0","633e9c975b31c30001896bb3"
"59b70aca0e0d4e1d7147852a","6343ced6bb1ab900016b62d2"
"59ba61600e0d4e1d7148d889","633d5ba13b75420001f2b92d"
"59bed11be204516892b725d5","6343d08dbb1ab900016b631e"
"59bed11be204516892b725d5","6343d2743d4e620001f17e42"
"59bfd12fa7934d0435de831b","63406c0b14ee2c0001eee375"
"59bfd12fa7934d0435de831b","6343ced6bb1ab900016b62d2"
"59c4c958a7934d57e337b38c","633d5ba13b75420001f2b92d"
"59c4d1300e0d4e190f9c42fd","6343ced6bb1ab900016b62d2"
"59c4d1300e0d4e190f9c42fd","6343d08dbb1ab900016b631e"
"59c4d1300e0d4e190f9c42fd","6343d2743d4e620001f17e42"
"59c4ed9be204514864f3d2fd","633d5ba13b75420001f2b92d"
"59ca3a89e204513733f3f92a","63406c0b14ee2c0001eee375"
"59ca7629e2045172c6da325e","633e9c975b31c30001896bb3"
"59ce1d9b0e0d4e428d56e679","633d5ba13b75420001f2b92d"
"59ce251de20451673bccf547","633ecc224769100001415f11"
"59d658c9a7934d4793d05122","6343ce163337b70001a63d71"
"59de1759a7934d5182f7ce36","63406c0b14ee2c0001eee375"
"59e6080be204510618b75797","63406c0b14ee2c0001eee375"
"59e62057a7934d202c8eb55d","63406c0b14ee2c0001eee375"
"59e647abe204510618b78b89","6343d08dbb1ab900016b631e"
"59e647abe204510618b78b89","6343d2743d4e620001f17e42"
"59ecadf8a7934d728461ac5e","633d5ba13b75420001f2b92d"
"59ece591e204515859b42946","633d5ba13b75420001f2b92d"
"59f1db0c0e0d4e3067ec1ddf","63406c0b14ee2c0001eee375"
"59f9dde7a7934d499cae3c1b","633d5ba13b75420001f2b92d"
"59fda9d5a7934d499cb06f4b","6343ced6bb1ab900016b62d2"
"5a020893e20451716249e0a3","63406c0b14ee2c0001eee375"
"5a030713e2045171624a69e9","633daef2bb1ab9000169396c"
"5a0b404fe2045172bf8c12ee","62bd8d7ce2b01d0001549dab"
"5a0c29a7a7934d5222c84ba9","6343ced6bb1ab900016b62d2"
"5a12b4e4a7934d215cbc0021","633e9c975b31c30001896bb3"
"5a12df4ca7934d215cbc1865","6343ce163337b70001a63d71"
"5a1578e60e0d4e59140ecf3c","6343ced6bb1ab900016b62d2"
"5a26d43da7934d202aedec07","63406c0b14ee2c0001eee375"
"5a2ee64ee204513a811176c1","6343ced6bb1ab900016b62d2"
"5a3451d4a7934d0bca8a5616","633e9c975b31c30001896bb3"
"5a38fa52a7934d3a3c7c29f4","6343ced6bb1ab900016b62d2"
"5a3a64d9e204517929242612","6343ce163337b70001a63d71"
"5a4dbf81a7934d453a898cae","633e9c975b31c30001896bb3"
"5a4dbf81a7934d453a898cae","6343ce163337b70001a63d71"
"5a569c50e20451353eb8f20f","6343ced6bb1ab900016b62d2"
"5a59fc850e0d4e7f30a5cb43","633d5ba13b75420001f2b92d"
"5a59fc850e0d4e7f30a5cb43","6343d08dbb1ab900016b631e"
"5a59fc850e0d4e7f30a5cb43","6343d2743d4e620001f17e42"
"5a60c56fa7934d3229fdfe65","633e9c975b31c30001896bb3"
"5a70969ea7934d796c72c632","6343ced6bb1ab900016b62d2"
"5a70ed68e204513a1148de50","633e9c975b31c30001896bb3"
"5a7f3279e204512e2ce275e8","633d5ba13b75420001f2b92d"
"5a81f2240e0d4e5924c034ca","6343ced6bb1ab900016b62d2"
"5a871b8b0e0d4e42aa38b56a","633d5ba13b75420001f2b92d"
"5a8bf950e204517281713c6d","633d5ba13b75420001f2b92d"
"5a8c3caca7934d6a658d1a01","633ecc224769100001415f11"
"5aa57d830e0d4e1daaab265f","63432cf33d4e620001f1602f"
"5aa69e68e2045115f73dad5a","633e9c975b31c30001896bb3"
"5aa69e68e2045115f73dad5a","6343ced6bb1ab900016b62d2"
"5ab2b96b0e0d4e34cc18d59b","6343d08dbb1ab900016b631e"
"5ab2b96b0e0d4e34cc18d59b","6343d2743d4e620001f17e42"
"5ab2daf2e204512e94d4e6ce","6342ded23d4e620001f14329"
"5ab54d150e0d4e0d564e9288","63406c0b14ee2c0001eee375"
"5aba6f5ea7934d0a20f77d4f","63432cf33d4e620001f1602f"
"5acbd699a7934d5ecbb9f06d","63432cf33d4e620001f1602f"
"5ad50b310e0d4e172f2b6d88","63406c0b14ee2c0001eee375"
"5ad928cca7934d75f3102b6a","6343ce163337b70001a63d71"
"5ad928cca7934d75f3102b6a","6343d08dbb1ab900016b631e"
"5ad928cca7934d75f3102b6a","6343d2743d4e620001f17e42"
"5af170a8e204511f1380b5c4","633d5ba13b75420001f2b92d"
"5b015471a7934d63addb90c1","6343ced6bb1ab900016b62d2"
"5b03fe30a7934d63addbc26e","63406c0b14ee2c0001eee375"
"5b0735000e0d4e5ae2e7c6db","6343ced6bb1ab900016b62d2"
"5b1256eee204512ca201e311","63406c0b14ee2c0001eee375"
"5b165577e204512bfd9f9fc6","633ecc224769100001415f11"
"5b16f93ee20451729b754e57","6343d08dbb1ab900016b631e"
"5b16f93ee20451729b754e57","6343d2743d4e620001f17e42"
"5b180a93e20451729b761b32","6343d91b3d4e620001f17fcc"
"5b185f1be204514720f6e89d","6343ced6bb1ab900016b62d2"
"5b18f653e204514720f71078","6343ced6bb1ab900016b62d2"
"5b1a7c1ae204514611459bdd","6343ced6bb1ab900016b62d2"
"5b1b54dfa7934d750d5269ad","63432cf33d4e620001f1602f"
"5b1e267b0e0d4e2c97a6fbff","6343ced6bb1ab900016b62d2"
"5b2156c4e204513dc8048945","63406c0b14ee2c0001eee375"
"5b229e84e204513c291e2d4f","63406c0b14ee2c0001eee375"
"5b23cb200e0d4e5aa212e77f","63406c0b14ee2c0001eee375"
"5b23f3e3a7934d66fcec7346","633e9c975b31c30001896bb3"
"5b2ad977e204515a56565619","6343ce163337b70001a63d71"
"5b2d34c60e0d4e7675e28f59","6343ced6bb1ab900016b62d2"
"5b2d34c60e0d4e7675e28f59","6343d08dbb1ab900016b631e"
"5b2d34c60e0d4e7675e28f59","6343d2743d4e620001f17e42"
"5b2edb650e0d4e640c95d5f8","633d5ba13b75420001f2b92d"
"5b2edb650e0d4e640c95d5f8","633ecc224769100001415f11"
"5b2edb650e0d4e640c95d5f8","6343d08dbb1ab900016b631e"
"5b2edb650e0d4e640c95d5f8","6343d2743d4e620001f17e42"
"5b35db71e204514ce97116d0","6343ced6bb1ab900016b62d2"
"5b394d53e204510b0cd10eb4","63432cf33d4e620001f1602f"
"5b3e0294e2045108f90edff1","633ecc224769100001415f11"
"5b3e0294e2045108f90edff1","63406c0b14ee2c0001eee375"
"5b425933e2045108f9105a45","6343d08dbb1ab900016b631e"
"5b425933e2045108f9105a45","6343d2743d4e620001f17e42"
"5b54f89ae204512dbdcd4d57","6343ced6bb1ab900016b62d2"
"5b564ac7a7934d682826ead3","6343ced6bb1ab900016b62d2"
"5b5ebbd3a7934d2ffa05332c","63406c0b14ee2c0001eee375"
"5b658612a7934d365eb7a697","634041f2bb1ab900016a1eeb"
"5b6822220e0d4e6c509ca686","6343d08dbb1ab900016b631e"
"5b6822220e0d4e6c509ca686","6343d2743d4e620001f17e42"
"5b6ad577a7934d5da2b6331c","633d5ba13b75420001f2b92d"
"5b71c1430e0d4e558a4a84dd","6343ced6bb1ab900016b62d2"
"5b7343d7e204510e001a527d","6343ced6bb1ab900016b62d2"
"5b7367b80e0d4e558a4ab222","63406c0b14ee2c0001eee375"
"5b7367b80e0d4e558a4ab222","6343ced6bb1ab900016b62d2"
"5b7c8c670e0d4e5b0edbcc91","633d5ba13b75420001f2b92d"
"5b7d4347e204512155115b76","6343ced6bb1ab900016b62d2"
"5b7fbb430e0d4e6c75504112","633d5ba13b75420001f2b92d"
"5b88307b0e0d4e6c75549126","6343d08dbb1ab900016b631e"
"5b88307b0e0d4e6c75549126","6343d2743d4e620001f17e42"
"5b8927ba0e0d4e6c7555724c","633ecc224769100001415f11"
"5b8927ba0e0d4e6c7555724c","6343ced6bb1ab900016b62d2"
"5b89bbcda7934d24afa15996","6343d08dbb1ab900016b631e"
"5b89bbcda7934d24afa15996","6343d2743d4e620001f17e42"
"5b8e77090e0d4e77db4cafe5","633ecc224769100001415f11"
"5b9793eae204515b5167413a","633e9c975b31c30001896bb3"
"5b9d1052e204512c4009e6e0","633d5ba13b75420001f2b92d"
"5ba0e8d4e204516f3a1b6868","6343ced6bb1ab900016b62d2"
"5ba2bcfaa7934d3a2b15af5c","633e9c975b31c30001896bb3"
"5ba41a1a0e0d4e744eb43d2a","63432cf33d4e620001f1602f"
"5baa365c0e0d4e651a7b75cc","6343ced6bb1ab900016b62d2"
"5bad3eaee204510db276e124","633e9c975b31c30001896bb3"
"5bae4de30e0d4e4a0283153c","6343d7bd3337b70001a63f92"
"5bb351670e0d4e71ed9dd786","6343d08dbb1ab900016b631e"
"5bb351670e0d4e71ed9dd786","6343d2743d4e620001f17e42"
"5bb3d14b0e0d4e71ed9e1393","633d5ba13b75420001f2b92d"
"5bb87a30e204514b9d967f43","6343ced6bb1ab900016b62d2"
"5bb8ee63e204514b9d969175","633ecc224769100001415f11"
"5bb8ee63e204514b9d969175","6343ced6bb1ab900016b62d2"
"5bbef5a4a7934d777f904612","6343ced6bb1ab900016b62d2"
"5bbf31e1e2045118009d07ac","6343ced6bb1ab900016b62d2"
"5bc27b8fe2045147e3f68b3c","6343ced6bb1ab900016b62d2"
"5bd2806de204517697f847b6","633d5ba13b75420001f2b92d"
"5bd9ad520e0d4e1b83b3d03e","63406c0b14ee2c0001eee375"
"5bdc24250e0d4e5ac8ec0cd6","633e9c975b31c30001896bb3"
"5be6ff03a7934d3bce5421fa","633d5ba13b75420001f2b92d"
"5be6ff03a7934d3bce5421fa","6343ce163337b70001a63d71"
"5be9da02e2045136a8d1de8e","633e9c975b31c30001896bb3"
"5bfdbff2a7934d031fe7096c","633e9c975b31c30001896bb3"
"5c067f2fe204514570233f36","6343ced6bb1ab900016b62d2"
"5c07b8a4e204514570237440","6343d7bd3337b70001a63f92"
"5c07dc83a7934d031fe9b5e0","63406c0b14ee2c0001eee375"
"5c14faa10e0d4e3c530682bb","6343ced6bb1ab900016b62d2"
"5c18e76ce204517ea457c1cf","633e9c975b31c30001896bb3"
"5c227f810e0d4e3c53088647","63432cf33d4e620001f1602f"
"5c2ba903e204517ea45d3dc2","633d5ba13b75420001f2b92d"
"5c2ba903e204517ea45d3dc2","6343ce163337b70001a63d71"
"5c37bbd6a7934d02a32b8d3c","633ecc224769100001415f11"
"5c3e6cb4e2045135e217c270","633d5ba13b75420001f2b92d"
"5c3f7deea7934d7f9484d4fa","6343d08dbb1ab900016b631e"
"5c3f7deea7934d7f9484d4fa","6343d2743d4e620001f17e42"
"5c433808e204517716ba5d24","6343d08dbb1ab900016b631e"
"5c433808e204517716ba5d24","6343d2743d4e620001f17e42"
"5c44f104e204517716ba84b7","63406c0b14ee2c0001eee375"
"5c4603730e0d4e71487a465c","633e9c975b31c30001896bb3"
"5c487631a7934d0ec433f904","633d5ba13b75420001f2b92d"
"5c487631a7934d0ec433f904","633ecc224769100001415f11"
"5c487631a7934d0ec433f904","63406c0b14ee2c0001eee375"
"5c4978f60e0d4e71487ab023","6343d7bd3337b70001a63f92"
"5c4cb27ca7934d0ec435b999","633e9b8f5b31c30001896b54"
"5c4cd490a7934d0ec435be08","6343ce163337b70001a63d71"
"5c4da5450e0d4e71487c85ee","633ecc224769100001415f11"
"5c4dfbc2e2045141f8cedbd0","633ecc224769100001415f11"
"5c4dfbc2e2045141f8cedbd0","6343d7bd3337b70001a63f92"
"5c504921e2045141f8cf363c","6343ce163337b70001a63d71"
"5c5d49a6a7934d6fb9666807","6343d08dbb1ab900016b631e"
"5c5d49a6a7934d6fb9666807","6343d2743d4e620001f17e42"
"5c6096df0e0d4e556198bc30","63406c0b14ee2c0001eee375"
"5c654dece204512d6e8b6be4","633d5ba13b75420001f2b92d"
"5c673b1ee204512d6e8d59d6","633d5ba13b75420001f2b92d"
"5c686883e204512d6e8d9b5e","6343ced6bb1ab900016b62d2"
"5c6c2ff9a7934d6fb96c19a8","6343d08dbb1ab900016b631e"
"5c6c2ff9a7934d6fb96c19a8","6343d2743d4e620001f17e42"
"5c6d5b0e0e0d4e55619cec32","63406c0b14ee2c0001eee375"
"5c6dc27aa7934d241278358c","633d5ba13b75420001f2b92d"
"5c6e566de204516b5608eb91","63406c0b14ee2c0001eee375"
"5c7d831a0e0d4e097c316d94","633daef2bb1ab9000169396c"
"5c7d831a0e0d4e097c316d94","633e9c975b31c30001896bb3"
"5c8a2ed40e0d4e54fe68889f","6343ced6bb1ab900016b62d2"
"5c8c5bc80e0d4e54fe6a69e2","633ecc224769100001415f11"
"5c8d5105e20451760ee49e4f","62c86525c7a4cb0001d4464f"
"5c95fa76e2045169ea7c5532","633d5ba13b75420001f2b92d"
"5c9dbeaba7934d38e442cc71","6343d7bd3337b70001a63f92"
"5c9f36e30e0d4e36cdacf3ac","6343ced6bb1ab900016b62d2"
"5ca24c8fe204510d174ec700","6343ced6bb1ab900016b62d2"
"5ca340100e0d4e26abdfc337","6343ced6bb1ab900016b62d2"
"5ca66afb0e0d4e530da4c84a","633dce9fbb1ab90001694ae9"
"5ca903970e0d4e530da55cdb","63406c0b14ee2c0001eee375"
"5ca92a930e0d4e530da5785c","633d5ba13b75420001f2b92d"
"5cab362f0e0d4e530da5a670","6343ced6bb1ab900016b62d2"
"5caef8eea7934d081fb1ede7","633e9c975b31c30001896bb3"
"5cb022c40e0d4e5b671f9e10","633e9c975b31c30001896bb3"
"5cb447d9e2045179234434d8","63406c0b14ee2c0001eee375"
"5cb447d9e2045179234434d8","6343d08dbb1ab900016b631e"
"5cb447d9e2045179234434d8","6343d2743d4e620001f17e42"
"5cb57c73a7934d7a2dfade75","633d5ba13b75420001f2b92d"
"5cb633b2e20451792344c785","62c86525c7a4cb0001d4464f"
"5cb7e99e0e0d4e16e7845153","63432cf33d4e620001f1602f"
"5cc247a8a7934d7785a6941a","6343ced6bb1ab900016b62d2"
"5cc598200e0d4e4a8be3dbe0","633d5ba13b75420001f2b92d"
"5cc5efeba7934d7785a71797","6343ce163337b70001a63d71"
"5cc6e8cb0e0d4e4a8be3feb3","6343ced6bb1ab900016b62d2"
"5cc9eee00e0d4e4a8be4c599","633ecc224769100001415f11"
"5ccb12ee0e0d4e4a8be4ea99","6343ce163337b70001a63d71"
"5ccb55ffa7934d7785a9a350","633d5ba13b75420001f2b92d"
"5ccf085fa7934d7785aa48d8","63406c0b14ee2c0001eee375"
"5cd31c11e2045136f22973a8","6343d08dbb1ab900016b631e"
"5cd31c11e2045136f22973a8","6343d2743d4e620001f17e42"
"5cd6e1e2e204517b0a738a3e","633e9c975b31c30001896bb3"
"5cdab4b1a7934d6a1f87c8df","6343ced6bb1ab900016b62d2"
"615f5a16c3e74a000132e605","633705649797500001eb4162"
"61602ea7c26ec70001dd82a6","63406c0b14ee2c0001eee375"
"6160fa48bb9a190001e0d5ea","62c86525c7a4cb0001d4464f"
"6161b0539b7cfd0001b4bc13","6343d7bd3337b70001a63f92"
"61726f6c9c91050001c07ca7","633e9c975b31c30001896bb3"
"61726f9d48e15100010d8aa4","633e9c975b31c30001896bb3"
"6174919b25c625000133fefd","6343ced6bb1ab900016b62d2"
"6177d41d215d570001926739","6343d08dbb1ab900016b631e"
"6177d41d215d570001926739","6343d2743d4e620001f17e42"
"617c46cb119d2f00014fdbdf","63432cf33d4e620001f1602f"
"61817152f4e70800011af44a","633ecc224769100001415f11"
"6182a713dc873f0001517bef","6343cc1f3d4e620001f17d09"
"6182a732dc873f00015c8688","633dbb6e6fc5eb000199fb27"
"618a628c8c25790001b991d0","634037e4fcbedc0001d08b63"
"618c622e481e2d0001e96a05","62c86525c7a4cb0001d4464f"
"61914a7c9bc58c00016d3b06","633d5ba13b75420001f2b92d"
"61950cd28d8cf80001cc09c2","633dbb6e6fc5eb000199fb27"
"6198e264167e2a0001bf920b","6343d08dbb1ab900016b631e"
"6198e264167e2a0001bf920b","6343d2743d4e620001f17e42"
"61992f1f167e2a000137304e","6343ced6bb1ab900016b62d2"
"619930b1d7f0b100019c6d6f","6343d08dbb1ab900016b631e"
"619930b1d7f0b100019c6d6f","6343d2743d4e620001f17e42"
"619caf475d641c000147e3c0","6343f96cbb1ab900016b6ddd"
"61a02cf6808730000132b3c6","633dbb6e6fc5eb000199fb27"
"61a26cefea82080001d04ab2","633705649797500001eb4162"
"61accec5edadc70001c386a0","63406c0b14ee2c0001eee375"
"61accec5edadc70001c386a0","6343d08dbb1ab900016b631e"
"61accec5edadc70001c386a0","6343d2743d4e620001f17e42"
"61ae193d3f26180001200f65","633d5ba13b75420001f2b92d"
"61b0eedeea099500016b6b12","633e9c975b31c30001896bb3"
"61b92e1c0b803d00016d3166","6343d5d6bb1ab900016b645b"
"61b9f30bf45fce0001c94c8c","633dbb6e6fc5eb000199fb27"
"61bbefbea29a1e00018dfaa1","633dce9fbb1ab90001694ae9"
"61cf6ac5e4c215000194b70a","6343d08dbb1ab900016b631e"
"61cf6ac5e4c215000194b70a","6343d2743d4e620001f17e42"
"61d6ce4023fdec0001417065","6343d08dbb1ab900016b631e"
"61d6ce4023fdec0001417065","6343d2743d4e620001f17e42"
"61d70c5623fdec0001beb920","633dbb6e6fc5eb000199fb27"
"61dc7c7c9fd3fe0001c31bf8","633e9c975b31c30001896bb3"
"61dc950fdd430c00015a149d","6343d7bd3337b70001a63f92"
"61dca2b09fd3fe0001ebf03b","6343ced6bb1ab900016b62d2"
"61e83d6353a57000013b05b8","6343ced6bb1ab900016b62d2"
"61e9cd29d82f6b0001b3aecc","633e9c975b31c30001896bb3"
"61f05f17e2912a0001d52d07","6343ced6bb1ab900016b62d2"
"61f0b5eb935abf0001d87dc9","633e9c975b31c30001896bb3"
"61f4393c0fe5af0001f25f64","633ecc224769100001415f11"
"61f445a20fe5af0001bef945","633d5ba13b75420001f2b92d"
"61f6aaa4af8d52000160856b","6343cafe3337b70001a63cf9"
"61f6ce6452e8e3000197e7db","633e9c975b31c30001896bb3"
"61f85393f42d240001622e0f","633dbb6e6fc5eb000199fb27"
"61f919a9051d7d00017f612a","6343c9963d4e620001f17caf"
"61f94f5b1ceb66000183e9bc","6343d5d6bb1ab900016b645b"
"61f9b2311ceb6600013a71af","63406c0b14ee2c0001eee375"
"61fad2f8c0c16100012e949b","633705649797500001eb4162"
"61fd11783be4d3000195a7f2","6343d08dbb1ab900016b631e"
"61fd11783be4d3000195a7f2","6343d2743d4e620001f17e42"
"6203e3fb4cf11200016f7dcc","6343d08dbb1ab900016b631e"
"6203e3fb4cf11200016f7dcc","6343d2743d4e620001f17e42"
"620d32ffdc3bdb0001c35ef3","6343d5d6bb1ab900016b645b"
"620d4835dc3bdb0001fdf2bf","6343d5d6bb1ab900016b645b"
"620d4ddd7e2d170001e1ab4d","6343ced6bb1ab900016b62d2"
"620d8a34dc3bdb0001860f2d","633705649797500001eb4162"
"620e1dd606470900010f7f88","6343d5d6bb1ab900016b645b"
"621143f21c693c000158869b","63406c0b14ee2c0001eee375"
"62168c8cad9d3c0001256dc1","63406c0b14ee2c0001eee375"
"621a020eb4646800014b6a7e","63406c0b14ee2c0001eee375"
"621de6ace321080001de0ce4","6343ced6bb1ab900016b62d2"
"621eb9d23dfaa60001e20f47","633e9c975b31c30001896bb3"
"6221c0dab521bb000191839e","6343d08dbb1ab900016b631e"
"6221c0dab521bb000191839e","6343d2743d4e620001f17e42"
"62224f14f1e2310001157533","6343d7bd3337b70001a63f92"
"62279731f30ac50001e0a173","633d5ba13b75420001f2b92d"
"6229ff58112753000163fc54","63406c0b14ee2c0001eee375"
"622a0d6511275300010a6e59","6343d08dbb1ab900016b631e"
"622a0d6511275300010a6e59","6343d2743d4e620001f17e42"
"622a54e644d0710001844d4b","6343ce163337b70001a63d71"
"622b17a7befdd2000157e2c1","6343d08dbb1ab900016b631e"
"622b17a7befdd2000157e2c1","6343d2743d4e620001f17e42"
"6234543b5daf370001921b9a","6343d08dbb1ab900016b631e"
"6234543b5daf370001921b9a","6343d2743d4e620001f17e42"
"623f3cce549fde0001d893d1","63406c0b14ee2c0001eee375"
"62452e44021b5f00014e6d09","633edbc9b9c7460001a85f94"
"62487864601faa00017f2b64","6343d08dbb1ab900016b631e"
"62487864601faa00017f2b64","6343d2743d4e620001f17e42"
"624c48d6f63dcc000180dab4","6343ced6bb1ab900016b62d2"
"6256f0afa37ea2000124dd28","6343c9963d4e620001f17caf"
"625721b66a081e0001f6428b","63406c0b14ee2c0001eee375"
"625a9d56ae66c50001d00a01","6343ced6bb1ab900016b62d2"
"6261828968fbf1000177ea94","6343ced6bb1ab900016b62d2"
"626270e2e3e09a0001f0b887","633e9c975b31c30001896bb3"
"626b0e98b20c680001d8d0f7","633ecc224769100001415f11"
"626b0e98b20c680001d8d0f7","6343d08dbb1ab900016b631e"
"626b0e98b20c680001d8d0f7","6343d2743d4e620001f17e42"
"626df590ea0d7f0001330644","6343ee193d4e620001f185a4"
"6272c69c22592a00017c8e8b","633dce9fbb1ab90001694ae9"
"6274d46e9e36b200019d9cb1","633e9c975b31c30001896bb3"
"627b94c251d14700013a312e","6343d08dbb1ab900016b631e"
"627b94c251d14700013a312e","6343d2743d4e620001f17e42"
"627bab8851d1470001c9f3d7","6343d08dbb1ab900016b631e"
"627bab8851d1470001c9f3d7","6343d2743d4e620001f17e42"
"627d48cb221166000118f6ba","6343d08dbb1ab900016b631e"
"627d48cb221166000118f6ba","6343d2743d4e620001f17e42"
"628d02cf64ccf90001a97de3","63432cf33d4e620001f1602f"
"628e99a3808ef500017f6409","633e9c975b31c30001896bb3"
"629661a25cd1bb0001fe9cbd","633dbb6e6fc5eb000199fb27"
"6297e8ba1877c50001e4d957","62c86525c7a4cb0001d4464f"
"629d188391214f00014de9d7","633dce9fbb1ab90001694ae9"
"62a4807f69ddf10001173ed0","633dbb6e6fc5eb000199fb27"
"62b6ab2bfc8cf50001e64145","633dce9fbb1ab90001694ae9"
"62b894ed9f41850001785cfb","6343d08dbb1ab900016b631e"
"62b894ed9f41850001785cfb","6343d2743d4e620001f17e42"
"62b89c9bfa1d470001533495","6343ce163337b70001a63d71"
"62b9a92a62e04d0001ba4a42","6343d08dbb1ab900016b631e"
"62b9a92a62e04d0001ba4a42","6343d2743d4e620001f17e42"
"62ba1080323bae000166ec02","6343d08dbb1ab900016b631e"
"62ba1080323bae000166ec02","6343d2743d4e620001f17e42"
"62bb750cfd4c5800018f66f4","6343ced6bb1ab900016b62d2"
"62bc3e02d284e200011d8c09","633ecc224769100001415f11"
"62bf6f4522bfb10001d6dc9a","6343d08dbb1ab900016b631e"
"62bf6f4522bfb10001d6dc9a","6343d2743d4e620001f17e42"
"62c483c3bf51760001454813","6343d08dbb1ab900016b631e"
"62c483c3bf51760001454813","6343d2743d4e620001f17e42"
"62e01b48ae424e0001d3e836","6343d08dbb1ab900016b631e"
"62e01b48ae424e0001d3e836","6343d2743d4e620001f17e42"
"62ec3da0681d650001daa464","633e9c975b31c30001896bb3"
"62ed77849029aa0001603f77","6343d08dbb1ab900016b631e"
"62ed77849029aa0001603f77","6343d2743d4e620001f17e42"
"62f623a623cfe20001e9ae62","63406c0b14ee2c0001eee375"
"630bdb11f86f0c0001b964e2","6343f96cbb1ab900016b6ddd"
"6311c903609d190001fdea80","6343d08dbb1ab900016b631e"
"6311c903609d190001fdea80","6343d2743d4e620001f17e42"
"63178fe756d6f20001c1aa20","6343ced6bb1ab900016b62d2"
"631b21f3491b850001e657fe","6343d08dbb1ab900016b631e"
"631b21f3491b850001e657fe","6343d2743d4e620001f17e42"
"63233786ee40eb0001abb913","6343d08dbb1ab900016b631e"
"63233786ee40eb0001abb913","6343d2743d4e620001f17e42"
"6331fba3badcaa00017de1ce","633e9c975b31c30001896bb3"
"63334c592ef3b20001d23d45","63406c0b14ee2c0001eee375"
"63355ca38b6c7000019d536d","6343ced6bb1ab900016b62d2"
"540feb2463051f2f8900118a","633d5ba13b75420001f2b92d"
"5434583963051f3347004f89","6343ce163337b70001a63d71"
"544d276e63051f6ebf003515","6343ce163337b70001a63d71"
"544d487663051f6ebf0038b4","633e9c975b31c30001896bb3"
"54608ebf2325b45832003457","633d5ba13b75420001f2b92d"
"54608ebf2325b45832003457","63406c0b14ee2c0001eee375"
"5491b7cb2325b46e88006cfe","6343d08dbb1ab900016b631e"
"5491b7cb2325b46e88006cfe","6343d2743d4e620001f17e42"
"54a88ead2325b4060900b907","63406c0b14ee2c0001eee375"
"54ac5f282325b4060900e262","633e9c975b31c30001896bb3"
"54ac5f282325b4060900e262","63406c0b14ee2c0001eee375"
"54ac5f282325b4060900e262","6343d08dbb1ab900016b631e"
"54ac5f282325b4060900e262","6343d2743d4e620001f17e42"
"54b546822325b437b4001b87","6343ce163337b70001a63d71"
"54b697f22325b437b40035b2","6343d08dbb1ab900016b631e"
"54b697f22325b437b40035b2","6343d2743d4e620001f17e42"
"54bd0be42325b45a020057d8","633ecc224769100001415f11"
"54bd0be42325b45a020057d8","6343ced6bb1ab900016b62d2"
"54cec30a63051f3eea005fa0","6343ced6bb1ab900016b62d2"
"54ed16952325b4632000aa13","6343ced6bb1ab900016b62d2"
"54ff6fbb2325b4328d001c58","633e9c975b31c30001896bb3"
"54ff6fcef01b3070b100199a","6343ced6bb1ab900016b62d2"
"5500da2a2325b4328d004022","633ecc224769100001415f11"
"550ac59c63051f53a9002815","6343ced6bb1ab900016b62d2"
"550ef5a163051f0335002b05","633d5ba13b75420001f2b92d"
"55168e4d2325b469e700fb3e","633e9c975b31c30001896bb3"
"5521b4a063051f323d008275","63406c0b14ee2c0001eee375"
"554624f063051f6ee30091ea","633ecc224769100001415f11"
"554c940863051f6ee3010b36","6343ced6bb1ab900016b62d2"
"5550d0772325b424d7020a11","6343ce163337b70001a63d71"
"55635e0c63051f533200b788","6343ce163337b70001a63d71"
"55637d2d2325b4322e00e65c","633e9c975b31c30001896bb3"
"55637d2d2325b4322e00e65c","6343ced6bb1ab900016b62d2"
"556a0cc663051f0889001cba","633ecc224769100001415f11"
"556ddd252325b434c2002817","6343ced6bb1ab900016b62d2"
"5592d71963051f20c800344f","63406c0b14ee2c0001eee375"
"559c674263051f20c801c3b4","63406c0b14ee2c0001eee375"
"559c674263051f20c801c3b4","6343ced6bb1ab900016b62d2"
"559cd7b563051f20c801cf19","633d5ba13b75420001f2b92d"
"55a2cef92325b438dc00fae2","633d5ba13b75420001f2b92d"
"55a2cef92325b438dc00fae2","6343ced6bb1ab900016b62d2"
"55a4cb0a2325b438dc01a33f","6343ced6bb1ab900016b62d2"
"55a4d8802325b438dc01a8a0","6343ce163337b70001a63d71"
"55a8c44463051f0d890232a5","633d5ba13b75420001f2b92d"
"55a8c44463051f0d890232a5","6343ced6bb1ab900016b62d2"
"55abc3499bf7e82fc40018a8","63406c0b14ee2c0001eee375"
"55acee802325b436fd004310","6343ced6bb1ab900016b62d2"
"55ba4529f01b30389b0040e3","633d557810d35d000159a454"
"55ba4529f01b30389b0040e3","6343d08dbb1ab900016b631e"
"55ba4529f01b30389b0040e3","6343d2743d4e620001f17e42"
"55ba4529f01b30389b0040e3","6343d7bd3337b70001a63f92"
"55c4b80e2325b459510045b0","633d5ba13b75420001f2b92d"
"55c4b80e2325b459510045b0","6343ce163337b70001a63d71"
"55cda13c2325b4158a0017ed","633d5ba13b75420001f2b92d"
"55cfe8f22325b4158a005984","6343ced6bb1ab900016b62d2"
"55d27e299bf7e83933000b5f","633ac71ec8990800018a60e9"
"55d27e299bf7e83933000b5f","6343ced6bb1ab900016b62d2"
"55d8702a63051f5f0c0001a6","6343ced6bb1ab900016b62d2"
"55db955ae648c0250000061f","633e9c975b31c30001896bb3"
"55df44452325b44ff1001273","633d5ba13b75420001f2b92d"
"55e311222325b447ca003511","63406c0b14ee2c0001eee375"
"55e454699bf7e87223002431","633d557810d35d000159a454"
"55e454699bf7e87223002431","633d5ba13b75420001f2b92d"
"55e454699bf7e87223002431","6343ce163337b70001a63d71"
"55e454699bf7e87223002431","6343ced6bb1ab900016b62d2"
"55e59efa2325b447ca006445","633e9c975b31c30001896bb3"
"55e63b2363051f6889004664","633e9c975b31c30001896bb3"
"55e63b2363051f6889004664","63406c0b14ee2c0001eee375"
"55eb1ced63051f688900a7f1","6343ced6bb1ab900016b62d2"
"55f0236363051f542f004074","633d5ba13b75420001f2b92d"
"55f13944104ec8691a0055d9","6343ce163337b70001a63d71"
"55f4bf1f9bf7e8385800961d","6343d08dbb1ab900016b631e"
"55f4bf1f9bf7e8385800961d","6343d2743d4e620001f17e42"
"55f567a6cc11fa2735008700","633ecc224769100001415f11"
"55f567a6cc11fa2735008700","6343ced6bb1ab900016b62d2"
"55fa93202325b43b78001eaf","633d5ba13b75420001f2b92d"
"55fa93202325b43b78001eaf","6343ce163337b70001a63d71"
"55fa93202325b43b78001eaf","6343d08dbb1ab900016b631e"
"55fa93202325b43b78001eaf","6343d2743d4e620001f17e42"
"55fa990ccc11fa7aa1000ecf","633d5ba13b75420001f2b92d"
"5600139b63051f08d6004b43","6343ced6bb1ab900016b62d2"
"5601e337104ec81528009f92","6343ced6bb1ab900016b62d2"
"56025d1b104ec8152800a4d9","633d5ba13b75420001f2b92d"
"56025d1b104ec8152800a4d9","6343ced6bb1ab900016b62d2"
"56055132e648c07d20005c40","633d5ba13b75420001f2b92d"
"5606e542e648c07d20007e68","6343d08dbb1ab900016b631e"
"5606e542e648c07d20007e68","6343d2743d4e620001f17e42"
"56092748cc11fa44dc00a8ff","6343d08dbb1ab900016b631e"
"56092748cc11fa44dc00a8ff","6343d2743d4e620001f17e42"
"561574742325b43afc019916","633e9c975b31c30001896bb3"
"561df74af77f3020f4a63aa9","633d5ba13b75420001f2b92d"
"562055e163051f0ebe9f4669","633d5ba13b75420001f2b92d"
"562055e163051f0ebe9f4669","6343d08dbb1ab900016b631e"
"562055e163051f0ebe9f4669","6343d2743d4e620001f17e42"
"562526f1cc11fa4073befbb8","633e9c975b31c30001896bb3"
"56261862cc11fa4073bf1b24","633d5ba13b75420001f2b92d"
"56278d572325b450dace41c0","6343d08dbb1ab900016b631e"
"56278d572325b450dace41c0","6343d2743d4e620001f17e42"
"562e7a199bf7e8770fa4bdc1","633d5ba13b75420001f2b92d"
"5630a3972325b450dacfbbca","633e9c975b31c30001896bb3"
"5630a3972325b450dacfbbca","6343ced6bb1ab900016b62d2"
"563fde4f9bf7e871b39d2a94","6342ded23d4e620001f14329"
"565f68b7f77f304ae55e7b01","633e9c975b31c30001896bb3"
"565f68b7f77f304ae55e7b01","6343ced6bb1ab900016b62d2"
"567dd464f01b304f240179b8","63406c0b14ee2c0001eee375"
"568e83f7f01b302346008556","6343ced6bb1ab900016b62d2"
"568ea51763051f6d7a009065","633e9b8f5b31c30001896b54"
"568f7b522325b4690d015062","63406c0b14ee2c0001eee375"
"5692574a63051f204000117d","633d5ba13b75420001f2b92d"
"56995e082005895f04016c1e","633e9c975b31c30001896bb3"
"56a7f70df01b307fa4004380","633d5ba13b75420001f2b92d"
"56a80a14f01b307fa400467a","633e9c975b31c30001896bb3"
"56a80a14f01b307fa400467a","6343ced6bb1ab900016b62d2"
"56b25b6bf01b30147300784d","63406c0b14ee2c0001eee375"
"56b8b29e63051f61ef004aef","6343ced6bb1ab900016b62d2"
"56bee93d2005895a69001e81","633d5ba13b75420001f2b92d"
"56bee93d2005895a69001e81","6343ced6bb1ab900016b62d2"
"56d4b80420058903610074c9","6343ced6bb1ab900016b62d2"
"56d6d1eb63051f11c2000541","6343ced6bb1ab900016b62d2"
"56d70fb063051f11c200236c","6343ced6bb1ab900016b62d2"
"56db1ab1f01b304a09002a94","6343d08dbb1ab900016b631e"
"56db1ab1f01b304a09002a94","6343d2743d4e620001f17e42"
"56f48b0363051f54fa1b2464","633e9c975b31c30001896bb3"
"5e289ae9d30dd07599064ceb","63406c0b14ee2c0001eee375"
"5e2aa4c7a7934d391ea7cac1","6343ced6bb1ab900016b62d2"
"5e2ac1e2a7934d391ea7dc48","6343d08dbb1ab900016b631e"
"5e2ac1e2a7934d391ea7dc48","6343d2743d4e620001f17e42"
"5e3403bad30dd053f8c728af","6343d08dbb1ab900016b631e"
"5e3403bad30dd053f8c728af","6343d2743d4e620001f17e42"
"5e3c1a7439210068f32e8145","633e9c975b31c30001896bb3"
"5e3c5fc4d30dd075ee8cec25","633dbb6e6fc5eb000199fb27"
"5e3d7a34a7934d76b01a7608","633d5ba13b75420001f2b92d"
"5e3d8ff9d30dd0612fbe806a","6343ced6bb1ab900016b62d2"
"5e4025e6a7934d137372a9b8","633fe49314ee2c0001eea2e7"
"5e431607d30dd03d156db0b7","63432cf33d4e620001f1602f"
"5e458549a7934d4dc7e4fd15","633dbb6e6fc5eb000199fb27"
"5e46f31f39210057d4fda160","6343ced6bb1ab900016b62d2"
"5e46f31f39210057d4fda160","6343d08dbb1ab900016b631e"
"5e46f31f39210057d4fda160","6343d2743d4e620001f17e42"
"5e524615a7934d1b57e7da52","633d5ba13b75420001f2b92d"
"5e55375d3921005937de8a7e","6343ce163337b70001a63d71"
"5e56836e39210038df9f0f94","6342ded23d4e620001f14329"
"5e56c492d30dd07541bc5331","633dbb6e6fc5eb000199fb27"
"5e57f154d30dd04b87343798","6343ced6bb1ab900016b62d2"
"5e5d1f3b39210068e3e6f8c8","62c86525c7a4cb0001d4464f"
"5e630a8da7934d5b7b5ed544","63432cf33d4e620001f1602f"
"5e66920fa7934d5b7b60122e","6343eccfbb1ab900016b6a47"
"5e681379a7934d7d865602a6","633ac71ec8990800018a60e9"
"5e6b5c7cd30dd07579e231fc","633e9c975b31c30001896bb3"
"5e7d1af9e5066e00014e45c5","63432cf33d4e620001f1602f"
"5ea339f2235fe80001b6ede5","6343d08dbb1ab900016b631e"
"5ea339f2235fe80001b6ede5","6343d2743d4e620001f17e42"
"5eb0461b21a2bb0001bc6554","63406c0b14ee2c0001eee375"
"5eb4499ccd6b720001c7f7e1","6343d7bd3337b70001a63f92"
"5ec6ed5ab3fe840001d31d26","62c86525c7a4cb0001d4464f"
"5eced5dfb1b7e10001559d31","6343ce163337b70001a63d71"
"5ed766ed39853d0001d179c9","633d5ba13b75420001f2b92d"
"5ed76fc3a699ba0001734428","6343ce163337b70001a63d71"
"5edd4b7b0d51260001356bf2","63406c0b14ee2c0001eee375"
"5ee0b5e923dcaa00018aa6de","6343ced6bb1ab900016b62d2"
"5ee0c03e5fc35c00012304df","63406c0b14ee2c0001eee375"
"5ee0da665a219c0001ef7bac","6343d08dbb1ab900016b631e"
"5ee0da665a219c0001ef7bac","6343d2743d4e620001f17e42"
"5ee25c8b14508e0001418b0b","6343ced6bb1ab900016b62d2"
"5ee8af71c648440001e418e2","6343ced6bb1ab900016b62d2"
"5ef386f11d6a0b0001ab85a7","6343d08dbb1ab900016b631e"
"5ef386f11d6a0b0001ab85a7","6343d2743d4e620001f17e42"
"5f071df8beeda20001b275f0","6343ca823337b70001a63ce0"
"5f19ef0eac22650001665c1b","634037e4fcbedc0001d08b63"
"5f245f26f45b5c0001f799f6","6343ced6bb1ab900016b62d2"
"5f2f15d6c71fd20001457d82","62c86525c7a4cb0001d4464f"
"5f451e456ed32000014cfc60","63406c0b14ee2c0001eee375"
"5f451e456ed32000014cfc60","6343ced6bb1ab900016b62d2"
"5f573084648303000131d8be","63406c37fcbedc0001d0a9ed"
"5f5b85eb814b6e0001e3b33a","6343ced6bb1ab900016b62d2"
"5f61a8957a9da90001a0baa8","633dbb6e6fc5eb000199fb27"
"5f807126e0832d00012f487c","6343ce163337b70001a63d71"
"5f8466e5223c120001044288","633d5ba13b75420001f2b92d"
"5f9179d4f34f55000192f398","6343ced6bb1ab900016b62d2"
"5fa40bc76ac0050001e15d8f","6343ced6bb1ab900016b62d2"
"5faffc39b6647100010a234b","633ecc224769100001415f11"
"5fb2d9692ea5420001893431","633e9c975b31c30001896bb3"
"5fb98fb3ec96350001b01785","6343d08dbb1ab900016b631e"
"5fb98fb3ec96350001b01785","6343d2743d4e620001f17e42"
"5fbe4ca8d095e500017f426b","6343d08dbb1ab900016b631e"
"5fbe4ca8d095e500017f426b","6343d2743d4e620001f17e42"
"5fc3485907374b0001ab8920","633e9c975b31c30001896bb3"
"5fc7e3f43077ab00010c93c1","6343ced6bb1ab900016b62d2"
"5fc803117106390001c1d0a2","6343ce163337b70001a63d71"
"5fe9074c6f62610001877949","633d5ba13b75420001f2b92d"
"5ffece34fc2bff0001e441e2","633e9c975b31c30001896bb3"
"60088b1379e2cc0001012d5d","6342ded23d4e620001f14329"
"6011c88baf30ba00010ce473","633e9b8f5b31c30001896b54"
"60158f71e9d34900015c266a","6343ced6bb1ab900016b62d2"
"60213c4a47e5570001498835","6343d08dbb1ab900016b631e"
"60213c4a47e5570001498835","6343d2743d4e620001f17e42"
"6034b37f049053000101d4c8","633dbb6e6fc5eb000199fb27"
"60396858ec00bf000125b587","633e9c975b31c30001896bb3"
"604b58c3cbce020001e1e853","633e9c975b31c30001896bb3"
"6058ae075de51600019345f3","633d5ba13b75420001f2b92d"
"605cfbad67827b00010236f4","633e9c975b31c30001896bb3"
"605e3312d555dc00012f284f","6343ced6bb1ab900016b62d2"
"605e4f92e2d8fb00012171fe","63406c0b14ee2c0001eee375"
"6061aeb7bfd6670001644284","6343d08dbb1ab900016b631e"
"6061aeb7bfd6670001644284","6343d2743d4e620001f17e42"
"6063b0afbfd6670001647ce1","633e9c975b31c30001896bb3"
"6063b0afbfd6670001647ce1","6343d08dbb1ab900016b631e"
"6063b0afbfd6670001647ce1","6343d2743d4e620001f17e42"
"60642455ffdfdc000175c4b4","6342ded23d4e620001f14329"
"606617451e26fb0001990e35","6343ced6bb1ab900016b62d2"
"606617451e26fb0001990e35","6343d08dbb1ab900016b631e"
"606617451e26fb0001990e35","6343d2743d4e620001f17e42"
"6066fd7e5c7c1400018c901f","6343cc1f3d4e620001f17d09"
"6071a9c86a4e65000192fa31","633daef2bb1ab9000169396c"
"6071a9c86a4e65000192fa31","6343ced6bb1ab900016b62d2"
"60873c83c4511e00016d7bd0","6343ced6bb1ab900016b62d2"
"6087d086a1923b00014857be","633d5ba13b75420001f2b92d"
"6089d560f4fb2700015ef051","6343ce163337b70001a63d71"
"6091cc3ef4fb2700015fe554","633d5ba13b75420001f2b92d"
"609ba5cdae6baf0001ee58eb","6343ced6bb1ab900016b62d2"
"609cebc826f96100016e47df","633ecc224769100001415f11"
"609cebc826f96100016e47df","6343ced6bb1ab900016b62d2"
"609cf818a579f10001a13018","633d5ba13b75420001f2b92d"
"609cf818a579f10001a13018","6343d08dbb1ab900016b631e"
"609cf818a579f10001a13018","6343d2743d4e620001f17e42"
"609fc60bebdd6700010216c7","6343ced6bb1ab900016b62d2"
"60a456c446a72d000179b2c0","633e9c975b31c30001896bb3"
"60a6b43feb56a90001662a3e","62c86525c7a4cb0001d4464f"
"60a83653c825680001501602","6343ce163337b70001a63d71"
"60af6dfaa4a095000152f4db","633e9c975b31c30001896bb3"
"60b5f88aedea64000163bbdb","6343d08dbb1ab900016b631e"
"60b5f88aedea64000163bbdb","6343d2743d4e620001f17e42"
"60b60239e6a5590001c4a4b9","6343d08dbb1ab900016b631e"
"60b60239e6a5590001c4a4b9","6343d2743d4e620001f17e42"
"60ba99e5a357c4000196b732","6343c9963d4e620001f17caf"
"60bb1be5aa80a7000120ebb5","633d5ba13b75420001f2b92d"
"60bd35df9b7d790001b8347c","634041f2bb1ab900016a1eeb"
"60c27156623c5700019b59b2","63432cf33d4e620001f1602f"
"60c3433a1ef1ca000130cf8f","6343ced6bb1ab900016b62d2"
"60c53f1b623c5700019c38b4","62c86525c7a4cb0001d4464f"
"60c7d64e7a2c410001aa5245","633dbb6e6fc5eb000199fb27"
"60ca212ef0a95400014e6b27","6343d08dbb1ab900016b631e"
"60ca212ef0a95400014e6b27","6343d2743d4e620001f17e42"
"60cf403bbd6cca0001b97a0e","633dbb6e6fc5eb000199fb27"
"60d1356f9e094f0001a471e3","633dce9fbb1ab90001694ae9"
"60d3000b23c6ff0001abb4f8","633dbb6e6fc5eb000199fb27"
"60d3c08823c6ff0001ac1f8f","62c86525c7a4cb0001d4464f"
"60d764767b46a60001b4b590","633dce9fbb1ab90001694ae9"
"60d7a662a84be5000196e001","63406c0b14ee2c0001eee375"
"60d7a662a84be5000196e001","6343ced6bb1ab900016b62d2"
"60dc8ce4cc78a6000150e2ec","6343d08dbb1ab900016b631e"
"60dc8ce4cc78a6000150e2ec","6343d2743d4e620001f17e42"
"60defe9e4ef9190001dfb788","6343d5d6bb1ab900016b645b"
"60df0f79cc78a600015207a3","633ecc224769100001415f11"
"540793252325b473a7001979","6343ced6bb1ab900016b62d2"
"541b2b3b63051f15cd00322c","63406c0b14ee2c0001eee375"
"5424445d2325b43799001335","633d5ba13b75420001f2b92d"
"544ad8c02325b40b950014bc","633e9c975b31c30001896bb3"
"5451fc7c63051f2504000f77","6343ced6bb1ab900016b62d2"
"5458e68c63051f2d89000cf7","63406c0b14ee2c0001eee375"
"5464a60f63051f65ff003fce","6343ced6bb1ab900016b62d2"
"5464a60f63051f65ff003fce","6343d08dbb1ab900016b631e"
"5464a60f63051f65ff003fce","6343d2743d4e620001f17e42"
"5465ed4263051f65ff0048e5","633d5ba13b75420001f2b92d"
"5466819b63051f65ff0050f3","6343ced6bb1ab900016b62d2"
"547c6d9863051f65ff013c9b","6343ced6bb1ab900016b62d2"
"54be36112325b45a02006b33","633d5ba13b75420001f2b92d"
"54c7cb3e63051f3134000212","63406c0b14ee2c0001eee375"
"54dbf17263051f3eea011b72","6343ced6bb1ab900016b62d2"
"54fa29a29bf7e8315300058b","6343ced6bb1ab900016b62d2"
"5500b5cf2325b4328d003ad6","633ecc224769100001415f11"
"5517f3de2325b469e7011d70","6343d08dbb1ab900016b631e"
"5517f3de2325b469e7011d70","6343d2743d4e620001f17e42"
"5527b7402325b40947001424","6343ced6bb1ab900016b62d2"
"553570bf63051f735b005f1a","633d5ba13b75420001f2b92d"
"55408eb12325b4312901b1e7","633ecc224769100001415f11"
"555e4b9163051f5332004f90","633d5ba13b75420001f2b92d"
"5565b5502325b4322e0128aa","633ecc224769100001415f11"
"5565b5502325b4322e0128aa","6343ced6bb1ab900016b62d2"
"5565f3f72325b4322e013135","6343d08dbb1ab900016b631e"
"5565f3f72325b4322e013135","6343d2743d4e620001f17e42"
"5580820d2325b4219d006364","63406c0b14ee2c0001eee375"
"559277be63051f20c80023fd","633d5ba13b75420001f2b92d"
"55928aa12325b478210028f4","633d5ba13b75420001f2b92d"
"55a0f3552325b438dc0099e1","633ecc224769100001415f11"
"55a6169f63051f0d89018019","6343d08dbb1ab900016b631e"
"55a6169f63051f0d89018019","6343d2743d4e620001f17e42"
"55a8c537f01b3066e700508a","63406c0b14ee2c0001eee375"
"55a8c537f01b3066e700508a","6343ced6bb1ab900016b62d2"
"55be66c0f01b30389b01291e","633e9c975b31c30001896bb3"
"55c0a71c2325b454b40142f7","6343ced6bb1ab900016b62d2"
"55cccaea2325b4158a0008f6","63406c0b14ee2c0001eee375"
"55cd919c63051f716e0016f9","63406c0b14ee2c0001eee375"
"55d3646e9bf7e83933004ac8","6343ced6bb1ab900016b62d2"
"55d56b9663051f7ddf008205","6343ced6bb1ab900016b62d2"
"55d579832325b47bc9008b57","6343ced6bb1ab900016b62d2"
"55d834269bf7e84ebd000be0","6343ced6bb1ab900016b62d2"
"55df44312325b44ff100122d","6343ced6bb1ab900016b62d2"
"55df4b29f01b30433f002ffa","6343ced6bb1ab900016b62d2"
"55eb7a092325b447ca01477a","6343ced6bb1ab900016b62d2"
"55f0232c63051f542f00406a","6343d08dbb1ab900016b631e"
"55f0232c63051f542f00406a","6343d2743d4e620001f17e42"
"55f354ad104ec8691a0085e5","63406c0b14ee2c0001eee375"
"5602ec8ef77f30124f001508","633d5ba13b75420001f2b92d"
"5608e5be2325b41f640137aa","633d5ba13b75420001f2b92d"
"560b01f3104ec813c700f8a4","63406c0b14ee2c0001eee375"
"56127ef59bf7e8501600e501","633e9c975b31c30001896bb3"
"5612829863051f3c9400ef26","633daef2bb1ab9000169396c"
"5612829863051f3c9400ef26","63406c0b14ee2c0001eee375"
"5612829863051f3c9400ef26","6343d08dbb1ab900016b631e"
"5612829863051f3c9400ef26","6343d2743d4e620001f17e42"
"56196589e648c05a0ee68fcb","63406c0b14ee2c0001eee375"
"5620f7809bf7e83d4c6e2fce","61e819f77090ca0001a0b177"
"56295745e648c007b0534453","633d5ba13b75420001f2b92d"
"56295745e648c007b0534453","633e9c975b31c30001896bb3"
"56295745e648c007b0534453","63406c0b14ee2c0001eee375"
"562a98ed63051f068482f25d","6343ced6bb1ab900016b62d2"
"562a98ed63051f068482f25d","6343d08dbb1ab900016b631e"
"562a98ed63051f068482f25d","6343d2743d4e620001f17e42"
"564b283d2325b477c623133d","633e9c975b31c30001896bb3"
"5660430963051f4b7cce1330","6343ce163337b70001a63d71"
"566210d32325b44a640c12bf","633d5ba13b75420001f2b92d"
"5666c9c6f01b300a427256d1","633e9c975b31c30001896bb3"
"5681d671f01b3021250024a3","633e9b8f5b31c30001896b54"
"568d9beb63051f6d7a006d2f","6343ced6bb1ab900016b62d2"
"568f73da2005894df400d094","6343ced6bb1ab900016b62d2"
"568fa0382325b4690d01e775","63406c0b14ee2c0001eee375"
"5696884363051f2040008b2b","633ecc224769100001415f11"
"5696884363051f2040008b2b","6343ced6bb1ab900016b62d2"
"56995be3f01b306dec015e2d","63406c0b14ee2c0001eee375"
"56995be3f01b306dec015e2d","6343ced6bb1ab900016b62d2"
"569f55bbf01b306dec0216de","6343ced6bb1ab900016b62d2"
"56af57682005897029000847","6343ce163337b70001a63d71"
"56af6170f01b30147300091b","633ecc224769100001415f11"
"56b4a5ddf01b30147300c64c","6343ce163337b70001a63d71"
"56b4a5ddf01b30147300c64c","6343ced6bb1ab900016b62d2"
"56b4a5ddf01b30147300c64c","6343d08dbb1ab900016b631e"
"56b4a5ddf01b30147300c64c","6343d2743d4e620001f17e42"
"56b4cf5c63051f39d200c98a","6343d08dbb1ab900016b631e"
"56b4cf5c63051f39d200c98a","6343d2743d4e620001f17e42"
"56bb98d02325b44ff3007a51","633d5ba13b75420001f2b92d"
"56c3462af01b3028c300851a","633d5ba13b75420001f2b92d"
"56c65b4d2005895a80003fd8","6343ced6bb1ab900016b62d2"
"56c9d527f01b301aef00b3d9","6343ced6bb1ab900016b62d2"
"56d6d3a163051f11c200057e","633d5ba13b75420001f2b92d"
"56d6d3a163051f11c200057e","633ecc224769100001415f11"
"56d6d3a163051f11c200057e","6343ced6bb1ab900016b62d2"
"56d6d3a163051f11c200057e","6343d08dbb1ab900016b631e"
"56d6d3a163051f11c200057e","6343d2743d4e620001f17e42"
"56d700cd63051f11c20020a1","6343d08dbb1ab900016b631e"
"56d700cd63051f11c20020a1","6343d2743d4e620001f17e42"
"56ed50d063051f1276006bb5","633ecc224769100001415f11"
"56fc33ee2325b4678b53c203","6343ced6bb1ab900016b62d2"
"570278e720058972dadfa635","6343d08dbb1ab900016b631e"
"570278e720058972dadfa635","6343d2743d4e620001f17e42"
"5702b52e20058972dadfb27e","633d5ba13b75420001f2b92d"
"570625262325b421b3827717","6343ced6bb1ab900016b62d2"
"570d141f2325b411feefed9a","633d5ba13b75420001f2b92d"
"5718c15d2325b43ba827ca70","6343d08dbb1ab900016b631e"
"5718c15d2325b43ba827ca70","6343d2743d4e620001f17e42"
"571ac2542325b43ba828201d","633daef2bb1ab9000169396c"
"571e84e32325b4695a555d37","6343ced6bb1ab900016b62d2"
"572f96992325b44a9281fbbf","633d5ba13b75420001f2b92d"
"573044362325b44a92820cb4","6343ced6bb1ab900016b62d2"
"5731a88263051f796a6dd8c5","6343ced6bb1ab900016b62d2"
"5734398263051f796a6e5988","6343ced6bb1ab900016b62d2"
"573659ab2005890a1656f664","633d5ba13b75420001f2b92d"
"573b409120058921d42991cc","6343cafe3337b70001a63cf9"
"57434b14200589648e05c9bb","633e9c975b31c30001896bb3"
"57434b14200589648e05c9bb","6343d08dbb1ab900016b631e"
"57434b14200589648e05c9bb","6343d2743d4e620001f17e42"
"57502cec20058977df40f2ce","6343ced6bb1ab900016b62d2"
"5750ba192325b452a0b8a258","6343d08dbb1ab900016b631e"
"5750ba192325b452a0b8a258","6343d2743d4e620001f17e42"
"5757053c63051f6405d3b69e","6343ce163337b70001a63d71"
"5757053c63051f6405d3b69e","6343d08dbb1ab900016b631e"
"5757053c63051f6405d3b69e","6343d2743d4e620001f17e42"
"57583907200589408223f696","6343ced6bb1ab900016b62d2"
"5765cc2063051f1dbc30d9a9","63406c0b14ee2c0001eee375"
"576ea60920058923dd229446","6343ced6bb1ab900016b62d2"
"576ea60920058923dd229446","6343d08dbb1ab900016b631e"
"576ea60920058923dd229446","6343d2743d4e620001f17e42"
"5772b9df63051f34aad1169c","6343ced6bb1ab900016b62d2"
"5772b9df63051f34aad1169c","6343d08dbb1ab900016b631e"
"5772b9df63051f34aad1169c","6343d2743d4e620001f17e42"
"5776bc462325b454536353a5","6343ced6bb1ab900016b62d2"
"577ba4352005895434db0a71","6343d08dbb1ab900016b631e"
"577ba4352005895434db0a71","6343d2743d4e620001f17e42"
"5780207d63051f030dca0fbc","633d5ba13b75420001f2b92d"
"5789dc682325b44124e5596f","6343ced6bb1ab900016b62d2"
"5789dc682325b44124e5596f","6343d08dbb1ab900016b631e"
"5789dc682325b44124e5596f","6343d2743d4e620001f17e42"
"5796031e2005893474c27a67","633d5ba13b75420001f2b92d"
"579e389e63051f25bc9913d0","6343ced6bb1ab900016b62d2"
"579fc67a2005896663c32dcd","6343d08dbb1ab900016b631e"
"579fc67a2005896663c32dcd","6343d2743d4e620001f17e42"
"57a0cee32325b419add319b4","6343ced6bb1ab900016b62d2"
"57a22cbd2005896663c3bc00","633d5ba13b75420001f2b92d"
"57a2708d2325b419add38279","633d5ba13b75420001f2b92d"
"57aa509a2005896663c50453","633ecc224769100001415f11"
"57ab92db2325b419add51d02","633e9c975b31c30001896bb3"
"57ae171a2005896663c5df29","633d5ba13b75420001f2b92d"
"57ae171a2005896663c5df29","6343ce163337b70001a63d71"
"57b50a212325b419add6e5de","63406c0b14ee2c0001eee375"
"57b50a212325b419add6e5de","6343d08dbb1ab900016b631e"
"57b50a212325b419add6e5de","6343d2743d4e620001f17e42"
"57b644e42325b419add71ea5","633ecc224769100001415f11"
"57c08b3863051f446b9e29dc","6343ce163337b70001a63d71"
"57c765d6200589511fef12c2","633d5ba13b75420001f2b92d"
"57c765d6200589511fef12c2","6343ce163337b70001a63d71"
"57c8142463051f5a5b717950","6343d08dbb1ab900016b631e"
"57c8142463051f5a5b717950","6343d2743d4e620001f17e42"
"57c95f40200589511fefbcfd","63406c0b14ee2c0001eee375"
"57ca9abc2005895c20b233dc","63406c0b14ee2c0001eee375"
"57cab85f2325b43d3e4cc363","6343ced6bb1ab900016b62d2"
"57cffeec63051f5a5b738ab0","6343d08dbb1ab900016b631e"
"57cffeec63051f5a5b738ab0","6343d2743d4e620001f17e42"
"57d1157e63051f5a5b73c693","6343ced6bb1ab900016b62d2"
"57d142b52325b4681cad0b71","633d5ba13b75420001f2b92d"
"57d868e82325b45299899cc6","63406c0b14ee2c0001eee375"
"57d9554263051f3b74b0a6e2","63406c0b14ee2c0001eee375"
"57dae1542325b467ffef18c8","633ecc224769100001415f11"
"57dae1542325b467ffef18c8","6343ced6bb1ab900016b62d2"
"57dba6372005893b7fe081b8","6343ced6bb1ab900016b62d2"
"57dbb53b2005893b7fe0967c","6343ced6bb1ab900016b62d2"
"57dbb7e263051f3b74b1f35b","633d5ba13b75420001f2b92d"
"57dbf6832325b467ffefbe56","6343d08dbb1ab900016b631e"
"57dbf6832325b467ffefbe56","6343d2743d4e620001f17e42"
"57e266342005893b7fe31110","63406c0b14ee2c0001eee375"
"57ebe27a2325b413cc9c8ada","63406c0b14ee2c0001eee375"
"57ece34d2325b413cc9cea2c","633daef2bb1ab9000169396c"
"57ece34d2325b413cc9cea2c","6343ced6bb1ab900016b62d2"
"57ed634c20058914bcc68561","6343ce163337b70001a63d71"
"57ed634c20058914bcc68561","6343d08dbb1ab900016b631e"
"57ed634c20058914bcc68561","6343d2743d4e620001f17e42"
"57eff6fa2325b413cc9e2043","633e9c975b31c30001896bb3"
"57f4212263051f154c0ada62","633d5ba13b75420001f2b92d"
"57f6680c63051f154c0b73d5","633d5ba13b75420001f2b92d"
"57f66ba02325b4622855cc11","633e9c975b31c30001896bb3"
"57f8c07663051f154c0c0a80","6343d08dbb1ab900016b631e"
"57f8c07663051f154c0c0a80","6343d2743d4e620001f17e42"
"5802414f2005891d004d3d20","63406c0b14ee2c0001eee375"
"5802414f2005891d004d3d20","6343ced6bb1ab900016b62d2"
"5808def42005891d004f0ef0","63406c0b14ee2c0001eee375"
"580a06a763051f2bdecae41a","6343ced6bb1ab900016b62d2"
"5810ccf763051f3f6c52586c","6343ced6bb1ab900016b62d2"
"5810cdc22325b4371546befc","63406c0b14ee2c0001eee375"
"5810cdc22325b4371546befc","6343ce163337b70001a63d71"
"5810e3432005896fdfa8b2d7","6343ced6bb1ab900016b62d2"
"5816f86363051f3f6c541a06","633d5ba13b75420001f2b92d"
"5819132763051f214d3b6b1c","63406c0b14ee2c0001eee375"
"5819132763051f214d3b6b1c","6343ced6bb1ab900016b62d2"
"581c87862325b41598eaae28","633e9c975b31c30001896bb3"
"5821b91763051f214d3dba36","633e9c975b31c30001896bb3"
"582483db200589781683569f","633d5ba13b75420001f2b92d"
"582492f32005897816835cb4","633d5ba13b75420001f2b92d"
"582492f32005897816835cb4","6343d08dbb1ab900016b631e"
"582492f32005897816835cb4","6343d2743d4e620001f17e42"
"5826d51f2325b467f1f5af2b","6343d08dbb1ab900016b631e"
"5826d51f2325b467f1f5af2b","6343d2743d4e620001f17e42"
"58279d1320058978168485b6","633e9c975b31c30001896bb3"
"582c20258983be22eaa001c8","633d5ba13b75420001f2b92d"
"582c20258983be22eaa001c8","6343ce163337b70001a63d71"
"582c20258983be22eaa001c8","6343d08dbb1ab900016b631e"
"582c20258983be22eaa001c8","6343d2743d4e620001f17e42"
"582c5ad38983be22eaa3eea5","633d5ba13b75420001f2b92d"
"58430f8863051f3fd4ed8543","6343ced6bb1ab900016b62d2"
"584a02338983be62fe1d887b","633ecc224769100001415f11"
"584a02338983be62fe1d887b","6343ce163337b70001a63d71"
"584abf758983be62fe21ba0b","633e9c975b31c30001896bb3"
"585cd16e8983be62fe88f9da","633d5ba13b75420001f2b92d"
"585cd16e8983be62fe88f9da","6343ce163337b70001a63d71"
"585cdaba8983be62fe88f9f4","6342ded23d4e620001f14329"
"587a20278983be62fe182d81","6343ce163337b70001a63d71"
"587a20278983be62fe182d81","6343ced6bb1ab900016b62d2"
"587a23ad8983be62fe182dc4","633e9c975b31c30001896bb3"
"587a23ad8983be62fe182dc4","6343d7bd3337b70001a63f92"
"5891f58e8983be62fec53634","6343d08dbb1ab900016b631e"
"5891f58e8983be62fec53634","6343d2743d4e620001f17e42"
"589c803f8983be62fe133687","6343d08dbb1ab900016b631e"
"589c803f8983be62fe133687","6343d2743d4e620001f17e42"
"58a092648983be62fe32634d","63406c0b14ee2c0001eee375"
"58a092648983be62fe32634d","6343d08dbb1ab900016b631e"
"58a092648983be62fe32634d","6343d2743d4e620001f17e42"
"58a31e028983be62fe4267d7","6343ced6bb1ab900016b62d2"
"58a4aeed8983be62fe4e993d","633d5ba13b75420001f2b92d"
"58a9d7b98983be62fe7797ff","633d5ba13b75420001f2b92d"
"58b493298983be62fecb0494","6343ce163337b70001a63d71"
"58c04e828983be62fe10677f","6343d08dbb1ab900016b631e"
"58c04e828983be62fe10677f","6343d2743d4e620001f17e42"
"58c313f28983be62fe25a596","6343d08dbb1ab900016b631e"
"58c313f28983be62fe25a596","6343d2743d4e620001f17e42"
"58c669598983be62fe409976","6343ced6bb1ab900016b62d2"
"58c6bc918983be62fe44e4be","6343ced6bb1ab900016b62d2"
"58cfc15c8983be62fe7a8ebc","633e9c975b31c30001896bb3"
"58d2bcd28983be62fe83cac0","633e9c975b31c30001896bb3"
"58d500208983be62fe8d2119","6343d08dbb1ab900016b631e"
"58d500208983be62fe8d2119","6343d2743d4e620001f17e42"
"58e638338983be62fed6fccd","6343d7bd3337b70001a63f92"
"58eb47078983be62fee876bd","6343ced6bb1ab900016b62d2"
"58f1d8d88983be62fef80768","6343ced6bb1ab900016b62d2"
"58f6f79a8983be62fe13d9af","6343ced6bb1ab900016b62d2"
"5905ee4d8983be07b3e8c8fa","633d5ba13b75420001f2b92d"
"590f0c4d8983be07b3059aff","6343ced6bb1ab900016b62d2"
"5911c19e8983be07b30e129b","6343ce163337b70001a63d71"
"591f209d8983be07b33f7282","633d5ba13b75420001f2b92d"
"591f209d8983be07b33f7282","6343d08dbb1ab900016b631e"
"591f209d8983be07b33f7282","6343d2743d4e620001f17e42"
"5921ffda8983be07b359ff27","633d5ba13b75420001f2b92d"
"5921ffda8983be07b359ff27","6343ced6bb1ab900016b62d2"
"59268ecc8983be07b36bdb20","6343ced6bb1ab900016b62d2"
"592ecb0a8983be07b3800858","633d5ba13b75420001f2b92d"
"59356b7c8983be04c47bd32a","63406c0b14ee2c0001eee375"
"593de18c8983be04c4a774c3","6343ced6bb1ab900016b62d2"
"593f03a78983be04c4abc69d","6343ced6bb1ab900016b62d2"
"59400cc88983be04c4ae5c81","6343d08dbb1ab900016b631e"
"54257bb363051f1e2a00061d","6343d08dbb1ab900016b631e"
"54257bb363051f1e2a00061d","6343d2743d4e620001f17e42"
"54393a1c2325b439b3001715","6343ce163337b70001a63d71"
"54393a1c2325b439b3001715","6343ced6bb1ab900016b62d2"
"54474b3c2325b46183003ddd","633ecc224769100001415f11"
"544a52702325b40b95000381","633d5ba13b75420001f2b92d"
"544bcb0b63051f6ebf001e68","6343ced6bb1ab900016b62d2"
"5450cedc63051f26a9002fcb","633d5ba13b75420001f2b92d"
"546521372325b45832006756","633d5ba13b75420001f2b92d"
"549c3e292325b406090040c9","633d5ba13b75420001f2b92d"
"54ad7cca63051f177b00c8af","6343ced6bb1ab900016b62d2"
"54b6b1c12325b437b4003bf1","63406c0b14ee2c0001eee375"
"54d89cfa63051f3eea00e8e2","6343ced6bb1ab900016b62d2"
"54da24762325b4453400e01e","6343ced6bb1ab900016b62d2"
"54e3911df01b306016004a0c","6343d08dbb1ab900016b631e"
"54e3911df01b306016004a0c","6343d2743d4e620001f17e42"
"54e3911df01b306016004a0c","6343d7bd3337b70001a63f92"
"54e3b23263051f22d3004dca","6343d08dbb1ab900016b631e"
"54e3b23263051f22d3004dca","6343d2743d4e620001f17e42"
"54f1c3fd9bf7e85ea300c601","633d5ba13b75420001f2b92d"
"54f6fe70f01b306016012781","6343d08dbb1ab900016b631e"
"54f6fe70f01b306016012781","6343d2743d4e620001f17e42"
"54f747679bf7e8796700015b","633e9c975b31c30001896bb3"
"54fc64af2325b473080022a2","6343d8d03d4e620001f17fbd"
"550ed6bd63051f033500293b","6343ced6bb1ab900016b62d2"
"551892452325b469e701339f","633e9c975b31c30001896bb3"
"55316a6c2325b431290027a3","63406c0b14ee2c0001eee375"
"55324bf12325b43129003e1e","633d5ba13b75420001f2b92d"
"554a30652325b424d70110a7","633d5ba13b75420001f2b92d"
"555231462325b411e3002aa3","633d5ba13b75420001f2b92d"
"555263092325b411e300324f","633e9c975b31c30001896bb3"
"555263092325b411e300324f","6343ced6bb1ab900016b62d2"
"5559ee902325b416a1006205","6343ce163337b70001a63d71"
"5571641463051f66f7006710","6343ced6bb1ab900016b62d2"
"5579548e63051f66f7019565","633d5ba13b75420001f2b92d"
"557c594c63051f439800023a","6343d08dbb1ab900016b631e"
"557c594c63051f439800023a","6343d2743d4e620001f17e42"
"55829d8263051f439800a5eb","633d5ba13b75420001f2b92d"
"55aea28163051f29f500268f","6343ced6bb1ab900016b62d2"
"55bb35e3f01b30389b00672c","633ecc224769100001415f11"
"55bb35e3f01b30389b00672c","6343ced6bb1ab900016b62d2"
"55c9f1df2325b45951009950","6343ced6bb1ab900016b62d2"
"55c9f1df2325b45951009950","6343d08dbb1ab900016b631e"
"55c9f1df2325b45951009950","6343d2743d4e620001f17e42"
"55d30fd2f01b3075ae004a79","6343ce163337b70001a63d71"
"55d4a0bc9bf7e83933007987","633d5ba13b75420001f2b92d"
"55d991859bf7e86bdc000d32","6343ced6bb1ab900016b62d2"
"55ea34ea63051f6889009d29","63406c0b14ee2c0001eee375"
"55eb6e5e2325b447ca014662","633e9c975b31c30001896bb3"
"55eca1cfcc11fa151200af36","6342ded23d4e620001f14329"
"55edc3d0e648c0021b00011d","633e9c975b31c30001896bb3"
"55f85a959bf7e8385800f747","6343ced6bb1ab900016b62d2"
"55f93d10e648c0021b00dfb4","633d5ba13b75420001f2b92d"
"55fa908ce648c03cb7000f07","63406c0b14ee2c0001eee375"
"55fb23c4cc11fa7aa100243f","6343ebed3337b70001a6452b"
"55fdc2f4cc11fa6c59002879","6343d08dbb1ab900016b631e"
"55fdc2f4cc11fa6c59002879","6343d2743d4e620001f17e42"
"5601eb452325b42fda01379b","633d5ba13b75420001f2b92d"
"560b96d1cc11fa44dc010075","63406c0b14ee2c0001eee375"
"560d0796f77f3017f0002be8","6343ce163337b70001a63d71"
"5612a227e648c01095016532","6343ced6bb1ab900016b62d2"
"5614e89463051f3c94016ceb","633e9c975b31c30001896bb3"
"561a8070cc11fa1e62847122","63406c0b14ee2c0001eee375"
"561ac08ae648c05a0ee6ae88","633e9c975b31c30001896bb3"
"561ac08ae648c05a0ee6ae88","6343ced6bb1ab900016b62d2"
"561b87c063051f7b2026456a","633d5ba13b75420001f2b92d"
"561b87c063051f7b2026456a","6343d08dbb1ab900016b631e"
"561b87c063051f7b2026456a","6343d2743d4e620001f17e42"
"561d0e049bf7e81f4a022d39","6343ced6bb1ab900016b62d2"
"56213b25f77f302e2b598464","6343ced6bb1ab900016b62d2"
"56257debcc11fa4073bf0d46","6343d08dbb1ab900016b631e"
"56257debcc11fa4073bf0d46","6343d2743d4e620001f17e42"
"563cd7ef2325b407e5665aba","633e9c975b31c30001896bb3"
"563e3604f77f30021029acfd","6343ced6bb1ab900016b62d2"
"56570f4663051f28723e28d7","6343d08dbb1ab900016b631e"
"56570f4663051f28723e28d7","6343d2743d4e620001f17e42"
"565dee53cc11fa6426e2b824","633d5ba13b75420001f2b92d"
"5668221c2005895ceeaa08b3","633d5ba13b75420001f2b92d"
"5668221c2005895ceeaa08b3","6343ced6bb1ab900016b62d2"
"567d6f4a63051f5a7c016c41","6343ced6bb1ab900016b62d2"
"56817d18f01b302125001a43","633e9c975b31c30001896bb3"
"568f774d2325b4690d00df96","633e9c975b31c30001896bb3"
"568f8b902005894df401b0bc","633d5ba13b75420001f2b92d"
"568f8b902005894df401b0bc","63406c0b14ee2c0001eee375"
"568f8b902005894df401b0bc","6343d08dbb1ab900016b631e"
"568f8b902005894df401b0bc","6343d2743d4e620001f17e42"
"568f8b902005894df401b0bc","6343d7bd3337b70001a63f92"
"5690e9d4f01b302346022d89","63406c0b14ee2c0001eee375"
"56979b3ef01b306dec00d849","6343d08dbb1ab900016b631e"
"56979b3ef01b306dec00d849","6343d2743d4e620001f17e42"
"5698b6f02005895f04011320","633e9c975b31c30001896bb3"
"569d11f1f01b306dec01ccfe","6343ced6bb1ab900016b62d2"
"569d81e92005895f0401eab2","63406c0b14ee2c0001eee375"
"569f6cd52005895f040224d9","6343ced6bb1ab900016b62d2"
"56a26b4df01b3066d400084e","6343cafe3337b70001a63cf9"
"56afaecc63051f39d2001b69","633e9c975b31c30001896bb3"
"56b007fa63051f39d20028e3","633e9c975b31c30001896bb3"
"56b27a9c2325b435530082b6","633d5ba13b75420001f2b92d"
"56b37a0cf01b30147300a13c","6343d08dbb1ab900016b631e"
"56b37a0cf01b30147300a13c","6343d2743d4e620001f17e42"
"56b88cff2325b41603003480","6343d08dbb1ab900016b631e"
"56b88cff2325b41603003480","6343d2743d4e620001f17e42"
"56c0ecd82005895a69004a9d","633d5ba13b75420001f2b92d"
"56c0ecd82005895a69004a9d","6343ced6bb1ab900016b62d2"
"56c4d2012325b40b7a0020cd","633d5ba13b75420001f2b92d"
"56c7994a63051f358300b3c2","6342ded23d4e620001f14329"
"56cae08b200589039c0011a7","633e9c975b31c30001896bb3"
"56e463db63051f7707014114","63406c0b14ee2c0001eee375"
"56e463db63051f7707014114","6343d08dbb1ab900016b631e"
"56e463db63051f7707014114","6343d2743d4e620001f17e42"
"5706457e2005893064411d4e","633ac71ec8990800018a60e9"
"5706eaa563051f4f0ebee35f","63406c0b14ee2c0001eee375"
"570ccd0220058976b9576c53","6343ced6bb1ab900016b62d2"
"570eac3063051f2055b62489","6343cafe3337b70001a63cf9"
"5717f1102325b4247e7906fc","633d5ba13b75420001f2b92d"
"5727cbf52325b46c58a60a2e","6343ced6bb1ab900016b62d2"
"5729191563051f47af8982a4","633e9c975b31c30001896bb3"
"573031c42325b44a928206c4","6343ced6bb1ab900016b62d2"
"573318342005895f8e0e3776","6343ced6bb1ab900016b62d2"
"573a16f02325b43a650c3ca9","633e9c975b31c30001896bb3"
"573aef1f2325b461baad734c","6343ced6bb1ab900016b62d2"
"573aef1f2325b461baad734c","6343d7bd3337b70001a63f92"
"57420d6863051f0d96d9e29c","633d5ba13b75420001f2b92d"
"57420d6863051f0d96d9e29c","6343ce163337b70001a63d71"
"576122962325b402f715e187","6343ced6bb1ab900016b62d2"
"576122962325b402f715e187","6343d08dbb1ab900016b631e"
"576122962325b402f715e187","6343d2743d4e620001f17e42"
"577120f263051f29c85ec04c","63406c0b14ee2c0001eee375"
"577e832463051f030dc9b4f0","633d5ba13b75420001f2b92d"
"5784ef2320058979946db73f","6343ce163337b70001a63d71"
"578b950563051f47151a96a9","6343c9963d4e620001f17caf"
"57933aef2005893474c22604","61e819f77090ca0001a0b177"
"57933aef2005893474c22604","6343d08dbb1ab900016b631e"
"57933aef2005893474c22604","6343d2743d4e620001f17e42"
"579692432325b44124e78f4a","633ecc224769100001415f11"
"579fc7342005896663c32df7","633ecc224769100001415f11"
"57a8586e63051f48e4cc54fc","6343ced6bb1ab900016b62d2"
"57aa5d5a2325b419add4c162","633e9c975b31c30001896bb3"
"57ab39bd2005896663c5279a","633d557810d35d000159a454"
"57ab39bd2005896663c5279a","633d5ba13b75420001f2b92d"
"57ab39bd2005896663c5279a","6343ced6bb1ab900016b62d2"
"57ab941563051f48e4ccf4b8","6343d08dbb1ab900016b631e"
"57ab941563051f48e4ccf4b8","6343d2743d4e620001f17e42"
"57adabd82005896663c5c517","63406c0b14ee2c0001eee375"
"57ae1fb763051f48e4cd793d","6343ced6bb1ab900016b62d2"
"57ae1fb763051f48e4cd793d","6343d08dbb1ab900016b631e"
"57ae1fb763051f48e4cd793d","6343d2743d4e620001f17e42"
"57ba0c682005896663c7ac58","63406c0b14ee2c0001eee375"
"57be4aa520058944e0196b04","6343ced6bb1ab900016b62d2"
"57c24e3e63051f446b9e80e6","6343d7bd3337b70001a63f92"
"57c56b7f63051f446b9f428a","6343ced6bb1ab900016b62d2"
"57c86a6e2325b43d3e4be837","6343ced6bb1ab900016b62d2"
"57c89dd5200589511fef72a2","63406c0b14ee2c0001eee375"
"57c935d8200589511fef9fc2","633d5ba13b75420001f2b92d"
"57c95e2063051f5a5b71f9bd","63406c0b14ee2c0001eee375"
"57cf3a392005895c20b33ce7","633d5ba13b75420001f2b92d"
"57d15ae52005895c20b3e815","633e9c975b31c30001896bb3"
"57d68f442325b417cf9a1bea","6343d08dbb1ab900016b631e"
"57d68f442325b417cf9a1bea","6343d2743d4e620001f17e42"
"57d7b9aa2005895c20b5ca34","6343ced6bb1ab900016b62d2"
"57d852e62325b45299899256","6343ce163337b70001a63d71"
"57d9a3492005893b7fdf9fcc","6343ced6bb1ab900016b62d2"
"57dabf512325b467ffef000b","633d5ba13b75420001f2b92d"
"57dc38002005893b7fe1063c","6343d08dbb1ab900016b631e"
"57dc38002005893b7fe1063c","6343d2743d4e620001f17e42"
"57dda1ca2005893b7fe17c05","6343d08dbb1ab900016b631e"
"57dda1ca2005893b7fe17c05","6343d2743d4e620001f17e42"
"57dec9eb63051f3b74b30cb2","6343ced6bb1ab900016b62d2"
"57e402632005893b7fe3ccba","633e9c975b31c30001896bb3"
"57e402632005893b7fe3ccba","6343ced6bb1ab900016b62d2"
"57e6cbcd63051f3b74b5e996","633d5ba13b75420001f2b92d"
"57ed682520058914bcc68795","63406c0b14ee2c0001eee375"
"57ee1c732325b413cc9d641b","633d5ba13b75420001f2b92d"
"57f668ea2325b4622855cb06","633d5ba13b75420001f2b92d"
"57f668ea2325b4622855cb06","6343ce163337b70001a63d71"
"57f6d89620058924a10d85b6","633d5ba13b75420001f2b92d"
"57f6d89620058924a10d85b6","6343ced6bb1ab900016b62d2"
"57fa25d663051f154c0c5024","6343d08dbb1ab900016b631e"
"57fa25d663051f154c0c5024","6343d2743d4e620001f17e42"
"57fbad6920058924a10eaf5c","633d5ba13b75420001f2b92d"
"580101cf2325b46b097593b3","6343ced6bb1ab900016b62d2"
"5808f49a63051f2bdeca9869","633d5ba13b75420001f2b92d"
"580c06602325b455b6a3b0cf","633ecc224769100001415f11"
"580c06602325b455b6a3b0cf","6343d08dbb1ab900016b631e"
"580c06602325b455b6a3b0cf","6343d2743d4e620001f17e42"
"580d1fec2005896fdfa761fa","633d5ba13b75420001f2b92d"
"580d1fec2005896fdfa761fa","6343ced6bb1ab900016b62d2"
"580d1fec2005896fdfa761fa","6343d08dbb1ab900016b631e"
"580d1fec2005896fdfa761fa","6343d2743d4e620001f17e42"
"580fa2d32325b43715464e67","633ecc224769100001415f11"
"580fc4dd2325b43715465d8c","633d5ba13b75420001f2b92d"
"5810dc0463051f3f6c5264d8","6343ced6bb1ab900016b62d2"
"581244792005896fdfa915df","633d5ba13b75420001f2b92d"
"58138e322325b44b0030fbc6","6343ced6bb1ab900016b62d2"
"582321da2325b467f1f476ad","6343ebed3337b70001a6452b"
"582487642325b467f1f4dc90","633d5ba13b75420001f2b92d"
"5828b481200589781684b250","633e9c975b31c30001896bb3"
"582c69498983be22eaa3f0db","6343ced6bb1ab900016b62d2"
"582d179c8983be22eaa5b6e0","63406c0b14ee2c0001eee375"
"582d179c8983be22eaa5b6e0","6343ced6bb1ab900016b62d2"
"584be21b8983be62fe289d6b","633ecc224769100001415f11"
"58503e928983be62fe5358bd","63406c0b14ee2c0001eee375"
"5853d5a68983be62fe66a2b3","6343ced6bb1ab900016b62d2"
"585c1af78983be62fe88f521","6343ced6bb1ab900016b62d2"
"586bafd18983be62fec2f273","6343d08dbb1ab900016b631e"
"586bafd18983be62fec2f273","6343d2743d4e620001f17e42"
"587245fe8983be62feeb3b7f","63406c0b14ee2c0001eee375"
"58761b168983be62fe051604","6343d08dbb1ab900016b631e"
"58761b168983be62fe051604","6343d2743d4e620001f17e42"
"58793c228983be62fe13aa17","633ecc224769100001415f11"
"587dce738983be62fe30bcca","63406c0b14ee2c0001eee375"
"587f5de08983be62fe3e1338","633e9c975b31c30001896bb3"
"5880d2f08983be62fe46f5d1","633e9c975b31c30001896bb3"
"5880d2f08983be62fe46f5d1","6343ced6bb1ab900016b62d2"
"5881f9d88983be62fe4bef79","6343d08dbb1ab900016b631e"
"5881f9d88983be62fe4bef79","6343d2743d4e620001f17e42"
"58951eda8983be62feddd08c","633d5ba13b75420001f2b92d"
"5898f0a78983be62fefd9fde","633d5ba13b75420001f2b92d"
"589d1c288983be62fe16a588","633e9c975b31c30001896bb3"
"589d1c288983be62fe16a588","6343ced6bb1ab900016b62d2"
"589e33b08983be62fe1aa1ca","633d5ba13b75420001f2b92d"
"589e33b08983be62fe1aa1ca","6343ce163337b70001a63d71"
"58ace3e98983be62fe88d0b6","633d5ba13b75420001f2b92d"
"58b42f6b8983be62fec4a9fc","6343ce163337b70001a63d71"
"58b460188983be62fec4f2be","633ecc224769100001415f11"
"58bd70ee8983be62fe035b77","6343ced6bb1ab900016b62d2"
"58c81b298983be62fe4f54ad","6343ced6bb1ab900016b62d2"
"58cf18c78983be62fe7a82a2","633d5ba13b75420001f2b92d"
"58cf18c78983be62fe7a82a2","6343ce163337b70001a63d71"
"58cfac168983be62fe7a8d15","6343ced6bb1ab900016b62d2"
"58d8fa818983be62feb1b197","633ac71ec8990800018a60e9"
"58d8fa818983be62feb1b197","633ecc224769100001415f11"
"58d8fa818983be62feb1b197","6343d08dbb1ab900016b631e"
"58d8fa818983be62feb1b197","6343d2743d4e620001f17e42"
"58e01e6a8983be62fec2912a","633e9c975b31c30001896bb3"
"58e2169b8983be62fec84557","633e9c975b31c30001896bb3"
"58e2169b8983be62fec84557","6343ced6bb1ab900016b62d2"
"58e3e4078983be62fecf91e6","63406c0b14ee2c0001eee375"
"58e757ee8983be62fed7643d","633d5ba13b75420001f2b92d"
"58f03f108983be62fef7ccfa","6343ced6bb1ab900016b62d2"
"58f0f69c8983be62fef7fbb6","6343ced6bb1ab900016b62d2"
"5905c7a48983be07b3e41db5","6343d08dbb1ab900016b631e"
"5905c7a48983be07b3e41db5","6343d2743d4e620001f17e42"
"590a23578983be07b3f13d35","6343ced6bb1ab900016b62d2"
"59105a8e8983be07b30aace4","6343ced6bb1ab900016b62d2"
"5911c3098983be07b30e12e4","633d5ba13b75420001f2b92d"
"591b69b68983be07b32bd0e0","6343ced6bb1ab900016b62d2"
"592b4d5e8983be07b37a4bb1","6343ce163337b70001a63d71"
"592c7c0c8983be07b37ad31f","633ecc224769100001415f11"
"592ed0af8983be07b3800bba","633d5ba13b75420001f2b92d"
"593d52d18983be04c4a54f6a","6343d08dbb1ab900016b631e"
"593d52d18983be04c4a54f6a","6343d2743d4e620001f17e42"
"594983c58983be27fdfbcb36","6343ced6bb1ab900016b62d2"
"594983c58983be27fdfbcb36","6343d08dbb1ab900016b631e"
"594983c58983be27fdfbcb36","6343d2743d4e620001f17e42"
"5953701c8983be27fd1842a7","633ecc224769100001415f11"
"5953701c8983be27fd1842a7","6343d08dbb1ab900016b631e"
"5953701c8983be27fd1842a7","6343d2743d4e620001f17e42"
"5954e6948983be27fd1e1dcf","633d5ba13b75420001f2b92d"
"5966883b8983be04bc61365a","63406c0b14ee2c0001eee375"
"596f3b8f8983be04bc7f753e","633e9c975b31c30001896bb3"
"5971e8e38983be04bc8ecfc7","6343ced6bb1ab900016b62d2"
"597724f48983be04bcac14a6","633e9c975b31c30001896bb3"
"597724f48983be04bcac14a6","633ecc224769100001415f11"
"597724f48983be04bcac14a6","6343ced6bb1ab900016b62d2"
"599da25a8983be04bc399129","63406c0b14ee2c0001eee375"
"599f56428983be04bc45e0de","6343d08dbb1ab900016b631e"
"599f56428983be04bc45e0de","6343d2743d4e620001f17e42"
"59b01bdba7934d0435d84a1f","633d5ba13b75420001f2b92d"
"59b25ff5a7934d0435d910c8","6343ced6bb1ab900016b62d2"
"59b3acada7934d0435d9f228","633e9c975b31c30001896bb3"
"59b47b84a7934d0435da5fca","633e9c975b31c30001896bb3"
"59b47b84a7934d0435da5fca","6343ced6bb1ab900016b62d2"
"59bc0083a7934d0435dd59d1","6343ce163337b70001a63d71"
"59ce5b9e0e0d4e428d5710ab","633e9c975b31c30001896bb3"
"59cfa310e20451673bcdc295","6343ced6bb1ab900016b62d2"
"59d4fd9aa7934d684624a158","6343ced6bb1ab900016b62d2"
"59da7dbce204510c8030d4d9","6343ced6bb1ab900016b62d2"
"59e9f1bfa7934d72846090eb","6343ce163337b70001a63d71"
"59ee516f0e0d4e26b50f48a4","633d5ba13b75420001f2b92d"
"59ee5f8d0e0d4e26b50f53bd","633e9c975b31c30001896bb3"
"59ee5f8d0e0d4e26b50f53bd","6343ced6bb1ab900016b62d2"
"59f21af2e204512169610a0d","6343ced6bb1ab900016b62d2"
"59fc3269a7934d499caf83f9","6343ced6bb1ab900016b62d2"
"5a136f4ba7934d215cbc8eb7","63406c0b14ee2c0001eee375"
"5a186263e2045113678f456b","633e9c975b31c30001896bb3"
"5a1d6640a7934d5d0868e5f1","6343ced6bb1ab900016b62d2"
"5a1d6d160e0d4e1ed46f5b14","633d5ba13b75420001f2b92d"
"5a1d6d160e0d4e1ed46f5b14","6343d08dbb1ab900016b631e"
"5a1d6d160e0d4e1ed46f5b14","6343d2743d4e620001f17e42"
"5a354d8fa7934d0bca8a84ed","633d5ba13b75420001f2b92d"
"5a354d8fa7934d0bca8a84ed","6343d7bd3337b70001a63f92"
"5a3d7ed7a7934d3a3c7d6d80","633e9c975b31c30001896bb3"
"5a55e2dd0e0d4e252552cb48","63406c0b14ee2c0001eee375"
"5a568f7f0e0d4e7c4214ed33","633e9c975b31c30001896bb3"
"5a573ba0a7934d53d48d7847","633d5ba13b75420001f2b92d"
"5a573ba0a7934d53d48d7847","6343d08dbb1ab900016b631e"
"5a573ba0a7934d53d48d7847","6343d2743d4e620001f17e42"
"5a5dbbede204512f8cac4c76","6343ced6bb1ab900016b62d2"
"5a5ddba50e0d4e7f30a78564","633e9c975b31c30001896bb3"
"5a660344a7934d322900d52f","6343d08dbb1ab900016b631e"
"5a660344a7934d322900d52f","6343d2743d4e620001f17e42"
"5a67a245a7934d322901ee32","6343d08dbb1ab900016b631e"
"5a67a245a7934d322901ee32","6343d2743d4e620001f17e42"
"5a6a4c020e0d4e7a8b5e13de","633d5ba13b75420001f2b92d"
"5a71af900e0d4e7a8b6213a0","633d5ba13b75420001f2b92d"
"5a71af900e0d4e7a8b6213a0","6343d08dbb1ab900016b631e"
"5a71af900e0d4e7a8b6213a0","6343d2743d4e620001f17e42"
"5a7531ce0e0d4e7a8b6460fd","633e9c975b31c30001896bb3"
"5a7b7fe30e0d4e584ebbb4fa","63432cf33d4e620001f1602f"
"5a8232e20e0d4e5924c045d8","63432cf33d4e620001f1602f"
"5a886f00a7934d4b19a9e70d","633d5ba13b75420001f2b92d"
"5a886f00a7934d4b19a9e70d","6343d08dbb1ab900016b631e"
"5a886f00a7934d4b19a9e70d","6343d2743d4e620001f17e42"
"5a9487f70e0d4e7d47ab93c2","6342ded23d4e620001f14329"
"5a95faaaa7934d033da7e2e5","633d5ba13b75420001f2b92d"
"5a99cf5a0e0d4e0a5af3ed30","633e9c975b31c30001896bb3"
"5a99cf5a0e0d4e0a5af3ed30","6343ce163337b70001a63d71"
"5aa53d76e204517b908c017f","6343ced6bb1ab900016b62d2"
"5aabab99a7934d2da95f3cec","6343ced6bb1ab900016b62d2"
"5aace404e204514b5eaf616a","6343d08dbb1ab900016b631e"
"5aace404e204514b5eaf616a","6343d2743d4e620001f17e42"
"5aadf5bca7934d15a4e3e98d","63432cf33d4e620001f1602f"
"5ab6854b0e0d4e0d564eaa4a","6343ced6bb1ab900016b62d2"
"5abe11e2e204515925b5f3df","6343ced6bb1ab900016b62d2"
"5abfbd4da7934d52ff3f9b93","63406c0b14ee2c0001eee375"
"5abfbd4da7934d52ff3f9b93","6343ced6bb1ab900016b62d2"
"5ac68f3de204517d1aaa02b1","6343ced6bb1ab900016b62d2"
"5ac8a10da7934d42f7c6fefa","633d5ba13b75420001f2b92d"
"5acbe02fe204512bb61648d8","633ecc224769100001415f11"
"5ad7c6160e0d4e172f2d93fe","6343d08dbb1ab900016b631e"
"5ad7c6160e0d4e172f2d93fe","6343d2743d4e620001f17e42"
"5adb62aa0e0d4e172f2ee83e","6343ce163337b70001a63d71"
"5ae069d3a7934d0d74dd7cfa","6343d08dbb1ab900016b631e"
"5ae069d3a7934d0d74dd7cfa","6343d2743d4e620001f17e42"
"5aec3b120e0d4e18504c6d30","6343d08dbb1ab900016b631e"
"5aec3b120e0d4e18504c6d30","6343d2743d4e620001f17e42"
"5af20279a7934d0d74e257bd","6343d08dbb1ab900016b631e"
"5af20279a7934d0d74e257bd","6343d2743d4e620001f17e42"
"5af4200fe204511d408aba89","63406c0b14ee2c0001eee375"
"5af5eace0e0d4e70cf6af442","6343d08dbb1ab900016b631e"
"5af5eace0e0d4e70cf6af442","6343d2743d4e620001f17e42"
"5afc5f480e0d4e41bddc4764","63406c0b14ee2c0001eee375"
"5afc5f480e0d4e41bddc4764","6343d08dbb1ab900016b631e"
"5afc5f480e0d4e41bddc4764","6343d2743d4e620001f17e42"
"5afd68b5e204516e706fb6b5","6343d08dbb1ab900016b631e"
"5afd68b5e204516e706fb6b5","6343d2743d4e620001f17e42"
"5b026bb9a7934d63addb9d4e","633ecc224769100001415f11"
"5b03349aa7934d63addbb749","633d5ba13b75420001f2b92d"
"5b05e2e7e2045175b3479cd1","633e9c975b31c30001896bb3"
"5b0724b7a7934d3c3e8def7d","6343ced6bb1ab900016b62d2"
"5b07b39aa7934d3c3e8df3ec","63406c0b14ee2c0001eee375"
"5b07b39aa7934d3c3e8df3ec","6343d7bd3337b70001a63f92"
"5b07c3f5e204516a1b01b684","63406c0b14ee2c0001eee375"
"5b0e90200e0d4e528918798f","6343ced6bb1ab900016b62d2"
"5b129fd9e204512ca201ecbf","633e9c975b31c30001896bb3"
"5b12ad8fe204512ca201f0c6","6343ced6bb1ab900016b62d2"
"5b1fe34b0e0d4e4ef5769c32","6343c5df3d4e620001f17c31"
"5b2900eba7934d49ff7de16a","6343d08dbb1ab900016b631e"
"5b2900eba7934d49ff7de16a","6343d2743d4e620001f17e42"
"5b416049e2045108f90f6a33","63432cf33d4e620001f1602f"
"5b46d807e204514d5cb0e3e2","63432cf33d4e620001f1602f"
"5b4dc296a7934d01754485f7","633d5ba13b75420001f2b92d"
"5b4dc296a7934d01754485f7","6343ced6bb1ab900016b62d2"
"5b4f26dce20451048ec68e18","6343ced6bb1ab900016b62d2"
"5b55bf27a7934d6828258e81","6343ced6bb1ab900016b62d2"
"5b573ff30e0d4e38fb76a932","62c86525c7a4cb0001d4464f"
"5b61afa50e0d4e6c50996cc1","6343ced6bb1ab900016b62d2"
"5b61f6cbe204513c861918ba","633d5ba13b75420001f2b92d"
"5b61f6cbe204513c861918ba","6343d08dbb1ab900016b631e"
"5b61f6cbe204513c861918ba","6343d2743d4e620001f17e42"
"5b69c04b0e0d4e66dc0e058c","6343ced6bb1ab900016b62d2"
"5b69d26d0e0d4e66dc0e07d9","63406c0b14ee2c0001eee375"
"5b6a1288e204511a66d45a15","633d5ba13b75420001f2b92d"
"5b6ab3340e0d4e09ad761e26","633e9c975b31c30001896bb3"
"5b6ab91c0e0d4e09ad7622bd","6343ce163337b70001a63d71"
"5b6ab91c0e0d4e09ad7622bd","6343ced6bb1ab900016b62d2"
"5b6bfc77a7934d5da2b659ce","633d5ba13b75420001f2b92d"
"5b6bfc77a7934d5da2b659ce","6343ced6bb1ab900016b62d2"
"5b6e4d75a7934d70556da98e","63432cf33d4e620001f1602f"
"5b71e2240e0d4e558a4a87e1","6343d08dbb1ab900016b631e"
"5b71e2240e0d4e558a4a87e1","6343d2743d4e620001f17e42"
"5b76a2c2e204510645ccadee","6343c9963d4e620001f17caf"
"5b7731c1e204510645cd1b46","633e9c975b31c30001896bb3"
"5b7b01fd0e0d4e68010856fc","6343ced6bb1ab900016b62d2"
"5b7d99930e0d4e6c754fc53e","6343ced6bb1ab900016b62d2"
"5b8bc169a7934d24afa2efc2","63406c0b14ee2c0001eee375"
"5b8eb9a9a7934d24afa41a02","6343ced6bb1ab900016b62d2"
"5b9253460e0d4e77db4fe28a","633e9c975b31c30001896bb3"
"5b9253460e0d4e77db4fe28a","6343ced6bb1ab900016b62d2"
"5b9253460e0d4e77db4fe28a","6343d08dbb1ab900016b631e"
"5b9253460e0d4e77db4fe28a","6343d2743d4e620001f17e42"
"5b99fc4aa7934d4be926f1a1","6343ce163337b70001a63d71"
"5ba23a99e204513eb83ce76d","6343ced6bb1ab900016b62d2"
"5ba2be35a7934d3a2b15b045","6343ced6bb1ab900016b62d2"
"5ba56c8ae2045148b8ae752f","6343d08dbb1ab900016b631e"
"5ba56c8ae2045148b8ae752f","6343d2743d4e620001f17e42"
"5ba7e9e6a7934d5d2aceb7c6","6343cafe3337b70001a63cf9"
"5ba803610e0d4e2beb934835","6343ce163337b70001a63d71"
"5baa42b40e0d4e651a7b7720","63406c0b14ee2c0001eee375"
"5bac0d070e0d4e651a7cd1df","633d5ba13b75420001f2b92d"
"5bacde2fe204510db276ced0","63406c0b14ee2c0001eee375"
"5bacde2fe204510db276ced0","6343ced6bb1ab900016b62d2"
"5bad4ffc0e0d4e14721e0870","6343ced6bb1ab900016b62d2"
"5bade02c0e0d4e4a02811627","633e9c975b31c30001896bb3"
"5bae083b0e0d4e4a028298b8","633d5ba13b75420001f2b92d"
"5baf39faa7934d04162b68ae","6343f16f3337b70001a646b7"
"5bb26d12e2045169c2bda09a","634041f2bb1ab900016a1eeb"
"5bb49c430e0d4e18d66b96c8","633d5ba13b75420001f2b92d"
"5bb7ed80e204514b9d967973","633d5ba13b75420001f2b92d"
"5bbbccf9a7934d358b2ca8c8","633d5ba13b75420001f2b92d"
"5bc08bdfa7934d75a40a8038","63406c0b14ee2c0001eee375"
"5bc08bdfa7934d75a40a8038","6343ced6bb1ab900016b62d2"
"5bc0f160e2045147e3f54480","63406c0b14ee2c0001eee375"
"5bc86995a7934d1d2fd7af8c","6343ce163337b70001a63d71"
"5bc9a23ee2045147e3f8dbcb","633d5ba13b75420001f2b92d"
"5bc9a23ee2045147e3f8dbcb","6343ce163337b70001a63d71"
"5bcdaa04a7934d5c7d030ab2","6343d08dbb1ab900016b631e"
"5bcdaa04a7934d5c7d030ab2","6343d2743d4e620001f17e42"
"5bcf12a80e0d4e25a570d65d","6343d08dbb1ab900016b631e"
"5bcf12a80e0d4e25a570d65d","6343d2743d4e620001f17e42"
"5bcf892de204512a422ee606","63406c0b14ee2c0001eee375"
"5bd0adb30e0d4e68332ab050","6343d08dbb1ab900016b631e"
"5bd0adb30e0d4e68332ab050","6343d2743d4e620001f17e42"
"5bd2e75ae204517697f94f72","633ecc224769100001415f11"
"5bd5d9d7a7934d28d17286b7","633ecc224769100001415f11"
"5bd5d9d7a7934d28d17286b7","63406c0b14ee2c0001eee375"
"5bdb7ab40e0d4e5ac8eb1b7a","6343ced6bb1ab900016b62d2"
"5bdc52d60e0d4e5ac8ec5cf5","63406c0b14ee2c0001eee375"
"5bdf2fc00e0d4e5ac8ecb1b6","6343ce163337b70001a63d71"
"5be4c265a7934d3bce525cf8","6343ce163337b70001a63d71"
"5be55154e2045136a8cfa944","6343ced6bb1ab900016b62d2"
"5bed1f29e20451358fb1bf5f","633e9c975b31c30001896bb3"
"5bed1f29e20451358fb1bf5f","6343d08dbb1ab900016b631e"
"5bed1f29e20451358fb1bf5f","6343d2743d4e620001f17e42"
"5bee96afe20451358fb2334e","6343ced6bb1ab900016b62d2"
"5bef06e80e0d4e7d39bd00e0","633daef2bb1ab9000169396c"
"5bf3de690e0d4e7d39bdfa25","63406c0b14ee2c0001eee375"
"5bf3de690e0d4e7d39bdfa25","6343d08dbb1ab900016b631e"
"5bf3de690e0d4e7d39bdfa25","6343d2743d4e620001f17e42"
"5bf5a17a0e0d4e7ea19f1505","6343ced6bb1ab900016b62d2"
"5bfb071de204511f3b9f66a4","63432cf33d4e620001f1602f"
"5bfc8472e204516dbe1f4c1e","6343ce163337b70001a63d71"
"5bfdbe050e0d4e387ea59522","63406c0b14ee2c0001eee375"
"5bfdbe050e0d4e387ea59522","6343ced6bb1ab900016b62d2"
"5bff0959e20451457020f4be","6343ced6bb1ab900016b62d2"
"5bff0959e20451457020f4be","6343d08dbb1ab900016b631e"
"5bff0959e20451457020f4be","6343d2743d4e620001f17e42"
"5c08f326a7934d031fe9ff96","6343ce163337b70001a63d71"
"5c08f326a7934d031fe9ff96","6343ced6bb1ab900016b62d2"
"5c0e892be2045145702498db","633d5ba13b75420001f2b92d"
"5c0e892be2045145702498db","6343d08dbb1ab900016b631e"
"5c0e892be2045145702498db","6343d2743d4e620001f17e42"
"5c2df096e204517ea45d69d3","633d5ba13b75420001f2b92d"
"5c2e647fa7934d50011cdf9f","63432cf33d4e620001f1602f"
"5c3200bde204517ea45dae53","633e9c975b31c30001896bb3"
"5c3200bde204517ea45dae53","6343ced6bb1ab900016b62d2"
"5c3d9f06e2045135e2165ea5","6343ced6bb1ab900016b62d2"
"5c3f10f3a7934d7f9484c303","633d5ba13b75420001f2b92d"
"5c3f10f3a7934d7f9484c303","6343ced6bb1ab900016b62d2"
"5c4237650e0d4e42d921ea7a","63432cf33d4e620001f1602f"
"5c450dbde204517716ba86ad","633e9c975b31c30001896bb3"
"5c450dbde204517716ba86ad","6343ced6bb1ab900016b62d2"
"5c4b8a13a7934d0ec4359b76","63406c0b14ee2c0001eee375"
"5c5472a9e2045141f8d0758c","633d5ba13b75420001f2b92d"
"5c605fefa7934d6fb96856bb","6343ced6bb1ab900016b62d2"
"5c61f3b70e0d4e556198e33c","633ecc224769100001415f11"
"5c61f3b70e0d4e556198e33c","6343ced6bb1ab900016b62d2"
"5c64a059a7934d6fb9697e87","633705649797500001eb4162"
"5c6da580e204516b5608d47f","63406c0b14ee2c0001eee375"
"5c6daaafe204516b5608d6ce","63406c0b14ee2c0001eee375"
"5c6e63f60e0d4e4877eb5298","6343ced6bb1ab900016b62d2"
"5c798ed9a7934d786d0d6a44","633d5ba13b75420001f2b92d"
"5c7c168ce204516009e1a55f","63406c0b14ee2c0001eee375"
"5c7c168ce204516009e1a55f","6343ced6bb1ab900016b62d2"
"5c7c168ce204516009e1a55f","6343d08dbb1ab900016b631e"
"5c7c168ce204516009e1a55f","6343d2743d4e620001f17e42"
"5c82698fa7934d5c3ebbb1b4","633e9c975b31c30001896bb3"
"5c82902ae204512ea2214206","63406c0b14ee2c0001eee375"
"5c84d2c1a7934d5c3ebc8520","63406c0b14ee2c0001eee375"
"5c8cf558e20451760ee437c8","633ecc224769100001415f11"
"5c94c89ea7934d517e18f6cf","633ecc224769100001415f11"
"5c9a25990e0d4e49503d2edf","6343ce163337b70001a63d71"
"5c9a5fbae2045159efcd6dd3","63406c0b14ee2c0001eee375"
"5c9a61de0e0d4e49503d7acf","6343ce163337b70001a63d71"
"5c9fc5dfe204516d4dfaf8d9","6343d08dbb1ab900016b631e"
"5c9fc5dfe204516d4dfaf8d9","6343d2743d4e620001f17e42"
"5ca13879e204516d4dfb267d","633d5ba13b75420001f2b92d"
"5ca1e10a0e0d4e36cdad69ee","633d5ba13b75420001f2b92d"
"5ca1e10a0e0d4e36cdad69ee","633e9c975b31c30001896bb3"
"5ca1e10a0e0d4e36cdad69ee","6343ced6bb1ab900016b62d2"
"5cbd9c70e204515d3268c135","633e9c975b31c30001896bb3"
"5cc4c4480e0d4e4a8be3cadd","6343ced6bb1ab900016b62d2"
"5cc6363ea7934d7785a71f04","633e9c975b31c30001896bb3"
"5ccb199b0e0d4e4a8be4ec09","6343ced6bb1ab900016b62d2"
"5cd1ef9fe204517e9f835d19","6343ced6bb1ab900016b62d2"
"5cd2f88ba7934d279a974cd9","633ecc224769100001415f11"
"5cd350dfa7934d279a978bfb","6343ee193d4e620001f185a4"
"5cd9c388e204517b0a73e258","633d5ba13b75420001f2b92d"
"5cdf0fbde20451714c817230","633ecc224769100001415f11"
"5ce41e7aa7934d541bee0641","63406c0b14ee2c0001eee375"
"5ce6a0140e0d4e783f21649d","6343d08dbb1ab900016b631e"
"5ce6a0140e0d4e783f21649d","6343d2743d4e620001f17e42"
"5ce715ffe204511e74f9a8f2","633e9c975b31c30001896bb3"
"5cf31c35a7934d0c82d69b3f","6343d08dbb1ab900016b631e"
"5cf31c35a7934d0c82d69b3f","6343d2743d4e620001f17e42"
"5cf838d0e204514bc86ba9db","63406c0b14ee2c0001eee375"
"5cfa6d02a7934d3ac190233d","633d5ba13b75420001f2b92d"
"5cfa6d02a7934d3ac190233d","6343ced6bb1ab900016b62d2"
"5d037d62a7934d3dd37f672f","6343ced6bb1ab900016b62d2"
"5d06dc0c0e0d4e6b06f01653","633e9c975b31c30001896bb3"
"5d075912a7934d3dd3802432","6343ced6bb1ab900016b62d2"
"5d110a850e0d4e528d90b790","6343ce163337b70001a63d71"
"5d17dbe60e0d4e528d9439d8","633705649797500001eb4162"
"5d1b1d2aa7934d67389fd184","633d5ba13b75420001f2b92d"
"5d1c6c66e2045173b457fb28","6343ced6bb1ab900016b62d2"
"5d1c93ed0e0d4e4c5ba72414","6343d08dbb1ab900016b631e"
"5d1c93ed0e0d4e4c5ba72414","6343d2743d4e620001f17e42"
"5d1d001c0e0d4e4c5ba7f4c9","6343d08dbb1ab900016b631e"
"5d1d001c0e0d4e4c5ba7f4c9","6343d2743d4e620001f17e42"
"5d2075daa7934d4188235ec3","63406c0b14ee2c0001eee375"
"5d227d970e0d4e7308701176","633e9c975b31c30001896bb3"
"5d24d9e9e20451214f19cf8c","62c86525c7a4cb0001d4464f"
"5d24daf0a7934d125d35ca42","6343ced6bb1ab900016b62d2"
"60e2141d995cf90001d39219","633dce9fbb1ab90001694ae9"
"60e423409bde1e00011c6b71","633ed6ceb9c7460001a85d76"
"60e5008a4172450001bd6168","63432cf33d4e620001f1602f"
"60e68f489f4ab50001dd1674","633dce9fbb1ab90001694ae9"
"60e6ee0e9f4ab50001dd5342","6343ced6bb1ab900016b62d2"
"60e71dbd22e9d7000116c9ec","6343ced6bb1ab900016b62d2"
"60edbfa337f85b00015169d9","6343ced6bb1ab900016b62d2"
"60f4784cd5e17f0001c3068f","63406c0b14ee2c0001eee375"
"60ffdd15d25e280001049984","6343ced6bb1ab900016b62d2"
"60fffe6cd5e17f0001c77336","633e9c975b31c30001896bb3"
"61018da1d5e17f0001c81d78","6343ced6bb1ab900016b62d2"
"6102d214a7089c000159232e","62c86525c7a4cb0001d4464f"
"610382a9b261de00018539d7","62c86525c7a4cb0001d4464f"
"6103ec01a7089c000159a2ad","6343ced6bb1ab900016b62d2"
"61045b07a7089c000159f978","6343d08dbb1ab900016b631e"
"61045b07a7089c000159f978","6343d2743d4e620001f17e42"
"6105a764a7089c00015a8430","634037e4fcbedc0001d08b63"
"6107a0cdf531cf0001bad218","6343d08dbb1ab900016b631e"
"6107a0cdf531cf0001bad218","6343d2743d4e620001f17e42"
"610ac2a1880aa2000136f581","633e9b8f5b31c30001896b54"
"610ac2a1880aa2000136f581","6343c9963d4e620001f17caf"
"610bd359d01e2f0001ea3ef9","6343d08dbb1ab900016b631e"
"610bd359d01e2f0001ea3ef9","6343d2743d4e620001f17e42"
"610c1d75647398000162ed3b","6343d7bd3337b70001a63f92"
"610c92c83d1dfb00010fd0c2","62c86525c7a4cb0001d4464f"
"610e65ac74e6150001d81c9f","633e9c975b31c30001896bb3"
"6110103f6c5d500001394414","6343ce163337b70001a63d71"
"61113ceab7dc4d000145fa19","6343ee193d4e620001f185a4"
"61124f996c5d50000139e5d6","6343ced6bb1ab900016b62d2"
"61128e2674e6150001d97487","63406c0b14ee2c0001eee375"
"61129d2e74e6150001d97b20","6343ce163337b70001a63d71"
"6112a01db7dc4d000146766c","6343ced6bb1ab900016b62d2"
"611306a4b7dc4d000146b5c5","63406c0b14ee2c0001eee375"
"6113cee3d6423a000117e13e","6343c5df3d4e620001f17c31"
"6114fe0dd6423a0001188b23","633e9c975b31c30001896bb3"
"61168d6ea14c8b0001c80794","6343ced6bb1ab900016b62d2"
"61179a73b7dc4d000148f8b4","633e9c975b31c30001896bb3"
"6118e86ca14c8b0001c92add","62c86525c7a4cb0001d4464f"
"611d6718d6423a00011bf1d3","62c86525c7a4cb0001d4464f"
"611ebafffebe840001473caa","634037e4fcbedc0001d08b63"
"611ef593cc97340001ad1966","6343d08dbb1ab900016b631e"
"611ef593cc97340001ad1966","6343d2743d4e620001f17e42"
"61201ce92ef4ed0001ceca46","633e9c975b31c30001896bb3"
"61201ce92ef4ed0001ceca46","63406c0b14ee2c0001eee375"
"61215349c5d00e000113b538","63406c0b14ee2c0001eee375"
"61215349c5d00e000113b538","6343d7bd3337b70001a63f92"
"6122b588c5d00e00011424d6","63406c0b14ee2c0001eee375"
"6123a4acc5d00e0001145a94","633d5ba13b75420001f2b92d"
"61245f40c5d00e000114a9a9","633dbb6e6fc5eb000199fb27"
"612976f61b8cc70001e06604","6343ced6bb1ab900016b62d2"
"612a0e1e1b8cc70001e0978a","633705649797500001eb4162"
"612decbdf6c57e0001501866","633705649797500001eb4162"
"612dfa571b8cc70001e21b6c","633d5ba13b75420001f2b92d"
"6130ef7bee60b20001548267","6343ce163337b70001a63d71"
"61348b0aee60b20001568138","6343d08dbb1ab900016b631e"
"61348b0aee60b20001568138","6343d2743d4e620001f17e42"
"613619e413edab00014fa5e1","6343d08dbb1ab900016b631e"
"613619e413edab00014fa5e1","6343d2743d4e620001f17e42"
"61364324ee60b2000157376b","61e819f77090ca0001a0b177"
"61364324ee60b2000157376b","6343d08dbb1ab900016b631e"
"61364324ee60b2000157376b","6343d2743d4e620001f17e42"
"613a302a4982570001d64089","6343c9963d4e620001f17caf"
"613b1943ca83fc0001bdeed4","6343d08dbb1ab900016b631e"
"613b1943ca83fc0001bdeed4","6343d2743d4e620001f17e42"
"613d19e2ca83fc0001bf50e6","633e9c975b31c30001896bb3"
"613d2afa4982570001d82908","633ecc224769100001415f11"
"613d2afa4982570001d82908","6343ced6bb1ab900016b62d2"
"613e406698cf1600018d2d22","6343ced6bb1ab900016b62d2"
"6140f2ed6003910001a9cd2a","6343d08dbb1ab900016b631e"
"6140f2ed6003910001a9cd2a","6343d2743d4e620001f17e42"
"6141315cd0cca000017f94eb","633dbb6e6fc5eb000199fb27"
"61431b7b0d6bbb0001c5bd2b","6343ced6bb1ab900016b62d2"
"614397f56003910001ab3d55","633e9c975b31c30001896bb3"
"6145befbff13010001986bc5","633e9c975b31c30001896bb3"
"61460f5a6003910001acde54","633705649797500001eb4162"
"614b150562b9880001a7c11d","633e9c975b31c30001896bb3"
"614bad1826898c0001f83f2c","633dbb6e6fc5eb000199fb27"
"614cbad21036c10001424e28","6343d08dbb1ab900016b631e"
"614cbad21036c10001424e28","6343d2743d4e620001f17e42"
"614e124c1036c1000143198c","63406c0b14ee2c0001eee375"
"614f16bb1036c10001439ab4","6343d08dbb1ab900016b631e"
"614f16bb1036c10001439ab4","6343d2743d4e620001f17e42"
"6151460f50c71d00017e3db7","62c86525c7a4cb0001d4464f"
"6151b7cb50c71d00017e53d5","633dbb6e6fc5eb000199fb27"
"6151feda010cae0001846ee9","62c86525c7a4cb0001d4464f"
"6154c0e51036c1000145c8cc","633e9c975b31c30001896bb3"
"6154c0e51036c1000145c8cc","6343d08dbb1ab900016b631e"
"6154c0e51036c1000145c8cc","6343d2743d4e620001f17e42"
"6154c62b010cae0001858a45","63361acf9797500001eb01bf"
"6156e9b2e110dc000153ca42","633e9b8f5b31c30001896b54"
"6156e9b2e110dc000153ca42","6343d5d6bb1ab900016b645b"
"61583fdfe1ca620001407eaa","63406c0b14ee2c0001eee375"
"615b2545e110dc0001558c05","6343ced6bb1ab900016b62d2"
"615b5456e110dc000155a21d","633dbb6e6fc5eb000199fb27"
"615c3bef39eaab0001f5b306","63361acf9797500001eb01bf"
"615da07bc0bfd600012b6b9d","633e9c975b31c30001896bb3"
"615ec9e3c0bfd600012c1190","633dbb6e6fc5eb000199fb27"
"6160c53bbb9a1900015a3c04","633dbb6e6fc5eb000199fb27"
"616572bd144ab20001e2ac36","6343ce163337b70001a63d71"
"6165ae7479fc2c0001718398","63406c0b14ee2c0001eee375"
"61660bf5b277ac0001d55ce5","633dce9fbb1ab90001694ae9"
"616803595520780001b2adc8","6343ee193d4e620001f185a4"
"61682ae9e9e57e0001c8fbb0","6343ced6bb1ab900016b62d2"
"616ce3a07450ba0001d255bc","63361acf9797500001eb01bf"
"616d9cffa627c9000172e411","6343d7bd3337b70001a63f92"
"6170afb63c46a500012b2ff7","633dce9fbb1ab90001694ae9"
"617273cd1385b90001483656","633e9c975b31c30001896bb3"
"6173002c25c625000119ce64","6343d08dbb1ab900016b631e"
"6173002c25c625000119ce64","6343d2743d4e620001f17e42"
"617948d980d399000168617b","633d5ba13b75420001f2b92d"
"61799894b87cb40001de2293","633ecc224769100001415f11"
"6179ba36b87cb4000114508f","6343eccfbb1ab900016b6a47"
"617a902861ab4200018bc973","6343d08dbb1ab900016b631e"
"617a902861ab4200018bc973","6343d2743d4e620001f17e42"
"617b2f6e7423bc0001af0e0b","6343ced6bb1ab900016b62d2"
"617bd4a3a86db300013dc752","633dbb6e6fc5eb000199fb27"
"617c21dec864830001647098","633fe49314ee2c0001eea2e7"
"618577f3e7379a000160de03","633e9c975b31c30001896bb3"
"6185b80912273a00012415aa","62c86525c7a4cb0001d4464f"
"6186847ae7379a0001506f4b","633dbb6e6fc5eb000199fb27"
"6187088412273a00017e1967","61e819f77090ca0001a0b177"
"61870a960500bf00016c3005","6343ced6bb1ab900016b62d2"
"618c4cd1c11ceb000190da86","633dce9fbb1ab90001694ae9"
"618dcf2942f819000118260d","633dce9fbb1ab90001694ae9"
"618e0078f988da000111955d","633dce9fbb1ab90001694ae9"
"618ed0319bc58c00018eaf61","6343ced6bb1ab900016b62d2"
"6191dcba54b207000133a815","633dce9fbb1ab90001694ae9"
"6192581c2ff2c10001b406ee","633e9c975b31c30001896bb3"
"6192a777c92b400001bbf15c","6343cafe3337b70001a63cf9"
"6193c402c2c4b0000138b12e","6343d08dbb1ab900016b631e"
"6193c402c2c4b0000138b12e","6343d2743d4e620001f17e42"
"5d0fa61be204512565fc3da4","633e9c975b31c30001896bb3"
"5d173c990e0d4e528d942043","633e9c975b31c30001896bb3"
"5d1b9687e2045173b457e3f8","6343d08dbb1ab900016b631e"
"5d1b9687e2045173b457e3f8","6343d2743d4e620001f17e42"
"5d235adbe20451721431e6ee","633e9c975b31c30001896bb3"
"5d2712c4a7934d125d363a02","6343ce163337b70001a63d71"
"5d2712c4a7934d125d363a02","6343d08dbb1ab900016b631e"
"5d2712c4a7934d125d363a02","6343d2743d4e620001f17e42"
"5d284b89a7934d125d38c65b","633e9c975b31c30001896bb3"
"5d28d9480e0d4e49ec05e1c3","6343ced6bb1ab900016b62d2"
"5d349e47a7934d5b2ec443f3","6343c5df3d4e620001f17c31"
"5d35d480e204516861060077","6343d08dbb1ab900016b631e"
"5d35d480e204516861060077","6343d2743d4e620001f17e42"
"5d38edeb0e0d4e38a12fb292","63406c0b14ee2c0001eee375"
"5d455ea00e0d4e3c9740b967","6343ce163337b70001a63d71"
"5d4bf81be204513817b508db","6343ce163337b70001a63d71"
"5d59b83b0e0d4e0352588d82","6343ced6bb1ab900016b62d2"
"5d5f1538e204517287ba04a8","63406c0b14ee2c0001eee375"
"5d6320980e0d4e0b8e4bee39","633d5ba13b75420001f2b92d"
"5d6603dce204517287bb8cd3","633dce9fbb1ab90001694ae9"
"5d664a2f0e0d4e0b8e4cc802","6343ce163337b70001a63d71"
"5d6991b00e0d4e3dd6e0d66a","6343ced6bb1ab900016b62d2"
"5d6e20a9e2045109d0e78334","633e9c975b31c30001896bb3"
"5d702dd9e2045104ee61ee38","633705649797500001eb4162"
"5d71242de2045104ee642c92","633705649797500001eb4162"
"5d72794ca7934d2e5a407cce","6343ced6bb1ab900016b62d2"
"5d7453d2a7934d2e5a4117f5","62c86525c7a4cb0001d4464f"
"5d772015a7934d2e5a419cfa","63432cf33d4e620001f1602f"
"5d779c94e204515657cda26c","633d5ba13b75420001f2b92d"
"5d79861ee204514061ca7cfd","63361acf9797500001eb01bf"
"5d7be4f20e0d4e0d6b2bd73f","6343ce163337b70001a63d71"
"5d7be4f20e0d4e0d6b2bd73f","6343ced6bb1ab900016b62d2"
"5d7d4053e2045160cab90946","6343ced6bb1ab900016b62d2"
"5d827b8ae20451539e834667","633e9b8f5b31c30001896b54"
"5d829279a7934d2e527abacc","633e9c975b31c30001896bb3"
"5d84f0120e0d4e0aadac48f3","633e9c975b31c30001896bb3"
"5d854a290e0d4e0aadacc577","63361acf9797500001eb01bf"
"5d854a290e0d4e0aadacc577","633dbb6e6fc5eb000199fb27"
"5d8660510e0d4e0aadad12e5","633daef2bb1ab9000169396c"
"5d8660510e0d4e0aadad12e5","6343ced6bb1ab900016b62d2"
"5d8a82b5a7934d6d26695f61","633d5ba13b75420001f2b92d"
"5d9263280e0d4e1711bc897b","633ecc224769100001415f11"
"5d9263280e0d4e1711bc897b","6343d08dbb1ab900016b631e"
"5d9263280e0d4e1711bc897b","6343d2743d4e620001f17e42"
"5d9329860e0d4e1711bcd150","633e9c975b31c30001896bb3"
"5d970a5ca7934d7beefa6526","6343ce163337b70001a63d71"
"5d970a5ca7934d7beefa6526","6343ced6bb1ab900016b62d2"
"5d9b177d0e0d4e0bd5385283","6343ced6bb1ab900016b62d2"
"5d9e789ce204517977e653b4","6343ced6bb1ab900016b62d2"
"5da4c30fe2045110f728c98c","633ecc224769100001415f11"
"5da60a32a7934d3f2db1cb46","63432cf33d4e620001f1602f"
"5db3095ed30dd044b60728cd","6343d08dbb1ab900016b631e"
"5db3095ed30dd044b60728cd","6343d2743d4e620001f17e42"
"5db32a4cd30dd044b6074617","633d5ba13b75420001f2b92d"
"5db993ed3921003e21809da2","62c86525c7a4cb0001d4464f"
"5dba8bc83921003e2180ea1a","633705649797500001eb4162"
"5dbcbda539210039498b9118","633ecc224769100001415f11"
"5dbcbda539210039498b9118","6343d08dbb1ab900016b631e"
"5dbcbda539210039498b9118","6343d2743d4e620001f17e42"
"5dbf2365d30dd03367373b98","633ecc224769100001415f11"
"5dc2f2ca3921005d807965a3","6343ced6bb1ab900016b62d2"
"5dc7c19dd30dd04c761cc103","63432cf33d4e620001f1602f"
"5dcb1f2cdb50c75fb152f5d3","63406c0b14ee2c0001eee375"
"5dcb3a3fd30dd07e16928bae","6343ced6bb1ab900016b62d2"
"5dcff8e0d30dd02710384575","633705649797500001eb4162"
"5dd5395cd30dd045c5ae1740","633e9c975b31c30001896bb3"
"5dd67717db50c729803e02fe","633d5ba13b75420001f2b92d"
"5ddef43b392100249f532951","6343ced6bb1ab900016b62d2"
"5de3d63bdb50c7079412a90c","6343fc833d4e620001f189de"
"5dea8272db50c75c0a4f1e4c","633e9c975b31c30001896bb3"
"5dea8272db50c75c0a4f1e4c","6343ce163337b70001a63d71"
"5deb986cdb50c7415135211d","633ecc224769100001415f11"
"5deef0c8d30dd07477f2ad7b","6343ee193d4e620001f185a4"
"5def59573921005093cd5a43","6343d08dbb1ab900016b631e"
"5def59573921005093cd5a43","6343d2743d4e620001f17e42"
"5df015a1d30dd05a2eb0ecb0","63406c0b14ee2c0001eee375"
"5df4ef8ed30dd05a2eb229ac","6343ced6bb1ab900016b62d2"
"5df4ef8ed30dd05a2eb229ac","6343d08dbb1ab900016b631e"
"5df4ef8ed30dd05a2eb229ac","6343d2743d4e620001f17e42"
"5dfa434a3921000fdb70de3b","63406c0b14ee2c0001eee375"
"5dfa434a3921000fdb70de3b","6343d7bd3337b70001a63f92"
"5dfd5595d30dd00795a9a41d","6343ced6bb1ab900016b62d2"
"5e105e753921004972a498aa","6343ced6bb1ab900016b62d2"
"5e14c6efdb50c77d9e92cc9e","61e819f77090ca0001a0b177"
"5e164521db50c77d9e934d0e","6343c9963d4e620001f17caf"
"5e165327db50c77d9e93514f","6343d7bd3337b70001a63f92"
"5e20d1dfa7934d22289ae827","633dce9fbb1ab90001694ae9"
"5e22ecdea7934d5d85965723","633dbb6e6fc5eb000199fb27"
"5e2717013921006ea96f40ef","63406c0b14ee2c0001eee375"
"5e3038f1d30dd074f883e6f9","633d5ba13b75420001f2b92d"
"5e314639d30dd074f884e86c","63406c0b14ee2c0001eee375"
"5e373cad392100320920fe18","63406c0b14ee2c0001eee375"
"5e373cad392100320920fe18","6343ced6bb1ab900016b62d2"
"5e386c553921003209213f50","633d5ba13b75420001f2b92d"
"5e386c553921003209213f50","6343ced6bb1ab900016b62d2"
"5e3c003f39210068f32e78ce","633e9c975b31c30001896bb3"
"5e3c003f39210068f32e78ce","6343ced6bb1ab900016b62d2"
"5e3d35e4d30dd075ee8d20c1","633d5ba13b75420001f2b92d"
"5e3e922b3921005883315052","6343d8d03d4e620001f17fbd"
"5e46f8e0a7934d6acdd83666","6343d08dbb1ab900016b631e"
"5e46f8e0a7934d6acdd83666","6343d2743d4e620001f17e42"
"5e47be9fa7934d6a70d0dbf9","6343d08dbb1ab900016b631e"
"5e47be9fa7934d6a70d0dbf9","6343d2743d4e620001f17e42"
"5e4c1c49d30dd04423e8c5a5","6343d7bd3337b70001a63f92"
"5e4c29663921007e742f9686","633daef2bb1ab9000169396c"
"5e4c29663921007e742f9686","6343ce163337b70001a63d71"
"5e4fd57139210061c93b8ab7","63406c0b14ee2c0001eee375"
"5e555cf5d30dd01bcccfea5e","6343d08dbb1ab900016b631e"
"5e555cf5d30dd01bcccfea5e","6343d2743d4e620001f17e42"
"5e5ac275a7934d525776749a","633e9c975b31c30001896bb3"
"5e5d4cada7934d525777bc15","6343ced6bb1ab900016b62d2"
"5e5fa84cd30dd07f40004cdc","633dbb6e6fc5eb000199fb27"
"5e6757f3a7934d7d865557a0","62bd8d7ce2b01d0001549dab"
"5e6b6f7ca7934d523c08e6ce","63406c0b14ee2c0001eee375"
"5e9741a5e99871000133770a","633d5ba13b75420001f2b92d"
"5e9f463145dca600010e4c24","62c86525c7a4cb0001d4464f"
"5ea4c05354755c0001bc95de","633ecc224769100001415f11"
"5ed8e61439853d0001d201ca","63406c0b14ee2c0001eee375"
"5ed8e61439853d0001d201ca","6343ced6bb1ab900016b62d2"
"5ed8e61439853d0001d201ca","6343d08dbb1ab900016b631e"
"5ed8e61439853d0001d201ca","6343d2743d4e620001f17e42"
"5ee22a39e755640001346e61","6343ee193d4e620001f185a4"
"5f23de8cd63acf0001ae9351","633d5ba13b75420001f2b92d"
"5f2fc6d7b8c3be00017f1a31","6343d08dbb1ab900016b631e"
"5f2fc6d7b8c3be00017f1a31","6343d2743d4e620001f17e42"
"5f3822b7db976800011e4f51","6342ded23d4e620001f14329"
"5f3839a3db976800011e5426","6343ced6bb1ab900016b62d2"
"5f48b4f65de9f10001def9b1","6343ced6bb1ab900016b62d2"
"5f4a59520fd1880001f7198e","633ecc224769100001415f11"
"5f4a59520fd1880001f7198e","63406c0b14ee2c0001eee375"
"5f4a59520fd1880001f7198e","6343ced6bb1ab900016b62d2"
"5f568b5902f519000168dd20","633d5ba13b75420001f2b92d"
"5f568b5902f519000168dd20","6343ced6bb1ab900016b62d2"
"5f5b68eea3d5e200013bf104","6343ced6bb1ab900016b62d2"
"5f5b779c360021000152ed40","6343ced6bb1ab900016b62d2"
"5f67ba103600210001544958","6343ced6bb1ab900016b62d2"
"5f71aa75423175000129cb8d","6343d08dbb1ab900016b631e"
"5f71aa75423175000129cb8d","6343d2743d4e620001f17e42"
"5f7f65eab013170001a616a1","633ecc224769100001415f11"
"5f7f6e5a4cc189000107b4f5","63406c0b14ee2c0001eee375"
"5f85ca4b56e19e00017c2e8d","6343ced6bb1ab900016b62d2"
"5f901a2dc24d9200019c4742","6343d08dbb1ab900016b631e"
"5f901a2dc24d9200019c4742","6343d2743d4e620001f17e42"
"5f9299bbb8deaa00014055dc","633d5ba13b75420001f2b92d"
"5f9299bbb8deaa00014055dc","633e9c975b31c30001896bb3"
"5f9299bbb8deaa00014055dc","6343ce163337b70001a63d71"
"5f9935b39ebf0800012d44e4","6343d08dbb1ab900016b631e"
"5f9935b39ebf0800012d44e4","6343d2743d4e620001f17e42"
"5f9b1fc3a4c31a000153c13c","6343ced6bb1ab900016b62d2"
"5f9befffcbdfe20001c156ec","633d5ba13b75420001f2b92d"
"5fa561f1d1142a00013cc4f3","6343c9963d4e620001f17caf"
"5fa691d0e9de5e0001c6a4fb","6343ced6bb1ab900016b62d2"
"5fba638ea656b000019f01d2","633e9c975b31c30001896bb3"
"5fbebcd1d095e500017f5258","6343d5d6bb1ab900016b645b"
"5fc0c0ef8455e20001cbf8cd","633d5ba13b75420001f2b92d"
"5fc0c0ef8455e20001cbf8cd","6343ce163337b70001a63d71"
"5fdc72ab6f626100018668d1","6343ce163337b70001a63d71"
"5fdcf8631c014700012d88f3","633ecc224769100001415f11"
"5fdd05725863ac000176e883","6343c9963d4e620001f17caf"
"6002daa0edcc7a000131e4d2","6343cafe3337b70001a63cf9"
"601431a3e9d34900015c040d","633d5ba13b75420001f2b92d"
"601fb3a7e9d34900015cdb9f","6343d5d6bb1ab900016b645b"
"60300c9493a79800010a409f","6343ced6bb1ab900016b62d2"
"6030398993a79800010a46ee","6343ced6bb1ab900016b62d2"
"6034f16569285700016658d4","6343ced6bb1ab900016b62d2"
"6034f16569285700016658d4","6343d08dbb1ab900016b631e"
"6034f16569285700016658d4","6343d2743d4e620001f17e42"
"60394480ec00bf000125984d","6343ced6bb1ab900016b62d2"
"604321c0ac680f00012e3544","6342ded23d4e620001f14329"
"6052793271eb3a00012c41cd","633dbb6e6fc5eb000199fb27"
"605db194e913400001dd120f","633ecc224769100001415f11"
"606483632b540c0001e721f0","62c86525c7a4cb0001d4464f"
"6065d4ea1e26fb0001990121","633dbb6e6fc5eb000199fb27"
"606d9b8d9fcdea000190a913","633dbb6e6fc5eb000199fb27"
"6070508ba16e750001c1bd93","633d5ba13b75420001f2b92d"
"6070508ba16e750001c1bd93","633e9c975b31c30001896bb3"
"60736cb46a4e650001932c9e","6343ced6bb1ab900016b62d2"
"607f8c0822a1f000019be084","62c86525c7a4cb0001d4464f"
"608d1d8bf4fb2700015f6d47","633d5ba13b75420001f2b92d"
"6091669516090800010694f3","62c86525c7a4cb0001d4464f"
"6093fed3ec138900018066f0","6343d08dbb1ab900016b631e"
"6093fed3ec138900018066f0","6343d2743d4e620001f17e42"
"6099096a55825f0001f8d14a","6343ced6bb1ab900016b62d2"
"609ced2c45a02600017e8a01","6343ce163337b70001a63d71"
"609f1a3a0eff660001af87bb","62c86525c7a4cb0001d4464f"
"60a3b105eb56a9000165b124","633dbb6e6fc5eb000199fb27"
"60a5858746a72d000179e33d","6343ced6bb1ab900016b62d2"
"60a69e289014df00014ebfae","62c86525c7a4cb0001d4464f"
"60acbd33eb19e300019aebb2","6343ced6bb1ab900016b62d2"
"60ad4cfd5351640001e5af6f","6343d08dbb1ab900016b631e"
"60ad4cfd5351640001e5af6f","6343d2743d4e620001f17e42"
"60b64890a6336f000106df34","6343ee193d4e620001f185a4"
"60b67ae701e00500018d92af","6343ee193d4e620001f185a4"
"60b6966da6bf03000165f533","6343ee193d4e620001f185a4"
"60b7351201e00500018de678","6343ced6bb1ab900016b62d2"
"60bbc8e06ba0930001b38565","63406c0b14ee2c0001eee375"
"60bd59d59b7d790001b83a56","633d5ba13b75420001f2b92d"
"60bf256bef8d1400011efec5","6343ced6bb1ab900016b62d2"
"60bfe6030f67e50001f366be","6343ced6bb1ab900016b62d2"
"60c279c41ef1ca000130a031","63432cf33d4e620001f1602f"
"60c3f8dc681244000145d0bd","63406c0b14ee2c0001eee375"
"60c54033623c5700019c38db","6343d08dbb1ab900016b631e"
"60c54033623c5700019c38db","6343d2743d4e620001f17e42"
"60c8b514d534b800013a6070","6343ced6bb1ab900016b62d2"
"60cb6906dfd53400010c66ce","6343d08dbb1ab900016b631e"
"60cb6906dfd53400010c66ce","6343d2743d4e620001f17e42"
"60d07fbabd6cca0001b9c3d2","6343ced6bb1ab900016b62d2"
"60d0cfe623d10500015660f7","62c86525c7a4cb0001d4464f"
"60db9abb4072f90001b3b08a","6343ced6bb1ab900016b62d2"
"60dc5e8d7b46a60001b62d0e","63406c0b14ee2c0001eee375"
"60dc7f7acc78a6000150dc94","6343ced6bb1ab900016b62d2"
"60dc959d4ef9190001dea00d","62c86525c7a4cb0001d4464f"
"60de7eed4ef9190001df884e","633dce9fbb1ab90001694ae9"
"60e3b67c6b005500012a44e5","633dce9fbb1ab90001694ae9"
"60e7021137f85b00014ea8fb","633d5ba13b75420001f2b92d"
"60e72ae222e9d7000116d3cb","633ecc224769100001415f11"
"60e99f5937f85b00014ffd68","6343ce163337b70001a63d71"
"60eb6af49f4ab50001df70e9","6343ced6bb1ab900016b62d2"
"60edc1f5baea600001d3e327","633e9c975b31c30001896bb3"
"60f348e546b02e00012318f5","634041f2bb1ab900016a1eeb"
"60f49698bb373b00019b8f42","62c86525c7a4cb0001d4464f"
"60f565f8d5e17f0001c3405e","634037e4fcbedc0001d08b63"
"60f5d6f20a790b00012b7bef","633e9c975b31c30001896bb3"
"60f6cdd4d7693d00016902d8","6343d08dbb1ab900016b631e"
"60f6cdd4d7693d00016902d8","6343d2743d4e620001f17e42"
"60f7ff99d25e2800010165fa","6343ced6bb1ab900016b62d2"
"60f83f09d25e280001018948","63406c0b14ee2c0001eee375"
"60f9c71a30e06600018a7fda","6343ce163337b70001a63d71"
"60fc92d9d25e280001038556","633e9c975b31c30001896bb3"
"60ff57c8d25e280001047b3b","634037e4fcbedc0001d08b63"
"61032d7da7089c000159638d","62c86525c7a4cb0001d4464f"
"61090a39a7089c00015b852d","63406c0b14ee2c0001eee375"
"6109b9c8a7089c00015bd4c5","63406c0b14ee2c0001eee375"
"610b0437880aa20001371e45","6343d08dbb1ab900016b631e"
"610b0437880aa20001371e45","6343d2743d4e620001f17e42"
"61139e0b74e6150001d9def7","633e9c975b31c30001896bb3"
"61162162d6423a0001191aff","6343ced6bb1ab900016b62d2"
"611839cfd6423a00011a4756","6343d08dbb1ab900016b631e"
"611839cfd6423a00011a4756","6343d2743d4e620001f17e42"
"611be6b7d6423a00011b5916","6343ced6bb1ab900016b62d2"
"611e9c81b8144a000194d2c3","63406c0b14ee2c0001eee375"
"612027228d4ce30001f61fb0","63406c0b14ee2c0001eee375"
"61221babc5d00e000113efd2","6343d08dbb1ab900016b631e"
"61221babc5d00e000113efd2","6343d2743d4e620001f17e42"
"6124c9792ef4ed0001d05177","6343ced6bb1ab900016b62d2"
"6128d79bbc37cd0001498eac","63406c0b14ee2c0001eee375"
"61294bacbc37cd000149fb30","633e9c975b31c30001896bb3"
"612aa9b91b8cc70001e0f48b","633dce9fbb1ab90001694ae9"
"612cdd251b8cc70001e1b4b4","6343d7bd3337b70001a63f92"
"612fcda33b31ce00013b88d6","633d5ba13b75420001f2b92d"
"612ff0e8cfb74d00012a04b5","6343ced6bb1ab900016b62d2"
"613120a713edab00014d2cb0","633d5ba13b75420001f2b92d"
"613604464982570001d445ee","6343ced6bb1ab900016b62d2"
"61364294ee60b2000157370d","6343d08dbb1ab900016b631e"
"61364294ee60b2000157370d","6343d2743d4e620001f17e42"
"613b59064982570001d6e77b","6343d08dbb1ab900016b631e"
"613b59064982570001d6e77b","6343d2743d4e620001f17e42"
"613bf65c98cf1600018c03fd","6343d08dbb1ab900016b631e"
"613bf65c98cf1600018c03fd","6343d2743d4e620001f17e42"
"613c8599ca83fc0001bedc17","633e9c975b31c30001896bb3"
"613ce5cb4982570001d7ead1","634037e4fcbedc0001d08b63"
"613d07594982570001d80baa","633dce9fbb1ab90001694ae9"
"542952a163051f1e2a0063ec","6343ced6bb1ab900016b62d2"
"545c17342325b458320009cc","633e9c975b31c30001896bb3"
"5470fae663051f65ff00b316","633d5ba13b75420001f2b92d"
"54a44bce63051f177b007f01","63406c0b14ee2c0001eee375"
"54b124c863051f177b00ef0a","6343cafe3337b70001a63cf9"
"54b4531563051f621400074f","6343ced6bb1ab900016b62d2"
"54c8a5a42325b44630001997","6343ce163337b70001a63d71"
"54c9158b63051f3134004691","633d5ba13b75420001f2b92d"
"54c9158b63051f3134004691","63406c0b14ee2c0001eee375"
"54c9158b63051f3134004691","6343d08dbb1ab900016b631e"
"54c9158b63051f3134004691","6343d2743d4e620001f17e42"
"54d2939063051f3eea0096e4","633d5ba13b75420001f2b92d"
"54f0f0899bf7e85ea300c13f","633d5ba13b75420001f2b92d"
"54f0f0899bf7e85ea300c13f","6343ced6bb1ab900016b62d2"
"550020d663051f445e002706","63406c0b14ee2c0001eee375"
"5500d1cc2325b4328d003eee","6343ce163337b70001a63d71"
"5508218e63051f0ae700ab45","63406c0b14ee2c0001eee375"
"551d90a063051f323d002789","63406c0b14ee2c0001eee375"
"551e920b63051f323d003b6f","6343c9963d4e620001f17caf"
"5559b2c163051f199a004b17","633d5ba13b75420001f2b92d"
"555f81f563051f53320072e6","6343fc833d4e620001f189de"
"555fb07963051f53320078b1","6343ced6bb1ab900016b62d2"
"556b743f2325b426f70045e3","6343ce163337b70001a63d71"
"5575ec272325b452e500fab7","6343ced6bb1ab900016b62d2"
"557b00002325b452e5018478","6343ced6bb1ab900016b62d2"
"5592d58c2325b478210035d5","633d5ba13b75420001f2b92d"
"559a8da92325b478210143d3","61e819f77090ca0001a0b177"
"55a684d02325b438dc02331e","63406c0b14ee2c0001eee375"
"55a8c484f01b3066e7004931","633ecc224769100001415f11"
"55a8c5312325b438dc02dd77","6343ced6bb1ab900016b62d2"
"55afa349f01b303eac005f1d","6343d08dbb1ab900016b631e"
"55afa349f01b303eac005f1d","6343d2743d4e620001f17e42"
"55b0fb2e63051f29f5006b8a","63406c0b14ee2c0001eee375"
"55b24edef01b303eac00d830","6343ced6bb1ab900016b62d2"
"55b663122325b4565e016a8f","633d5ba13b75420001f2b92d"
"55b663122325b4565e016a8f","6343ced6bb1ab900016b62d2"
"55b663122325b4565e016a8f","6343d08dbb1ab900016b631e"
"55b663122325b4565e016a8f","6343d2743d4e620001f17e42"
"55bfb1909bf7e8258001079c","633d5ba13b75420001f2b92d"
"55d30b4c9bf7e839330035ee","6343ced6bb1ab900016b62d2"
"55d30b4c9bf7e839330035ee","6343d08dbb1ab900016b631e"
"55d30b4c9bf7e839330035ee","6343d2743d4e620001f17e42"
"55df491de648c0410f001a56","633e9c975b31c30001896bb3"
"55e9be95e648c02c70008cab","6343ced6bb1ab900016b62d2"
"55f28ed8e648c0021b006593","633e9c975b31c30001896bb3"
"55f2a06d63051f542f0075e4","6343ced6bb1ab900016b62d2"
"55f2b673f77f301c8600d0a7","633ecc224769100001415f11"
"560e911b9bf7e850160073c0","633d5ba13b75420001f2b92d"
"560e911b9bf7e850160073c0","6343d8d03d4e620001f17fbd"
"56117f14cc11fa7f2300ba3c","63406c0b14ee2c0001eee375"
"56128474f77f3017f000e70c","633e9c975b31c30001896bb3"
"561fc1d7f77f302e2b5946dd","633d5ba13b75420001f2b92d"
"56226d299bf7e83d4c6e5d2b","6343ced6bb1ab900016b62d2"
"56283f01e648c007b052feb3","6343ced6bb1ab900016b62d2"
"562ba62ce648c007b0539b82","633d5ba13b75420001f2b92d"
"562e9c8c63051f0684835bf3","6343d08dbb1ab900016b631e"
"562e9c8c63051f0684835bf3","6343d2743d4e620001f17e42"
"563e52bf63051f6cefad0580","6343ced6bb1ab900016b62d2"
"5642739ee648c0356936249b","63406c0b14ee2c0001eee375"
"56540c4063051f35d76751ad","633d557810d35d000159a454"
"56572743cc11fa3f94d84eeb","633ecc224769100001415f11"
"56572743cc11fa3f94d84eeb","6343ced6bb1ab900016b62d2"
"56578db2cc11fa3f94d85b79","6343ced6bb1ab900016b62d2"
"565ef67363051f7159c1be3f","6343ced6bb1ab900016b62d2"
"565f77b0e648c01d171221f4","633e9c975b31c30001896bb3"
"56744f232325b4629700d77b","6343ced6bb1ab900016b62d2"
"567a8933f01b304f2401454d","6343ced6bb1ab900016b62d2"
"568c071f63051f6d7a0021b1","633e9c975b31c30001896bb3"
"568c071f63051f6d7a0021b1","6343ced6bb1ab900016b62d2"
"568f86e7f01b30234601b5ef","6343ced6bb1ab900016b62d2"
"568f8864f01b30234601b87f","6343ced6bb1ab900016b62d2"
"569790b02325b406c800bb32","6343ced6bb1ab900016b62d2"
"569837ec63051f204000eabd","6343ced6bb1ab900016b62d2"
"569f64b52005895f040221d2","6343ced6bb1ab900016b62d2"
"56a153fa2325b47cf1005032","633d5ba13b75420001f2b92d"
"56a60c452325b4023b005d77","6343d08dbb1ab900016b631e"
"56a60c452325b4023b005d77","6343d2743d4e620001f17e42"
"56cccc9263051f6c38004816","6343ced6bb1ab900016b62d2"
"56cd774af01b304c4c005e9a","6343ced6bb1ab900016b62d2"
"56cf1ae563051f6c38008caf","6343d7bd3337b70001a63f92"
"56dd9e1f2325b437cb0064b0","633d5ba13b75420001f2b92d"
"56e55d3a20058978970165d4","63406c0b14ee2c0001eee375"
"56f5636963051f54fa1b4d19","6343d08dbb1ab900016b631e"
"56f5636963051f54fa1b4d19","6343d2743d4e620001f17e42"
"570bd18f63051f4f0ebf8187","633e9c975b31c30001896bb3"
"57110efb200589535212c345","633d5ba13b75420001f2b92d"
"5711ebf563051f7fa88cff79","6343ced6bb1ab900016b62d2"
"5712be2863051f7fa88d25f7","633d5ba13b75420001f2b92d"
"571aabce2325b43ba8281da4","633e9c975b31c30001896bb3"
"57208d8363051f3caa1548fe","6343ced6bb1ab900016b62d2"
"573044fc63051f318269d41f","6343ced6bb1ab900016b62d2"
"57345d702005895f8e0e77e1","633d5ba13b75420001f2b92d"
"57345d702005895f8e0e77e1","6343ce163337b70001a63d71"
"573709c263051f24f65b9d7c","6343ced6bb1ab900016b62d2"
"573b9c612325b461baada6f0","6343ced6bb1ab900016b62d2"
"574a18c520058942784491d8","6343ced6bb1ab900016b62d2"
"5750c2e720058977df412af6","633d5ba13b75420001f2b92d"
"5750c2e720058977df412af6","6343ce163337b70001a63d71"
"57549d5b20058977df41a421","63406c0b14ee2c0001eee375"
"57556c8863051f5bdfca33c7","633ecc224769100001415f11"
"57556c8863051f5bdfca33c7","63406c0b14ee2c0001eee375"
"5756b917200589408223a188","6343ced6bb1ab900016b62d2"
"575929302325b42405081edc","633d5ba13b75420001f2b92d"
"575929302325b42405081edc","633e9c975b31c30001896bb3"
"575a081720058940822456c2","6343d08dbb1ab900016b631e"
"575a081720058940822456c2","6343d2743d4e620001f17e42"
"575b6c902325b4240508c308","6343ce163337b70001a63d71"
"575b6c902325b4240508c308","6343d08dbb1ab900016b631e"
"575b6c902325b4240508c308","6343d2743d4e620001f17e42"
"57617834200589181912c0af","6343ced6bb1ab900016b62d2"
"57864cd32325b47b244ea63d","6343ced6bb1ab900016b62d2"
"578d126b63051f47151ac6e2","633d5ba13b75420001f2b92d"
"578d2f102005893474c0eeef","633d5ba13b75420001f2b92d"
"578f8ec02325b44124e63ede","63406c0b14ee2c0001eee375"
"578f8ec02325b44124e63ede","6343ced6bb1ab900016b62d2"
"57907d0f63051f47151b616d","633ecc224769100001415f11"
"579793cc2325b44124e7b293","633e9c975b31c30001896bb3"
"579bdc9863051f25bc98db1f","63406c0b14ee2c0001eee375"
"57a1bdae2005896663c38abf","6343ced6bb1ab900016b62d2"
"57a99c7a2005896663c4c8bf","6343d08dbb1ab900016b631e"
"57a99c7a2005896663c4c8bf","6343d2743d4e620001f17e42"
"57b22a5e2325b419add62eb1","6343ced6bb1ab900016b62d2"
"57be067420058944e0196435","633ecc224769100001415f11"
"57bf17e5200589511fecc4b7","633d5ba13b75420001f2b92d"
"57bf17e5200589511fecc4b7","6343ced6bb1ab900016b62d2"
"57bf17e5200589511fecc4b7","6343d08dbb1ab900016b631e"
"57bf17e5200589511fecc4b7","6343d2743d4e620001f17e42"
"57c42d03200589511fee18fb","6343d5d6bb1ab900016b645b"
"57c84a322325b43d3e4bd6eb","633e9c975b31c30001896bb3"
"57c9322b200589511fef9673","6343ced6bb1ab900016b62d2"
"57c934352325b43d3e4c2a2d","633ecc224769100001415f11"
"57cb2db163051f5a5b7287d0","63406c0b14ee2c0001eee375"
"57cb2db163051f5a5b7287d0","6343ced6bb1ab900016b62d2"
"57cb2db163051f5a5b7287d0","6343d08dbb1ab900016b631e"
"57cb2db163051f5a5b7287d0","6343d2743d4e620001f17e42"
"57cdaf952325b4681cac2102","6343ced6bb1ab900016b62d2"
"57d14bbe2325b4681cad1279","633d5ba13b75420001f2b92d"
"57d14bbe2325b4681cad1279","6343ced6bb1ab900016b62d2"
"57d2e3df63051f5a5b74a38c","63406c0b14ee2c0001eee375"
"57d43c722325b417cf9987cd","633d5ba13b75420001f2b92d"
"57d7e0d82005893b7fdedb4f","633e9c975b31c30001896bb3"
"57d7f74263051f3b74b024e9","6343d08dbb1ab900016b631e"
"57d7f74263051f3b74b024e9","6343d2743d4e620001f17e42"
"57d98f9e2325b467ffee5dff","6343ced6bb1ab900016b62d2"
"57dfb88e2005893b7fe2045a","633d5ba13b75420001f2b92d"
"57e014cb63051f3b74b396b7","63406c0b14ee2c0001eee375"
"57e5caf02325b42c5f2a6979","633e9c975b31c30001896bb3"
"57ea42682325b476cc08d048","633e9c975b31c30001896bb3"
"57f17c8420058924a10bfd4d","633ecc224769100001415f11"
"57f3d18120058924a10c953e","633e9c975b31c30001896bb3"
"57f4174220058924a10cb553","6343ced6bb1ab900016b62d2"
"57fd1b062325b418862f8ba2","6343ced6bb1ab900016b62d2"
"57fe6f1c2325b41886300533","6343ced6bb1ab900016b62d2"
"57fe8125200589436add3261","633ecc224769100001415f11"
"57fe8125200589436add3261","63406c0b14ee2c0001eee375"
"580322f12005891d004d6450","6343ced6bb1ab900016b62d2"
"580414922325b46b0976572f","633e9c975b31c30001896bb3"
"58105b922325b4371546761c","6343ced6bb1ab900016b62d2"
"58105d5c2325b43715467694","633d5ba13b75420001f2b92d"
"58105d5c2325b43715467694","6343d08dbb1ab900016b631e"
"58105d5c2325b43715467694","6343d2743d4e620001f17e42"
"58106e9a2325b43715468605","6343ced6bb1ab900016b62d2"
"58131e1a2325b44b0030ac24","633d5ba13b75420001f2b92d"
"581a1a192005895036ebf919","6343d08dbb1ab900016b631e"
"581a1a192005895036ebf919","6343d2743d4e620001f17e42"
"581f91d3200589781681c1aa","6343d7bd3337b70001a63f92"
"5825989f63051f0a85e6807b","633d5ba13b75420001f2b92d"
"58388fe48983be62feba5db2","6343ced6bb1ab900016b62d2"
"583d8ec62325b47d0597405c","6343ced6bb1ab900016b62d2"
"583dc25f2325b466133508f2","6343ced6bb1ab900016b62d2"
"584bd7e18983be62fe2541ea","633ecc224769100001415f11"
"5867d0868983be62feb32f95","63406c0b14ee2c0001eee375"
"586aa2b08983be62febc193b","633d5ba13b75420001f2b92d"
"586fdcc78983be62fed9814c","63406c0b14ee2c0001eee375"
"587b590b8983be62fe2276d8","6343ce163337b70001a63d71"
"587b590b8983be62fe2276d8","6343ced6bb1ab900016b62d2"
"587b590b8983be62fe2276d8","6343d08dbb1ab900016b631e"
"587b590b8983be62fe2276d8","6343d2743d4e620001f17e42"
"588f1ba98983be62feb109d7","6343d08dbb1ab900016b631e"
"588f1ba98983be62feb109d7","6343d2743d4e620001f17e42"
"5890dc638983be62febeea9d","6343ced6bb1ab900016b62d2"
"5890f2318983be62febef2c6","6343ced6bb1ab900016b62d2"
"58962d1d8983be62fee92fb5","6343d7bd3337b70001a63f92"
"589ce23b8983be62fe16a23a","6343cc7e3d4e620001f17d17"
"589e56bc8983be62fe1aa464","6343ced6bb1ab900016b62d2"
"58a1a13a8983be62fe3b6a8b","633d5ba13b75420001f2b92d"
"58a1a13a8983be62fe3b6a8b","6343ce163337b70001a63d71"
"58b866eb8983be62fee0a78c","633e9c975b31c30001896bb3"
"58b866eb8983be62fee0a78c","6343ced6bb1ab900016b62d2"
"58ba89ab8983be62fee95527","63406c0b14ee2c0001eee375"
"58ba89ab8983be62fee95527","6343ced6bb1ab900016b62d2"
"58ba89ab8983be62fee95527","6343d08dbb1ab900016b631e"
"58ba89ab8983be62fee95527","6343d2743d4e620001f17e42"
"58c093cf8983be62fe1070d3","63406c0b14ee2c0001eee375"
"58c138138983be62fe12effe","6343ced6bb1ab900016b62d2"
"58c51bc48983be62fe31a314","63406c0b14ee2c0001eee375"
"58c51bc48983be62fe31a314","6343ced6bb1ab900016b62d2"
"58c70eab8983be62fe4a16f3","633d5ba13b75420001f2b92d"
"58c70eab8983be62fe4a16f3","6343ce163337b70001a63d71"
"58cabe648983be62fe5ecc8e","633d5ba13b75420001f2b92d"
"58dfd29c8983be62fec19a35","63406c0b14ee2c0001eee375"
"58ed102b8983be62feeb207c","6343d08dbb1ab900016b631e"
"58ed102b8983be62feeb207c","6343d2743d4e620001f17e42"
"58ed449e8983be62feeb26ca","633e9c975b31c30001896bb3"
"58ff70a48983be62fe35daa1","633d5ba13b75420001f2b92d"
"58ff70a48983be62fe35daa1","63406c0b14ee2c0001eee375"
"5908f4d38983be07b3eebaa7","633d5ba13b75420001f2b92d"
"5908f4d38983be07b3eebaa7","6343d08dbb1ab900016b631e"
"5908f4d38983be07b3eebaa7","6343d2743d4e620001f17e42"
"590c487c8983be07b3f4748f","6343ced6bb1ab900016b62d2"
"59161d958983be07b31e01b7","6343ced6bb1ab900016b62d2"
"5919afe88983be07b323efc2","633d5ba13b75420001f2b92d"
"5919afe88983be07b323efc2","6343d08dbb1ab900016b631e"
"5919afe88983be07b323efc2","6343d2743d4e620001f17e42"
"5919d9128983be07b3240847","6342ded23d4e620001f14329"
"5920c5be8983be07b350e5a7","6343d08dbb1ab900016b631e"
"5920c5be8983be07b350e5a7","6343d2743d4e620001f17e42"
"5921cc538983be07b35823ca","6343ce163337b70001a63d71"
"5926f04c8983be07b36c5d84","633e9c975b31c30001896bb3"
"5926f04c8983be07b36c5d84","6343ced6bb1ab900016b62d2"
"592b254b8983be07b37a355d","633e9c975b31c30001896bb3"
"592feddf8983be07b383fca4","633e9c975b31c30001896bb3"
"593119b98983be07b38f5fa8","6343ced6bb1ab900016b62d2"
"5939e29b8983be04c490f9bd","6343d7bd3337b70001a63f92"
"593dae1f8983be04c4a768c0","6343d08dbb1ab900016b631e"
"593dae1f8983be04c4a768c0","6343d2743d4e620001f17e42"
"5960c16b8983be04bc4c1730","633ac71ec8990800018a60e9"
"5963c95c8983be04bc55730c","633d5ba13b75420001f2b92d"
"5967ca238983be04bc66416c","633d5ba13b75420001f2b92d"
"596f9eae8983be04bc81a961","633d5ba13b75420001f2b92d"
"5972334c8983be04bc94cad4","6343d08dbb1ab900016b631e"
"5972334c8983be04bc94cad4","6343d2743d4e620001f17e42"
"598250488983be04bcd3a5aa","63406c0b14ee2c0001eee375"
"5983063c8983be04bcd445c1","63406c0b14ee2c0001eee375"
"5983063c8983be04bcd445c1","6343ced6bb1ab900016b62d2"
"5983063c8983be04bcd445c1","6343d08dbb1ab900016b631e"
"5983063c8983be04bcd445c1","6343d2743d4e620001f17e42"
"598360178983be04bcd8fef4","63406c0b14ee2c0001eee375"
"5985fa0d8983be04bce60a77","6343ce163337b70001a63d71"
"598819fd8983be04bcec766b","6343d08dbb1ab900016b631e"
"598819fd8983be04bcec766b","6343d2743d4e620001f17e42"
"5988a83c8983be04bcf25f61","6343ce163337b70001a63d71"
"598c3da78983be04bcfad3ee","6343ce163337b70001a63d71"
"5992bdbd8983be04bc11bdc2","6343ced6bb1ab900016b62d2"
"599589648983be04bc180b61","6343ced6bb1ab900016b62d2"
"5996c5b48983be04bc1c87b8","6343ced6bb1ab900016b62d2"
"599959408983be04bc2b7b1d","62bd8d7ce2b01d0001549dab"
"59a7f0098983be04bc68ded5","633e9c975b31c30001896bb3"
"59a7f0098983be04bc68ded5","63406c0b14ee2c0001eee375"
"59a7f0098983be04bc68ded5","6343ced6bb1ab900016b62d2"
"59aae674e204516892af672a","63406c0b14ee2c0001eee375"
"59af12690e0d4e702f160f41","6343ced6bb1ab900016b62d2"
"59b26336e204516892b20937","633e9c975b31c30001896bb3"
"59b26336e204516892b20937","6343ced6bb1ab900016b62d2"
"59b793afe204516892b4688e","6343d08dbb1ab900016b631e"
"59b793afe204516892b4688e","6343d2743d4e620001f17e42"
"59c2a750a7934d7943db0b08","633e9c975b31c30001896bb3"
"59c2a750a7934d7943db0b08","6343ced6bb1ab900016b62d2"
"59c5114e0e0d4e563555fd35","63406c0b14ee2c0001eee375"
"59d2a007e20451673bcf1281","6343ced6bb1ab900016b62d2"
"59d9169c0e0d4e25aa38470a","633e9c975b31c30001896bb3"
"59d9169c0e0d4e25aa38470a","6343ced6bb1ab900016b62d2"
"5d52c0e20e0d4e3ccfc84d32","633d5ba13b75420001f2b92d"
"5d53cbeea7934d3b644643ed","63406c0b14ee2c0001eee375"
"5d5db764a7934d12d69245d6","633d5ba13b75420001f2b92d"
"5d6857a6a7934d5e92334d07","633e9c975b31c30001896bb3"
"5d6857a6a7934d5e92334d07","6343d8d03d4e620001f17fbd"
"5d6bdd700e0d4e3dd6e14a65","6343d08dbb1ab900016b631e"
"5d6bdd700e0d4e3dd6e14a65","6343d2743d4e620001f17e42"
"5d6dedd3e2045109d0e77ee6","63432cf33d4e620001f1602f"
"5d722016a7934d1351dae0ef","63406c0b14ee2c0001eee375"
"5d73db94a7934d2e5a40f833","6343d08dbb1ab900016b631e"
"5d73db94a7934d2e5a40f833","6343d2743d4e620001f17e42"
"5d73ffb9a7934d2e5a410236","6343ced6bb1ab900016b62d2"
"5d7968f4e204514061ca77d8","6343d8d03d4e620001f17fbd"
"5d8316850e0d4e0aada934d4","6343d7bd3337b70001a63f92"
"5d833e14a7934d2e527ad175","633e9c975b31c30001896bb3"
"5d836db60e0d4e0aadaac321","633d5ba13b75420001f2b92d"
"5d88ec26a7934d2e527f7815","6343ced6bb1ab900016b62d2"
"5d8a4fe7e2045110695284c4","6343ced6bb1ab900016b62d2"
"5d8a53200e0d4e51e5e9688b","633d5ba13b75420001f2b92d"
"5d8b7abaa7934d6d26698ce2","63406c0b14ee2c0001eee375"
"5d8e0293a7934d3829c69634","6343ced6bb1ab900016b62d2"
"5d8e55f2a7934d3829c6e27a","633dbb6e6fc5eb000199fb27"
"5d8e9a6d0e0d4e3999c6e736","633d5ba13b75420001f2b92d"
"5d8f55f1a7934d3829c746fe","633e9c975b31c30001896bb3"
"5d8f55f1a7934d3829c746fe","63406c0b14ee2c0001eee375"
"5d93194b0e0d4e1711bccb3f","6343d08dbb1ab900016b631e"
"5d93194b0e0d4e1711bccb3f","6343d2743d4e620001f17e42"
"5d9f1fa1a7934d5bbe2509a9","63406c0b14ee2c0001eee375"
"5d9f57c30e0d4e333c98705f","633dce9fbb1ab90001694ae9"
"5da7ea5f0e0d4e52e2fd5f85","63432cf33d4e620001f1602f"
"5da9631da7934d0b9262f626","6343ced6bb1ab900016b62d2"
"5da9b397e2045127a5d53813","633d5ba13b75420001f2b92d"
"5da9b397e2045127a5d53813","6343ced6bb1ab900016b62d2"
"5da9db820e0d4e52e2ff39ee","6343ced6bb1ab900016b62d2"
"5db2fc63db50c72644866386","6343ced6bb1ab900016b62d2"
"5dba5ce6d30dd042f9cca67f","63432cf33d4e620001f1602f"
"5dbf092fdb50c714406a6873","6343ced6bb1ab900016b62d2"
"5dbf092fdb50c714406a6873","6343d08dbb1ab900016b631e"
"5dbf092fdb50c714406a6873","6343d2743d4e620001f17e42"
"5dc173d9d30dd04c7617ebf9","6343ced6bb1ab900016b62d2"
"5dc1dac73921005d80792356","63406c0b14ee2c0001eee375"
"5dc33aeb3921005d80799875","6343ced6bb1ab900016b62d2"
"5dc5bf62d30dd04c761c48fb","6343ced6bb1ab900016b62d2"
"5dcd672edb50c7388b666a59","6343d7bd3337b70001a63f92"
"5dce6952db50c70afe45b4a2","633d5ba13b75420001f2b92d"
"5dcf176839210067a3d23028","633d5ba13b75420001f2b92d"
"5dcfc27cd30dd0271038272d","633e9c975b31c30001896bb3"
"5dd49130db50c716ae756ba1","6343d08dbb1ab900016b631e"
"5dd49130db50c716ae756ba1","6343d2743d4e620001f17e42"
"5dd592543921004243a98c16","633d5ba13b75420001f2b92d"
"5dd592543921004243a98c16","633e9c975b31c30001896bb3"
"5dd5c33ddb50c729803d82fe","63406c0b14ee2c0001eee375"
"5dd7f583392100472751cd15","633d5ba13b75420001f2b92d"
"5dd7f583392100472751cd15","633e9c975b31c30001896bb3"
"5ddaf344392100472752a818","63406c0b14ee2c0001eee375"
"5ddaf344392100472752a818","6343d08dbb1ab900016b631e"
"5ddaf344392100472752a818","6343d2743d4e620001f17e42"
"5ddd964439210028a046d33d","6343ce163337b70001a63d71"
"5ddfe6ecdb50c76abb0e4691","6343ce163337b70001a63d71"
"5de2685adb50c707941256c7","63406c0b14ee2c0001eee375"
"5de492a4db50c7079412c69b","63432cf33d4e620001f1602f"
"5df42edfd30dd05a2eb20b3b","6343ced6bb1ab900016b62d2"
"5df9130439210016bfef5c4f","633ecc224769100001415f11"
"5e0e64223921004972a449e1","6343ced6bb1ab900016b62d2"
"5e10f114d30dd031356a2aa2","633d5ba13b75420001f2b92d"
"5e1333e9d30dd031356a7fe1","6343d08dbb1ab900016b631e"
"5e1333e9d30dd031356a7fe1","6343d2743d4e620001f17e42"
"5e18eecca7934d1e35b4e10b","62c86525c7a4cb0001d4464f"
"5e19a63fa7934d1e35b50162","63406c0b14ee2c0001eee375"
"5e23d9c4d30dd00d659243df","63432cf33d4e620001f1602f"
"5e3c036ea7934d76b019adc3","63406c0b14ee2c0001eee375"
"5e3c54ff39210068f32ed72e","633d5ba13b75420001f2b92d"
"5e3ca51f39210068f32efa00","63432cf33d4e620001f1602f"
"5e47079639210057d4fdad2e","63406c0b14ee2c0001eee375"
"5e4ddeadd30dd04423ea190b","633ecc224769100001415f11"
"5e4ddeadd30dd04423ea190b","6343ced6bb1ab900016b62d2"
"5e4f1c8f39210061c93b4a38","633ecc224769100001415f11"
"5e4f1c8f39210061c93b4a38","6343ced6bb1ab900016b62d2"
"5e517d32a7934d1b57e7a274","633ecc224769100001415f11"
"5e618634a7934d5b7b5dd647","633ecc224769100001415f11"
"5e6dedc93921003cb81712e7","63406c0b14ee2c0001eee375"
"5eaae19284e11e0001b312f2","633e9c975b31c30001896bb3"
"5ed8631c39853d0001d1f500","6343ee193d4e620001f185a4"
"5ed987310d5126000134fc4c","6343ced6bb1ab900016b62d2"
"5ee7d6497f1f0a0001e472c8","633ecc224769100001415f11"
"5eea7aa64d87330001070c84","633e9c975b31c30001896bb3"
"5eea7aa64d87330001070c84","6343ced6bb1ab900016b62d2"
"5ef096eb820f28000180b8cc","6343ce163337b70001a63d71"
"5efe1b245f07b70001457d97","6343ce163337b70001a63d71"
"5f0cb6a95d17e30001446318","633705649797500001eb4162"
"5f171213a007930001ed8dd1","633e9c975b31c30001896bb3"
"5f199a11f1b31d000159eddc","633d5ba13b75420001f2b92d"
"5f3e5d3aa302ea000149281f","633ecc224769100001415f11"
"5f43a6726ed32000014cdb49","6343ced6bb1ab900016b62d2"
"5f5ab7c76483030001325467","6343ced6bb1ab900016b62d2"
"5f5bbf03814b6e0001e3c468","6343ced6bb1ab900016b62d2"
"5f63904d360021000153d881","6343ce163337b70001a63d71"
"5f6b1b3142317500013266f2","63406c0b14ee2c0001eee375"
"5f6b1b3142317500013266f2","6343d7bd3337b70001a63f92"
"5f7cfc394f5df00001ea04c3","634037e4fcbedc0001d08b63"
"5f81fe7fe0832d00012f61b7","63406c0b14ee2c0001eee375"
"5f86c0b00b635f0001cbacc9","6343d08dbb1ab900016b631e"
"5f86c0b00b635f0001cbacc9","6343d2743d4e620001f17e42"
"5f915c41dc69e60001bc50c0","6343ced6bb1ab900016b62d2"
"5fa0ac4c063ea700012e3a54","63406c0b14ee2c0001eee375"
"5fac34bde2a48b0001e0eec4","633d5ba13b75420001f2b92d"
"5fac34bde2a48b0001e0eec4","6343d08dbb1ab900016b631e"
"5fac34bde2a48b0001e0eec4","6343d2743d4e620001f17e42"
"5fac55ed8ceeba000101d4ab","633e9c975b31c30001896bb3"
"5fba507bec96350001b02857","633d5ba13b75420001f2b92d"
"5fd28e99cf69cc000147e95f","633e9c975b31c30001896bb3"
"5fd28e99cf69cc000147e95f","63406c0b14ee2c0001eee375"
"5fd5030eda69250001e9d560","6343d08dbb1ab900016b631e"
"5fd5030eda69250001e9d560","6343d2743d4e620001f17e42"
"5fda2d165863ac0001762672","633e9c975b31c30001896bb3"
"5ff97c60df090600014d0c03","633dbb6e6fc5eb000199fb27"
"6004ba670c142c0001e49d4c","633d5ba13b75420001f2b92d"
"60072a3c79e2cc0001011989","6343f96cbb1ab900016b6ddd"
"600d43cfbf988800015bbc13","63361acf9797500001eb01bf"
"6010aa55fb2281000121df0e","633ecc224769100001415f11"
"6010aa55fb2281000121df0e","6343ce163337b70001a63d71"
"6011f24b25b7c000017eeb18","6343ced6bb1ab900016b62d2"
"60168d7be9d34900015c326e","6342ded23d4e620001f14329"
"602641e5a207f70001c356ff","633d5ba13b75420001f2b92d"
"60269ab5a0c32e0001c0b2be","6343d08dbb1ab900016b631e"
"60269ab5a0c32e0001c0b2be","6343d2743d4e620001f17e42"
"602f8fe093a79800010a2dbd","6343d08dbb1ab900016b631e"
"602f8fe093a79800010a2dbd","6343d2743d4e620001f17e42"
"6034438c2269d900013743c7","6343c9963d4e620001f17caf"
"6047d2eb25a8160001717ed9","6343ce163337b70001a63d71"
"604902ad25a816000171a047","633d5ba13b75420001f2b92d"
"59d94dbc0e0d4e25aa38616f","6343ced6bb1ab900016b62d2"
"59da53590e0d4e25aa38a7d2","63406c0b14ee2c0001eee375"
"59dac91aa7934d5182f64017","633ecc224769100001415f11"
"59de2be3a7934d5182f7dc32","63406c0b14ee2c0001eee375"
"59dec1c8a7934d5182f83a79","6343ced6bb1ab900016b62d2"
"59df1f64e204510c80333522","633ecc224769100001415f11"
"59df2534a7934d5182f854c9","633e9c975b31c30001896bb3"
"59df2f73e204510c80334bc4","6343ced6bb1ab900016b62d2"
"59e5fe9ae204510618b751e6","6343ced6bb1ab900016b62d2"
"59eb2a02a7934d7284611a7f","6343d08dbb1ab900016b631e"
"59eb2a02a7934d7284611a7f","6343d2743d4e620001f17e42"
"59ee24fca7934d72846262ab","633d5ba13b75420001f2b92d"
"59ee24fca7934d72846262ab","6343ced6bb1ab900016b62d2"
"59ee59a3e204515859b4e5ae","6343ced6bb1ab900016b62d2"
"59ee6f650e0d4e26b50f5e89","6343d08dbb1ab900016b631e"
"59ee6f650e0d4e26b50f5e89","6343d2743d4e620001f17e42"
"59fcb016e20451561bbc6c92","6343ced6bb1ab900016b62d2"
"5a008f98e20451561bbe3cf2","6343ced6bb1ab900016b62d2"
"5a02dce2e2045171624a46fc","63406c0b14ee2c0001eee375"
"5a134345e2045179007f9d0b","6343ced6bb1ab900016b62d2"
"5a1733e7e2045113678e7b1c","633ecc224769100001415f11"
"5a3ab61ca7934d3a3c7cb2da","633e9c975b31c30001896bb3"
"5a3ab61ca7934d3a3c7cb2da","6343d08dbb1ab900016b631e"
"5a3ab61ca7934d3a3c7cb2da","6343d2743d4e620001f17e42"
"5a45a5320e0d4e7a974533c4","633e9c975b31c30001896bb3"
"5a45a5320e0d4e7a974533c4","63406c0b14ee2c0001eee375"
"5a58a017a7934d49460023bc","633ac71ec8990800018a60e9"
"5a58a017a7934d49460023bc","633d5ba13b75420001f2b92d"
"5a58a017a7934d49460023bc","6343ced6bb1ab900016b62d2"
"5a5a244ce204512f8caadca2","6343d08dbb1ab900016b631e"
"5a5a244ce204512f8caadca2","6343d2743d4e620001f17e42"
"5a6206e7a7934d3229feb974","63406c0b14ee2c0001eee375"
"5a63bccce20451657882878f","633e9c975b31c30001896bb3"
"5a64b1d6e20451657882cbdf","6342ded23d4e620001f14329"
"5a6a1540e204513a1144dabd","63406c0b14ee2c0001eee375"
"5a6aece80e0d4e7a8b5e4912","633d5ba13b75420001f2b92d"
"5a6f2ff2e204513a1147e1c4","63406c0b14ee2c0001eee375"
"5a6f2ff2e204513a1147e1c4","6343ced6bb1ab900016b62d2"
"5a6f2ff2e204513a1147e1c4","6343d08dbb1ab900016b631e"
"5a6f2ff2e204513a1147e1c4","6343d2743d4e620001f17e42"
"5a6f603ca7934d796c722317","63432cf33d4e620001f1602f"
"5a7857240e0d4e140fe51888","633e9c975b31c30001896bb3"
"5a788433a7934d6663faf230","633d5ba13b75420001f2b92d"
"5a8327efe20451799c5fb4e8","6343d08dbb1ab900016b631e"
"5a8327efe20451799c5fb4e8","6343d2743d4e620001f17e42"
"5a86d045e204514d349e6441","6343ced6bb1ab900016b62d2"
"5a8889c3e204514d349e9f20","6343ced6bb1ab900016b62d2"
"5a8ad650a7934d4b19aa1117","633d5ba13b75420001f2b92d"
"5a8ae51d0e0d4e42aa3901ed","6343ce163337b70001a63d71"
"5a8c0035a7934d7e71b92b0e","6343ced6bb1ab900016b62d2"
"5a8ed946a7934d47496d6880","6343ce163337b70001a63d71"
"5a9941fb0e0d4e2c6c9af199","6342ded23d4e620001f14329"
"5a9c5fb20e0d4e660de34e49","633d5ba13b75420001f2b92d"
"5aa011670e0d4e773213112f","633d5ba13b75420001f2b92d"
"5aafe487e204511850b18585","63406c0b14ee2c0001eee375"
"5abb6ed30e0d4e30815ac1f6","633e9c975b31c30001896bb3"
"5ac13224e204515925b6890b","6343ced6bb1ab900016b62d2"
"5ac367a6a7934d52ff3fdb90","633ecc224769100001415f11"
"5ac367a6a7934d52ff3fdb90","6343d08dbb1ab900016b631e"
"5ac367a6a7934d52ff3fdb90","6343d2743d4e620001f17e42"
"5ace60b1e2045150a6d36729","633d5ba13b75420001f2b92d"
"5ad0c3dda7934d75f30dcda4","633e9c975b31c30001896bb3"
"5ad3232fa7934d75f30e27d1","633d5ba13b75420001f2b92d"
"5ad5af710e0d4e172f2b741a","633e9c975b31c30001896bb3"
"5adad1cea7934d75f3112bd2","6343ced6bb1ab900016b62d2"
"5adcdf000e0d4e172f2efa32","633e9c975b31c30001896bb3"
"5ae256c2e204515b37eea61d","6343ce163337b70001a63d71"
"5aec48c00e0d4e18504c6e9f","6343ce163337b70001a63d71"
"5aec48c00e0d4e18504c6e9f","6343d08dbb1ab900016b631e"
"5aec48c00e0d4e18504c6e9f","6343d2743d4e620001f17e42"
"5aec48c00e0d4e18504c6e9f","6343d7bd3337b70001a63f92"
"5af0709fa7934d0d74e22e42","63406c0b14ee2c0001eee375"
"5af0709fa7934d0d74e22e42","6343ced6bb1ab900016b62d2"
"5af0e45da7934d0d74e235cb","633d5ba13b75420001f2b92d"
"5aff0f7fe2045175b3473540","6343ced6bb1ab900016b62d2"
"5b016320e2045175b3474cc7","6343d08dbb1ab900016b631e"
"5b016320e2045175b3474cc7","6343d2743d4e620001f17e42"
"5b06bd2a0e0d4e5ae2e7bb1e","633e9c975b31c30001896bb3"
"5b093c490e0d4e5ae2e89fe5","633e9c975b31c30001896bb3"
"5b1015b8a7934d59adc0da0f","63406c0b14ee2c0001eee375"
"5b1117e60e0d4e6d5ae514fe","6343ced6bb1ab900016b62d2"
"5b1857fa0e0d4e2387c7f909","62c86525c7a4cb0001d4464f"
"5b1fa4d3e204516743fb3b2f","6343ced6bb1ab900016b62d2"
"5b204ed3a7934d67e8b98c8f","633e9c975b31c30001896bb3"
"5b2d5d300e0d4e7675e2933b","633e9c975b31c30001896bb3"
"5b3a0c6ea7934d3408cc6393","63406c0b14ee2c0001eee375"
"5b3a3748a7934d3408cc83cb","6343ced6bb1ab900016b62d2"
"5b3f5dcf0e0d4e0779f114ca","63406c0b14ee2c0001eee375"
"5b3f71e8a7934d4058e350e8","633d5ba13b75420001f2b92d"
"5b4f1a26a7934d643114e136","6343ced6bb1ab900016b62d2"
"5b4f3987a7934d643114e697","63406c0b14ee2c0001eee375"
"5b4f3987a7934d643114e697","6343ced6bb1ab900016b62d2"
"5b4f72a00e0d4e191148d7ee","6343ced6bb1ab900016b62d2"
"5b4f858ca7934d6431152799","6343ced6bb1ab900016b62d2"
"5b51210f0e0d4e109f81cd2f","633d5ba13b75420001f2b92d"
"5b51210f0e0d4e109f81cd2f","6343ced6bb1ab900016b62d2"
"5b5747fe0e0d4e38fb76aa90","6343ced6bb1ab900016b62d2"
"5b5747fe0e0d4e38fb76aa90","6343d7bd3337b70001a63f92"
"5b58fc2fe20451362414aa36","63406c0b14ee2c0001eee375"
"5b59beb4a7934d2ffa0113e5","633e9c975b31c30001896bb3"
"5b5a4ae8a7934d2ffa0154d3","6343ced6bb1ab900016b62d2"
"5b79eb06e204510645cdc1f3","6343d08dbb1ab900016b631e"
"5b79eb06e204510645cdc1f3","6343d2743d4e620001f17e42"
"5b7c5431a7934d1352002c84","6343ced6bb1ab900016b62d2"
"5b8e38fba7934d24afa3c6d5","6343ce163337b70001a63d71"
"5b8eaa890e0d4e77db4cb4ac","633e9c975b31c30001896bb3"
"5b917d0fe2045167f1ee8688","633e9c975b31c30001896bb3"
"5b92bc61a7934d24afa84021","6343ced6bb1ab900016b62d2"
"5b92d07b0e0d4e77db50d442","63406c0b14ee2c0001eee375"
"5b93ed6fa7934d24afa98255","6343d08dbb1ab900016b631e"
"5b93ed6fa7934d24afa98255","6343d2743d4e620001f17e42"
"5b96d4b0a7934d24afabbc89","633d557810d35d000159a454"
"5ba0afd40e0d4e2097dec1eb","6343d08dbb1ab900016b631e"
"5ba0afd40e0d4e2097dec1eb","6343d2743d4e620001f17e42"
"5ba500c1a7934d71798a8082","63432cf33d4e620001f1602f"
"5ba7bff5a7934d5d2aceb0fb","633ecc224769100001415f11"
"5ba7bff5a7934d5d2aceb0fb","6343ce163337b70001a63d71"
"5ba7bff5a7934d5d2aceb0fb","6343ced6bb1ab900016b62d2"
"5ba801520e0d4e2beb9347e5","633d5ba13b75420001f2b92d"
"5bad09f7a7934d500bc547a9","633ecc224769100001415f11"
"5bad09f7a7934d500bc547a9","6343ced6bb1ab900016b62d2"
"5bb14c500e0d4e19a207d3cd","6343ced6bb1ab900016b62d2"
"5bb336c90e0d4e19a208933e","633e9c975b31c30001896bb3"
"5bb706ee0e0d4e07a0ffdd15","633d5ba13b75420001f2b92d"
"5bb90a600e0d4e4772e2e9ab","6343ced6bb1ab900016b62d2"
"5bbbb8410e0d4e70ba8915bd","63406c0b14ee2c0001eee375"
"5bbc873ae2045118009c45a3","6343ced6bb1ab900016b62d2"
"5bbc8b2d0e0d4e056fb1f639","633e9c975b31c30001896bb3"
"5bc39a640e0d4e176a3f88e6","6343ced6bb1ab900016b62d2"
"5bc7330a0e0d4e176a402864","6343d08dbb1ab900016b631e"
"5bc7330a0e0d4e176a402864","6343d2743d4e620001f17e42"
"5bc8424ee2045147e3f76d3c","633d5ba13b75420001f2b92d"
"5bc8424ee2045147e3f76d3c","6343ced6bb1ab900016b62d2"
"5bc997f7e2045147e3f7d69e","6343ced6bb1ab900016b62d2"
"5bc9fa900e0d4e176a41e1be","6343d08dbb1ab900016b631e"
"5bc9fa900e0d4e176a41e1be","6343d2743d4e620001f17e42"
"5bcb351c0e0d4e27e3472567","633d5ba13b75420001f2b92d"
"5bccdece0e0d4e27e34816dd","63406c0b14ee2c0001eee375"
"5bd054c0a7934d059729b1e3","6343ced6bb1ab900016b62d2"
"5bd0b5b1e204517697f801c1","63406c0b14ee2c0001eee375"
"5bd20d6ee204517697f83b20","633e9c975b31c30001896bb3"
"5bd2938ce204517697f8484b","63432cf33d4e620001f1602f"
"5bd601b3e204517697fa83b0","633e9c975b31c30001896bb3"
"5bdc98490e0d4e5ac8ec6a94","633ecc224769100001415f11"
"5bde1cc70e0d4e5ac8ec94d2","6343ced6bb1ab900016b62d2"
"5be3d1910e0d4e4ff5b5c3c1","6343ced6bb1ab900016b62d2"
"5bebc8d8e20451358fb15fc1","633d5ba13b75420001f2b92d"
"5bebc8d8e20451358fb15fc1","6343ced6bb1ab900016b62d2"
"5bef09b1a7934d645ec56cd3","63432cf33d4e620001f1602f"
"5bf1402ce20451358fb3b3df","63406c0b14ee2c0001eee375"
"5bf57d42a7934d645ec6fae8","6343ced6bb1ab900016b62d2"
"5bf6ef70a7934d6e94b3a887","63406c0b14ee2c0001eee375"
"5bfada14e204511f3b9f626b","6343d08dbb1ab900016b631e"
"5bfada14e204511f3b9f626b","6343d2743d4e620001f17e42"
"5c010a68e2045145702131c2","633e9c975b31c30001896bb3"
"5c0b8307a7934d031fea9699","63406c0b14ee2c0001eee375"
"5c0d1d40e204514570247d34","633d5ba13b75420001f2b92d"
"5c0d1d40e204514570247d34","6343ce163337b70001a63d71"
"5c103520a7934d031feb05a5","6343d8d03d4e620001f17fbd"
"5c10e177e20451457024cf1c","633d5ba13b75420001f2b92d"
"5c17f4fea7934d500117488b","6343ced6bb1ab900016b62d2"
"5c27ccd1e204517ea45b6946","6343ced6bb1ab900016b62d2"
"5c2a2c7de204517ea45bfced","6342ded23d4e620001f14329"
"5c2ca4060e0d4e3c530cb76f","633d5ba13b75420001f2b92d"
"5c33dca3e204517ea45dd8c2","633dce9fbb1ab90001694ae9"
"5c41dd37e2045135e2196f1b","63406c0b14ee2c0001eee375"
"5c426ebea7934d3d2c62e28b","633d5ba13b75420001f2b92d"
"5c426ebea7934d3d2c62e28b","6343ced6bb1ab900016b62d2"
"5c42779a0e0d4e04adbf78ff","63432cf33d4e620001f1602f"
"5c48ddd8a7934d0ec4340940","6343ce163337b70001a63d71"
"5c48ddd8a7934d0ec4340940","6343d08dbb1ab900016b631e"
"5c48ddd8a7934d0ec4340940","6343d2743d4e620001f17e42"
"5c50d496a7934d0ec4364634","62c86525c7a4cb0001d4464f"
"5c541ba0a7934d0ec436c3b9","61e819f77090ca0001a0b177"
"5c541ba0a7934d0ec436c3b9","633d5ba13b75420001f2b92d"
"5c631ec0a7934d6fb968c22a","63432cf33d4e620001f1602f"
"5c63b2df0e0d4e5561992534","633d5ba13b75420001f2b92d"
"5c63b2df0e0d4e5561992534","6343ced6bb1ab900016b62d2"
"5c6daabce204516b5608d6da","63406c0b14ee2c0001eee375"
"5c6efe33a7934d2412786e0c","633d5ba13b75420001f2b92d"
"5c7263ee0e0d4e4877ed7bd3","633e9c975b31c30001896bb3"
"5c7263ee0e0d4e4877ed7bd3","6343ced6bb1ab900016b62d2"
"5c75815ca7934d24127ae388","633e9c975b31c30001896bb3"
"5c76717ba7934d24127afcdf","633d5ba13b75420001f2b92d"
"5c77f47c0e0d4e4877ee787d","633e9c975b31c30001896bb3"
"5c7864610e0d4e4877eea53a","633e9c975b31c30001896bb3"
"5c8a12f10e0d4e54fe688538","633d5ba13b75420001f2b92d"
"5c8e2cd6e20451760ee4adc5","6343ced6bb1ab900016b62d2"
"5c93d7d00e0d4e5b9b80d7c5","63406c0b14ee2c0001eee375"
"5c93e749e2045169ea7b7714","633d5ba13b75420001f2b92d"
"5c951476a7934d517e193ff9","6343ced6bb1ab900016b62d2"
"5c9585b00e0d4e453e9279c2","63406c0b14ee2c0001eee375"
"5c9765e60e0d4e453e92e660","6343ced6bb1ab900016b62d2"
"5c9a3776a7934d274c341014","6343d08dbb1ab900016b631e"
"5c9a3776a7934d274c341014","6343d2743d4e620001f17e42"
"5c9a3776a7934d274c341014","6343d7bd3337b70001a63f92"
"5c9a3b9be2045159efcd2359","6343ce163337b70001a63d71"
"5c9bd9b1e204516d4df8d563","6343d08dbb1ab900016b631e"
"5c9bd9b1e204516d4df8d563","6343d2743d4e620001f17e42"
"5ca1420e0e0d4e36cdad63a7","633e9c975b31c30001896bb3"
"5ca1420e0e0d4e36cdad63a7","633ecc224769100001415f11"
"5ca1420e0e0d4e36cdad63a7","63406c0b14ee2c0001eee375"
"5ca1420e0e0d4e36cdad63a7","6343ced6bb1ab900016b62d2"
"5ca5f3970e0d4e530da34efe","633e9c975b31c30001896bb3"
"5ca8a127a7934d3eb600e9bc","633d5ba13b75420001f2b92d"
"5caf3c56a7934d5587c9dc07","6343d08dbb1ab900016b631e"
"5caf3c56a7934d5587c9dc07","6343d2743d4e620001f17e42"
"5caf4374a7934d5587c9dd9a","633e9c975b31c30001896bb3"
"5cbb260ba7934d7a2dfd35fd","633e9c975b31c30001896bb3"
"5cbb5cca0e0d4e16e7863066","633e9c975b31c30001896bb3"
"5cbb5cca0e0d4e16e7863066","633ecc224769100001415f11"
"5cc40d74a7934d7785a6df54","6343c9963d4e620001f17caf"
"5cc5f08ae204510b642a61cc","6343d08dbb1ab900016b631e"
"5cc5f08ae204510b642a61cc","6343d2743d4e620001f17e42"
"5ccf5e9fa7934d7785aa5429","6343d08dbb1ab900016b631e"
"5ccf5e9fa7934d7785aa5429","6343d2743d4e620001f17e42"
"5cd049f3a7934d7785aa654c","63406c0b14ee2c0001eee375"
"5cd049f3a7934d7785aa654c","6343ced6bb1ab900016b62d2"
"5cd049f3a7934d7785aa654c","6343d08dbb1ab900016b631e"
"5cd049f3a7934d7785aa654c","6343d2743d4e620001f17e42"
"5cd049f3a7934d7785aa654c","6343d7bd3337b70001a63f92"
"5cd1d8630e0d4e04e6213a4a","63406c0b14ee2c0001eee375"
"5cd1d8630e0d4e04e6213a4a","6343ced6bb1ab900016b62d2"
"5cda98200e0d4e1138932cfa","6343d08dbb1ab900016b631e"
"5cda98200e0d4e1138932cfa","6343d2743d4e620001f17e42"
"5cdc5132e204512863dfeaec","6343ce163337b70001a63d71"
"5cdd4b12e204512863e00067","633d5ba13b75420001f2b92d"
"5ce42eb8e2045165dfc899ec","633d5ba13b75420001f2b92d"
"5ce42eb8e2045165dfc899ec","6343ce163337b70001a63d71"
"5ce7d2cc0e0d4e783f23689a","6343d08dbb1ab900016b631e"
"5ce7d2cc0e0d4e783f23689a","6343d2743d4e620001f17e42"
"5ce853aba7934d3f572d3a3d","6343ced6bb1ab900016b62d2"
"5ce98983a7934d3f572d9447","6343ced6bb1ab900016b62d2"
"5ceaa425e20451507bc515c2","6343ce163337b70001a63d71"
"5ceaf4970e0d4e379c3af524","633d5ba13b75420001f2b92d"
"5ceaf4970e0d4e379c3af524","6343d08dbb1ab900016b631e"
"5ceaf4970e0d4e379c3af524","6343d2743d4e620001f17e42"
"5cf12fb2e204511b3af873ff","633ecc224769100001415f11"
"5cf16aa5e204511b3af8aaea","633ecc224769100001415f11"
"5cf7e629e204514bc86b98a0","633705649797500001eb4162"
"5cfad831a7934d3ac190571f","633dce9fbb1ab90001694ae9"
"5cff7babe204514d2f0026e0","633d5ba13b75420001f2b92d"
"5cffcd7d0e0d4e6b06ed0328","633e090cbb1ab90001696669"
"5d05d5b5e204514d2f033238","6343ced6bb1ab900016b62d2"
"5d0632c80e0d4e6b06efeaef","633d5ba13b75420001f2b92d"
"5d0cea3d0e0d4e528d8fac2b","633ecc224769100001415f11"
"5d10eaeca7934d1677fbcb16","6343ced6bb1ab900016b62d2"
"5d1175fda7934d1677fc04c6","63406c0b14ee2c0001eee375"
"5d1175fda7934d1677fc04c6","6343d7bd3337b70001a63f92"
"5d18856aa7934d1677ff95d8","6343ced6bb1ab900016b62d2"
"5d19eee90e0d4e4c5ba61547","633d5ba13b75420001f2b92d"
"5d1c9d06e2045173b4584bac","633ecc224769100001415f11"
"5d20aaa1e204515102934f18","6343ce163337b70001a63d71"
"5d20aaa1e204515102934f18","6343ced6bb1ab900016b62d2"
"5d2f8585a7934d742f7b653f","6343ced6bb1ab900016b62d2"
"5d32f16ce20451686105a398","6343ced6bb1ab900016b62d2"
"5d32f16ce20451686105a398","6343d08dbb1ab900016b631e"
"5d32f16ce20451686105a398","6343d2743d4e620001f17e42"
"5d34cb4e0e0d4e38a12e0a57","633e9c975b31c30001896bb3"
"5d382dae0e0d4e38a12f7c37","6343d08dbb1ab900016b631e"
"5d382dae0e0d4e38a12f7c37","6343d2743d4e620001f17e42"
"5d3df9850e0d4e38a132ae3c","6343ce163337b70001a63d71"
"5ce68160e204511e74f6c09a","633ecc224769100001415f11"
"5ce68160e204511e74f6c09a","6343ce163337b70001a63d71"
"5cf6c859e204514bc86b74c2","6343ced6bb1ab900016b62d2"
"5cff7438a7934d3dd37cf8e5","633e9c975b31c30001896bb3"
"5d0cb8ffe204512565fb6f18","6343d08dbb1ab900016b631e"
"5d0cb8ffe204512565fb6f18","6343d2743d4e620001f17e42"
"5d0cdf3ca7934d1677fad126","6343ced6bb1ab900016b62d2"
"5d10a0dae204512565fc5a60","6343ced6bb1ab900016b62d2"
"5d10f72ba7934d1677fbcd48","6343ced6bb1ab900016b62d2"
"5d1b25d4a7934d67389fd43c","63432cf33d4e620001f1602f"
"5d2619f3a7934d125d361b26","633ecc224769100001415f11"
"5d2619f3a7934d125d361b26","6343d08dbb1ab900016b631e"
"5d2619f3a7934d125d361b26","6343d2743d4e620001f17e42"
"5d27e09da7934d125d38be6c","6343d08dbb1ab900016b631e"
"5d27e09da7934d125d38be6c","6343d2743d4e620001f17e42"
"5d2893920e0d4e49ec05afad","6343d08dbb1ab900016b631e"
"5d2893920e0d4e49ec05afad","6343d2743d4e620001f17e42"
"5d2ccccfa7934d742f7a2acd","633e9c975b31c30001896bb3"
"5d2e27a0a7934d742f7ad3bb","6343ced6bb1ab900016b62d2"
"5d334172a7934d5b2ec41b0f","62c86525c7a4cb0001d4464f"
"5d34407f0e0d4e38a12dfa08","631f1eddbfe1960001f32a54"
"5d34407f0e0d4e38a12dfa08","633c44853b75420001f26813"
"5d35ef400e0d4e38a12ea29e","6343d08dbb1ab900016b631e"
"5d35ef400e0d4e38a12ea29e","6343d2743d4e620001f17e42"
"5d39847ca7934d5b2ec6037d","6343ced6bb1ab900016b62d2"
"5d47121ce20451225e130598","633e9c975b31c30001896bb3"
"5d47121ce20451225e130598","6343ced6bb1ab900016b62d2"
"5d571bdfa7934d1b7d3d2c54","62c86525c7a4cb0001d4464f"
"5d5793600e0d4e3b06b946d8","6343ced6bb1ab900016b62d2"
"5d596dc2e20451759a218bff","6343d08dbb1ab900016b631e"
"5d596dc2e20451759a218bff","6343d2743d4e620001f17e42"
"5d5a6b4ea7934d4baf28f407","633d5ba13b75420001f2b92d"
"5d5a6b4ea7934d4baf28f407","63406c0b14ee2c0001eee375"
"5d5fd3f6e204517287ba24d4","6343ce163337b70001a63d71"
"5d680310e20451227cb65ead","6343d08dbb1ab900016b631e"
"5d680310e20451227cb65ead","6343d2743d4e620001f17e42"
"5d6b12eda7934d5e92346ce6","633ecc224769100001415f11"
"5d72a53c0e0d4e349d5d783b","633ecc224769100001415f11"
"5d73ef9ae204515657ccf2f0","633d5ba13b75420001f2b92d"
"5d74039de204515657ccf89d","6343d08dbb1ab900016b631e"
"5d74039de204515657ccf89d","6343d2743d4e620001f17e42"
"5d795f4ee204514061ca749a","6343ced6bb1ab900016b62d2"
"5d7a0853a7934d18ba163a57","6343ced6bb1ab900016b62d2"
"5d7a10f3a7934d18ba1679a3","633d5ba13b75420001f2b92d"
"5d7ca994a7934d38faf3eb3a","633e9c975b31c30001896bb3"
"5d8253c4a7934d2e527a62d5","633e9c975b31c30001896bb3"
"5d8319b5e20451539e835ecc","633e9c975b31c30001896bb3"
"5d84275a0e0d4e0aadab987f","633e9c975b31c30001896bb3"
"5d868158a7934d2e527ed199","63400929bb1ab900016a0602"
"5d8a1f6de204511069527528","633d5ba13b75420001f2b92d"
"5d8b41140e0d4e51e5e998b1","63406c0b14ee2c0001eee375"
"5d8de6160e0d4e4b6184d99b","633d5ba13b75420001f2b92d"
"5d8dfecda7934d4b596bef72","633e9c975b31c30001896bb3"
"5d9790e10e0d4e1a4629a2aa","633dbb6e6fc5eb000199fb27"
"5d97afe80e0d4e1a4629b221","633d5ba13b75420001f2b92d"
"5d97afe80e0d4e1a4629b221","6343ced6bb1ab900016b62d2"
"5d9cb549a7934d26f7e21e24","6343ced6bb1ab900016b62d2"
"5d9cecf3e204513f910d5a49","633e9c975b31c30001896bb3"
"5d9f76eaa7934d05644b903f","63406c0b14ee2c0001eee375"
"5d9f76eaa7934d05644b903f","6343d7bd3337b70001a63f92"
"5daf1bf1d30dd06e327c7585","633ecc224769100001415f11"
"5db6c69a39210030f58c1e57","6343ced6bb1ab900016b62d2"
"5db730b9db50c7264487cce5","633d5ba13b75420001f2b92d"
"5dbb7e1bdb50c71440699bea","6343ced6bb1ab900016b62d2"
"5dbccc0ddb50c7144069f7df","63361acf9797500001eb01bf"
"5dbf330dd30dd03367374024","633e090cbb1ab90001696669"
"5dc327223921005d80797fbe","633dce9fbb1ab90001694ae9"
"5dc3307bdb50c72e9ea44fcc","63432cf33d4e620001f1602f"
"5dc34e003921005d8079a734","63432cf33d4e620001f1602f"
"5dc3d23fd30dd04c7618c1e0","633e9c975b31c30001896bb3"
"5dc4b8c03921005d807cea55","633d5ba13b75420001f2b92d"
"5dc59a4edb50c72e9ea7f4d0","633d5ba13b75420001f2b92d"
"5dc59a4edb50c72e9ea7f4d0","63406c0b14ee2c0001eee375"
"5dc8496ed30dd04c761cd61c","6343ced6bb1ab900016b62d2"
"5dcd25b4db50c7388b63b249","63406c0b14ee2c0001eee375"
"5dcd25b4db50c7388b63b249","6343ced6bb1ab900016b62d2"
"5dce779f39210067a3d1a59d","6343ced6bb1ab900016b62d2"
"5dce779f39210067a3d1a59d","6343d08dbb1ab900016b631e"
"5dce779f39210067a3d1a59d","6343d2743d4e620001f17e42"
"5dceff3e39210067a3d225ba","6343ced6bb1ab900016b62d2"
"5dd02dfbdb50c70afe46849f","633d5ba13b75420001f2b92d"
"5dd17818d30dd0271038a00a","6343d08dbb1ab900016b631e"
"5dd17818d30dd0271038a00a","6343d2743d4e620001f17e42"
"5dd3f589d30dd027103913aa","633fe49314ee2c0001eea2e7"
"5dd7f0f0db50c7216fc70687","6343d08dbb1ab900016b631e"
"5dd7f0f0db50c7216fc70687","6343d2743d4e620001f17e42"
"5dd7ff60db50c7216fc70bdb","633e9c975b31c30001896bb3"
"5de5a223d30dd035b48f06a0","63432cf33d4e620001f1602f"
"5de8d0dedb50c741515e44e3","63406c0b14ee2c0001eee375"
"5de8e93fd30dd05cf4d00512","633d5ba13b75420001f2b92d"
"5dec6405db50c7415135681f","63432cf33d4e620001f1602f"
"5df80122d30dd00be94c6020","6343d08dbb1ab900016b631e"
"5df80122d30dd00be94c6020","6343d2743d4e620001f17e42"
"5e0f7493db50c77d9e91d6e7","633d5ba13b75420001f2b92d"
"5e1cd579a7934d1e35b6158e","6343ced6bb1ab900016b62d2"
"5e1e3934d30dd031356e36aa","633d5ba13b75420001f2b92d"
"5e1f9097d30dd0018e059bbb","633fe49314ee2c0001eea2e7"
"5e20de1739210038dfda3f3c","6343d08dbb1ab900016b631e"
"5e20de1739210038dfda3f3c","6343d2743d4e620001f17e42"
"5e2a22c239210046c2262fa3","633e9c975b31c30001896bb3"
"5e2f3869d30dd06c46ade95c","633d5ba13b75420001f2b92d"
"5e331f18d30dd01b10abe9c8","633d557810d35d000159a454"
"5e331f18d30dd01b10abe9c8","633e9c975b31c30001896bb3"
"5e33fcbcd30dd053f8c71446","633d5ba13b75420001f2b92d"
"5e430a2339210038b3363417","6343ce163337b70001a63d71"
"5e430a2339210038b3363417","6343ced6bb1ab900016b62d2"
"5e458d543921003b2c2e8227","633ecc224769100001415f11"
"5e4c4bfa3921007e742fa751","6343ced6bb1ab900016b62d2"
"5e4ee165a7934d062793b0bc","63432cf33d4e620001f1602f"
"5e4ef0d7d30dd026a0b61b36","633d5ba13b75420001f2b92d"
"5e55e5b33921005937df59ee","6343d08dbb1ab900016b631e"
"5e55e5b33921005937df59ee","6343d2743d4e620001f17e42"
"5e56df8dd30dd07541bc6187","6343ce163337b70001a63d71"
"5e5a5a01392100108618066f","633d5ba13b75420001f2b92d"
"5e5c41a1d30dd01f6b1173d9","633e9c975b31c30001896bb3"
"5e5e7a9ba7934d52577860c1","6343d08dbb1ab900016b631e"
"5e5e7a9ba7934d52577860c1","6343d2743d4e620001f17e42"
"5e60d5e9392100605efbcc54","63406c0b14ee2c0001eee375"
"5e613a9d392100773959a06b","6343ced6bb1ab900016b62d2"
"5e629feb39210077395a85e8","6343ced6bb1ab900016b62d2"
"5e62b3c839210077395a8ffa","633e9c975b31c30001896bb3"
"5e667da139210077395be845","633d5ba13b75420001f2b92d"
"5e67c5f1a7934d7d8655adb7","633d557810d35d000159a454"
"5ea00a3445dca6000191f06e","6343ced6bb1ab900016b62d2"
"5ec53c1c41a80500011a6ae1","633d5ba13b75420001f2b92d"
"5ed77a9da699ba0001735934","6343d08dbb1ab900016b631e"
"5ed77a9da699ba0001735934","6343d2743d4e620001f17e42"
"5ed78139a699ba0001735ff3","6343ee193d4e620001f185a4"
"5f2186238f424100019b5491","6343ce163337b70001a63d71"
"5f2efbb1feff3f00019ae05f","633d5ba13b75420001f2b92d"
"5f47e5ad0fd1880001f6e14f","63406c0b14ee2c0001eee375"
"5f5b7957360021000152edb1","633d5ba13b75420001f2b92d"
"5f73a0f98c9994000128a425","6343ce163337b70001a63d71"
"5f73a0f98c9994000128a425","6343ced6bb1ab900016b62d2"
"5f73a0f98c9994000128a425","6343d08dbb1ab900016b631e"
"5f73a0f98c9994000128a425","6343d2743d4e620001f17e42"
"5f8d65240bd09b0001eceaaf","63432cf33d4e620001f1602f"
"5f91ba99b8deaa0001403df1","6343ced6bb1ab900016b62d2"
"5f9485cbf83643000109c153","633e9c975b31c30001896bb3"
"5f9485cbf83643000109c153","63406c0b14ee2c0001eee375"
"5f9bece6cbdfe20001c1565f","633d5ba13b75420001f2b92d"
"5faeeb56b6647100010a0340","6343d08dbb1ab900016b631e"
"5faeeb56b6647100010a0340","6343d2743d4e620001f17e42"
"5fbf6ffed095e500017f5d81","6343ce163337b70001a63d71"
"5fc7c7d8632663000191724e","63406c0b14ee2c0001eee375"
"5fcf7035720e5e0001f34c07","633d5ba13b75420001f2b92d"
"5fda4e4a6f6261000185c5b3","63406c0b14ee2c0001eee375"
"6019a6bbad2dc30001bc52aa","6343ced6bb1ab900016b62d2"
"602f8c3f93a79800010a24d4","633ecc224769100001415f11"
"602f8e28f2652600018834d0","63406c0b14ee2c0001eee375"
"6034193e049053000101cd01","6343ced6bb1ab900016b62d2"
"60354ed5764507000112629f","633e9c975b31c30001896bb3"
"6036bc6bd4f05b00010e8378","6343ced6bb1ab900016b62d2"
"603a7fbd7d06d5000144a364","633e9c975b31c30001896bb3"
"603e415dec521a000189bdc5","63406c0b14ee2c0001eee375"
"60420416ace9600001eac03f","63406c0b14ee2c0001eee375"
"60420d9b71f65e0001197dd0","6343ced6bb1ab900016b62d2"
"604cb21eff1f130001c2180e","6343ced6bb1ab900016b62d2"
"604f3cfeff1f130001c252de","6343ced6bb1ab900016b62d2"
"60593c1a5de5160001935180","6343d08dbb1ab900016b631e"
"60593c1a5de5160001935180","6343d2743d4e620001f17e42"
"6065bd0fe8479b000128b5a3","633e9c975b31c30001896bb3"
"60679bcfe8479b000128f1a2","6343d08dbb1ab900016b631e"
"60679bcfe8479b000128f1a2","6343d2743d4e620001f17e42"
"606878a25c7c1400018cb3a5","62c86525c7a4cb0001d4464f"
"6068b04a1e26fb0001994ca9","6343ced6bb1ab900016b62d2"
"6069113c1e26fb00019953f9","633e9c975b31c30001896bb3"
"606e3101216150000168e0b2","633e9c975b31c30001896bb3"
"608032f722a1f000019bee40","62c86525c7a4cb0001d4464f"
"6084782b061cef000138d695","633ecc224769100001415f11"
"60910cb8f4fb2700015fc83b","6343ced6bb1ab900016b62d2"
"609161b216090800010693d6","633d5ba13b75420001f2b92d"
"609295cc644bc800019c5f55","6343d08dbb1ab900016b631e"
"609295cc644bc800019c5f55","6343d2743d4e620001f17e42"
"609b9d6efa6e510001b3c0f8","6343ced6bb1ab900016b62d2"
"609ceae3a579f10001a128ff","6343ced6bb1ab900016b62d2"
"609d9b3a26f96100016e76dc","63406c0b14ee2c0001eee375"
"609e9f430b63320001cbcd45","6343ced6bb1ab900016b62d2"
"609ee604ebdd67000101fde7","62c86525c7a4cb0001d4464f"
"60a22c430b63320001cc3b72","63406c0b14ee2c0001eee375"
"60ac1399eb19e300019add6f","633ecc224769100001415f11"
"60ac1399eb19e300019add6f","6343ced6bb1ab900016b62d2"
"60acc9183e546a00019f7cb6","633d5ba13b75420001f2b92d"
"60ae1115a4a095000152a82f","6343ced6bb1ab900016b62d2"
"60b18fabac16b90001c63527","633d5ba13b75420001f2b92d"
"60b18fabac16b90001c63527","633e9c975b31c30001896bb3"
"60b5f807008ca5000132028d","6343d08dbb1ab900016b631e"
"60b5f807008ca5000132028d","6343d2743d4e620001f17e42"
"60b60e96008ca50001326c58","6343ced6bb1ab900016b62d2"
"60b671a601e00500018d8774","633dbb6e6fc5eb000199fb27"
"60b76e02e5b13400015c6ca4","6343d08dbb1ab900016b631e"
"60b76e02e5b13400015c6ca4","6343d2743d4e620001f17e42"
"60b79613e5b13400015c8003","62c86525c7a4cb0001d4464f"
"60b8b4ef5c2857000170426c","6343d08dbb1ab900016b631e"
"60b8b4ef5c2857000170426c","6343d2743d4e620001f17e42"
"60c025310f67e50001f37803","62c86525c7a4cb0001d4464f"
"60c4143e1ef1ca0001313dca","62c86525c7a4cb0001d4464f"
"60c7b07c3268f10001654ef6","63432cf33d4e620001f1602f"
"60cbbd5cd2dcd30001aecda1","6343d08dbb1ab900016b631e"
"60cbbd5cd2dcd30001aecda1","6343d2743d4e620001f17e42"
"60cc0855c95c700001fd9e5d","62c86525c7a4cb0001d4464f"
"60ce714fbd6cca0001b94edf","6343ced6bb1ab900016b62d2"
"60d1ed4aec6bf80001549acc","62c86525c7a4cb0001d4464f"
"60d3606f23c6ff0001abf1d0","63432cf33d4e620001f1602f"
"60da2257a84be50001978a10","6343ced6bb1ab900016b62d2"
"60dce2f84ef9190001decb5d","633e9c975b31c30001896bb3"
"60ddb5fa4ef9190001df1a17","633d5ba13b75420001f2b92d"
"60e376a35dffdf0001e3a8b0","633dce9fbb1ab90001694ae9"
"60e4ce8d4172450001bd50d2","63406c0b14ee2c0001eee375"
"60edd10137f85b00015177d5","62c86525c7a4cb0001d4464f"
"60eeeae3c446320001bde772","62c86525c7a4cb0001d4464f"
"60ef687a46b02e0001215821","6343d08dbb1ab900016b631e"
"60ef687a46b02e0001215821","6343d2743d4e620001f17e42"
"60efacb6c446320001be4f2c","62c86525c7a4cb0001d4464f"
"60effcf1c446320001be5e7a","633d5ba13b75420001f2b92d"
"60effcf1c446320001be5e7a","6343ce163337b70001a63d71"
"60f13dfa983fd80001ae3bf7","633dce9fbb1ab90001694ae9"
"60fb0547d25e28000102d345","633d5ba13b75420001f2b92d"
"60fd2601d25e28000103aa1c","6343d7bd3337b70001a63f92"
"61001dc1d5e17f0001c781eb","62c86525c7a4cb0001d4464f"
"610133a4d25e280001052335","633d5ba13b75420001f2b92d"
"610133a4d25e280001052335","6343ced6bb1ab900016b62d2"
"61016a17b6d0600001ed6cc0","633e9c975b31c30001896bb3"
"6104238ca7089c000159cca3","6343d08dbb1ab900016b631e"
"6104238ca7089c000159cca3","6343d2743d4e620001f17e42"
"610448c9a7089c000159ea7b","62c86525c7a4cb0001d4464f"
"6107876db261de000186d80b","63432cf33d4e620001f1602f"
"610a874ad408a60001cd1214","63406c0b14ee2c0001eee375"
"610a874ad408a60001cd1214","6343d08dbb1ab900016b631e"
"610a874ad408a60001cd1214","6343d2743d4e620001f17e42"
"610bb0b6d01e2f0001ea3140","633e9c975b31c30001896bb3"
"610bb0b6d01e2f0001ea3140","6343ced6bb1ab900016b62d2"
"610bca0d3d1dfb00010f6a67","633ecc224769100001415f11"
"610ded17b7dc4d000144f999","6343d5d6bb1ab900016b645b"
"610e6b876c5d50000138aa8e","63406c0b14ee2c0001eee375"
"6110e5b36c5d5000013972e6","633d5ba13b75420001f2b92d"
"6113db1174e6150001da06ab","6343d08dbb1ab900016b631e"
"6113db1174e6150001da06ab","6343d2743d4e620001f17e42"
"6113e78774e6150001da11da","6343d08dbb1ab900016b631e"
"6113e78774e6150001da11da","6343d2743d4e620001f17e42"
"6118d166b7dc4d0001498450","6343d08dbb1ab900016b631e"
"6118d166b7dc4d0001498450","6343d2743d4e620001f17e42"
"61194be8a14c8b0001c94ba8","62c86525c7a4cb0001d4464f"
"611ba556d6423a00011b3b1d","633dbb6e6fc5eb000199fb27"
"611e22ac99170b00013a6aa7","6343ced6bb1ab900016b62d2"
"611e52a3cc97340001acbb81","633d5ba13b75420001f2b92d"
"611ed515cc97340001ad0d17","633ac71ec8990800018a60e9"
"611ed515cc97340001ad0d17","6343ced6bb1ab900016b62d2"
"6120f4d48d4ce30001f663e5","633e9c975b31c30001896bb3"
"61229f532ef4ed0001cfb029","633d5ba13b75420001f2b92d"
"612658221b8cc70001deb28b","6343ced6bb1ab900016b62d2"
"6127610121f55900012d37fb","6343ce163337b70001a63d71"
"6128220bcad1b70001d0dbeb","63406c0b14ee2c0001eee375"
"612852bacad1b70001d0ec02","63406c0b14ee2c0001eee375"
"6128797c21f55900012dcf1b","633dce9fbb1ab90001694ae9"
"612927861b8cc70001e0251d","6343ced6bb1ab900016b62d2"
"612d3cbd1b8cc70001e1eca6","633e9b8f5b31c30001896b54"
"612fc746cfb74d000129e382","633d5ba13b75420001f2b92d"
"612fc746cfb74d000129e382","6343ce163337b70001a63d71"
"612fc746cfb74d000129e382","6343d08dbb1ab900016b631e"
"612fc746cfb74d000129e382","6343d2743d4e620001f17e42"
"612fefcf3b31ce00013ba551","63406c0b14ee2c0001eee375"
"541b22692325b41297005376","633d5ba13b75420001f2b92d"
"541b22692325b41297005376","6343ce163337b70001a63d71"
"541de44d2325b41297008082","633d5ba13b75420001f2b92d"
"5429850d63051f1e2a006b46","633d5ba13b75420001f2b92d"
"544d4cf863051f6ebf003958","633d5ba13b75420001f2b92d"
"544d4cf863051f6ebf003958","6343d08dbb1ab900016b631e"
"544d4cf863051f6ebf003958","6343d2743d4e620001f17e42"
"546298a863051f65ff0034bd","6343ced6bb1ab900016b62d2"
"5463322063051f65ff003709","6343ced6bb1ab900016b62d2"
"549984092325b406090028f3","63406c0b14ee2c0001eee375"
"54bd601763051f7792006459","633e9c975b31c30001896bb3"
"54c8a85463051f313400245a","633d5ba13b75420001f2b92d"
"54daa2862325b4453400e86d","6343ced6bb1ab900016b62d2"
"54e25df12325b46320000192","63406c0b14ee2c0001eee375"
"54e25df12325b46320000192","6343ced6bb1ab900016b62d2"
"54e500149bf7e85ea3005fbb","63406c0b14ee2c0001eee375"
"54e5c65863051f22d30074e7","633ecc224769100001415f11"
"54e5c65863051f22d30074e7","63406c0b14ee2c0001eee375"
"54e5c65863051f22d30074e7","6343ced6bb1ab900016b62d2"
"54f30594f01b30601600d403","6343ce163337b70001a63d71"
"54f72f102325b45490000452","633d5ba13b75420001f2b92d"
"54f72f102325b45490000452","633e9c975b31c30001896bb3"
"54f72f102325b45490000452","6343ced6bb1ab900016b62d2"
"550b4f9b2325b418d30035cd","6343d08dbb1ab900016b631e"
"550b4f9b2325b418d30035cd","6343d2743d4e620001f17e42"
"550c170363051f53a900474d","633ecc224769100001415f11"
"550c170363051f53a900474d","6343ced6bb1ab900016b62d2"
"550ebaf663051f0335002717","6343ced6bb1ab900016b62d2"
"55194a382325b475280003fd","633d5ba13b75420001f2b92d"
"55194a382325b475280003fd","6343d08dbb1ab900016b631e"
"55194a382325b475280003fd","6343d2743d4e620001f17e42"
"5521d77163051f323d0084f2","63406c0b14ee2c0001eee375"
"55413ed52325b424d7002628","633d5ba13b75420001f2b92d"
"555bc7b963051f533200100c","633d5ba13b75420001f2b92d"
"5561e7f92325b4322e00c1b2","6343ced6bb1ab900016b62d2"
"5569b7a92325b426f7001a55","6343d08dbb1ab900016b631e"
"5569b7a92325b426f7001a55","6343d2743d4e620001f17e42"
"556f16a563051f65450007cb","63406c0b14ee2c0001eee375"
"5580563e63051f4398006913","63406c0b14ee2c0001eee375"
"5580563e63051f4398006913","6343ced6bb1ab900016b62d2"
"5586890e63051f439800f5d5","6343ced6bb1ab900016b62d2"
"5592990d2325b47821002be1","6343d08dbb1ab900016b631e"
"5592990d2325b47821002be1","6343d2743d4e620001f17e42"
"55a43eca63051f0d890119fc","6343ced6bb1ab900016b62d2"
"55cdd8ab9bf7e82e77002924","6343ce163337b70001a63d71"
"55cdd8ab9bf7e82e77002924","6343d08dbb1ab900016b631e"
"55cdd8ab9bf7e82e77002924","6343d2743d4e620001f17e42"
"55d3b31d9bf7e839330056f1","6343ce163337b70001a63d71"
"55d4842863051f7ddf007018","63406c0b14ee2c0001eee375"
"55df5468cc11fa23f6001f8c","6343ced6bb1ab900016b62d2"
"55e57c8e9bf7e87223002ef5","633d5ba13b75420001f2b92d"
"55ef659d104ec8691a003217","633d5ba13b75420001f2b92d"
"55f06e2de648c0021b004072","6343fc833d4e620001f189de"
"55f16a8b63051f542f0060ab","63406c0b14ee2c0001eee375"
"55f16a8b63051f542f0060ab","6343d08dbb1ab900016b631e"
"55f16a8b63051f542f0060ab","6343d2743d4e620001f17e42"
"55f1a9ab9bf7e83858005c6e","633e9c975b31c30001896bb3"
"55f601d82325b46c9f01242c","633d5ba13b75420001f2b92d"
"55fc124663051f08d6000602","63406c0b14ee2c0001eee375"
"55fc124663051f08d6000602","6343ced6bb1ab900016b62d2"
"5617b8d1e648c05a0ee65394","63406c0b14ee2c0001eee375"
"5621020a63051f0ebe9f5d20","633e9c975b31c30001896bb3"
"5631f65c63051f068483e840","633d5ba13b75420001f2b92d"
"5631f65c63051f068483e840","633e9c975b31c30001896bb3"
"5637da51f77f304133bb7c09","633d5ba13b75420001f2b92d"
"564277d9e648c0356936257e","6343ced6bb1ab900016b62d2"
"565612a3cc11fa3f94d83116","63406c0b14ee2c0001eee375"
"56632ca1f01b3049fdf05a63","6343ced6bb1ab900016b62d2"
"566570112005895ceea97aa5","633d5ba13b75420001f2b92d"
"566570112005895ceea97aa5","6343ced6bb1ab900016b62d2"
"5689602a63051f790100b99c","61e819f77090ca0001a0b177"
"5689602a63051f790100b99c","6343ced6bb1ab900016b62d2"
"5689602a63051f790100b99c","6343d08dbb1ab900016b631e"
"5689602a63051f790100b99c","6343d2743d4e620001f17e42"
"5692c1f663051f2040001fc8","6343ced6bb1ab900016b62d2"
"569787332005895f0400b796","6343ced6bb1ab900016b62d2"
"5697d8d563051f204000be04","63406c0b14ee2c0001eee375"
"5698ef972005895f04012a46","63406c0b14ee2c0001eee375"
"569a7ed62325b406c801788f","633d5ba13b75420001f2b92d"
"569bcb5ff01b306dec019faa","6343c9963d4e620001f17caf"
"56a1eb6020058946580056f2","633ecc224769100001415f11"
"56b22df42325b43553007444","6343ced6bb1ab900016b62d2"
"56b7d43e2325b41603002ac8","633d5ba13b75420001f2b92d"
"56bd11682325b44ff300aa10","633d5ba13b75420001f2b92d"
"56d0207b2325b42ebe00079f","6343ced6bb1ab900016b62d2"
"56ed2ce32005897f1c00620b","6343ced6bb1ab900016b62d2"
"56efd7e42005892295001d57","6343ced6bb1ab900016b62d2"
"56f6c7d963051f54fa1b76f9","6343ced6bb1ab900016b62d2"
"56f9aa202005893a21211662","633d5ba13b75420001f2b92d"
"56f9aa202005893a21211662","633e9c975b31c30001896bb3"
"56fe2e8b63051f62b50e1e9e","6343ced6bb1ab900016b62d2"
"5704c16520058920a33de849","633ecc224769100001415f11"
"5719c5f763051f59ba60d54e","633e9c975b31c30001896bb3"
"5721dbc12325b4768dda842c","633ecc224769100001415f11"
"572988cf63051f47af89881d","633d5ba13b75420001f2b92d"
"572c83a92325b4077540833f","6343d08dbb1ab900016b631e"
"572c83a92325b4077540833f","6343d2743d4e620001f17e42"
"5730c74463051f31826a00e7","633d5ba13b75420001f2b92d"
"57322fe92325b4134b257539","6343ced6bb1ab900016b62d2"
"5733a4b92325b4134b25d33f","6343ced6bb1ab900016b62d2"
"5736ea742005890a1656fdc1","61e819f77090ca0001a0b177"
"574064d62325b422b9c3f449","633e9c975b31c30001896bb3"
"57447acf2325b422b9c4a978","633ecc224769100001415f11"
"574604212325b40ccb5e45ab","6343ced6bb1ab900016b62d2"
"57461d6763051f6f289b9866","633d5ba13b75420001f2b92d"
"574c54952325b40ccb5f67c8","633ecc224769100001415f11"
"574e146763051f798407ad09","63406c0b14ee2c0001eee375"
"574e146763051f798407ad09","6343ced6bb1ab900016b62d2"
"5762b1e463051f1dbc3048f0","633e9c975b31c30001896bb3"
"577f467d20058979946cfe68","6343ce163337b70001a63d71"
"578377c02325b47b244e1a9b","633ecc224769100001415f11"
"578408a763051f030dca720d","633d5ba13b75420001f2b92d"
"57865a5c2325b47b244eaae2","633ecc224769100001415f11"
"578f31102005893474c134a7","6343ced6bb1ab900016b62d2"
"578ff0592005893474c17e53","633d5ba13b75420001f2b92d"
"578ff0592005893474c17e53","633e9c975b31c30001896bb3"
"578ff0592005893474c17e53","63406c0b14ee2c0001eee375"
"579af96c63051f76eae3a0a4","633e9c975b31c30001896bb3"
"579f819763051f48e4cae6a7","633d5ba13b75420001f2b92d"
"57a874442005896663c49e29","6343d08dbb1ab900016b631e"
"57a874442005896663c49e29","6343d2743d4e620001f17e42"
"57a9d7ab2325b419add49a00","6343ced6bb1ab900016b62d2"
"57ab63da2005896663c535d1","6343ced6bb1ab900016b62d2"
"57ac49fb2005896663c55819","633d5ba13b75420001f2b92d"
"57b351aa2005896663c68cdd","63406c0b14ee2c0001eee375"
"57b77f462005896663c76625","6343ced6bb1ab900016b62d2"
"57bef4a72325b461b72c148e","633e9b8f5b31c30001896b54"
"57bf4f1f2325b461b72c5427","633e9c975b31c30001896bb3"
"57c020e32325b461b72c943a","633e9c975b31c30001896bb3"
"57c239cf200589511feda9f5","6343ced6bb1ab900016b62d2"
"57c89c5663051f5a5b71a9c4","63406c0b14ee2c0001eee375"
"57c8d48663051f5a5b71b9db","633ecc224769100001415f11"
"57c9814063051f5a5b720d6f","6343d08dbb1ab900016b631e"
"57c9814063051f5a5b720d6f","6343d2743d4e620001f17e42"
"57cde8f22325b4681cac391a","6343d08dbb1ab900016b631e"
"57cde8f22325b4681cac391a","6343d2743d4e620001f17e42"
"57d1560a2325b4681cad2557","6343ced6bb1ab900016b62d2"
"57d17a1a63051f5a5b7411f6","633e9c975b31c30001896bb3"
"57d283ca2005895c20b45666","63406c0b14ee2c0001eee375"
"57d5540d63051f5a5b7535b0","633e9c975b31c30001896bb3"
"57d7c26a2005895c20b5cc4b","633d5ba13b75420001f2b92d"
"57d99f652325b467ffee6cb2","6343ced6bb1ab900016b62d2"
"57da8e8663051f3b74b15c89","63406c0b14ee2c0001eee375"
"57da91df63051f3b74b15eab","63406c0b14ee2c0001eee375"
"57da91df63051f3b74b15eab","6343ced6bb1ab900016b62d2"
"57dafb952005893b7fe059bd","633e9c975b31c30001896bb3"
"57dbb34f63051f3b74b1e2de","6343ced6bb1ab900016b62d2"
"57e19dd62005893b7fe2de3b","633d5ba13b75420001f2b92d"
"57e281802005893b7fe31e64","633ecc224769100001415f11"
"57e281802005893b7fe31e64","6343ce163337b70001a63d71"
"57e281802005893b7fe31e64","6343ced6bb1ab900016b62d2"
"57e281802005893b7fe31e64","6343d08dbb1ab900016b631e"
"57e281802005893b7fe31e64","6343d2743d4e620001f17e42"
"57e3ff1d63051f3b74b523ac","63406c0b14ee2c0001eee375"
"57e7cd852325b42c5f2ad120","63406c0b14ee2c0001eee375"
"57e8fac463051f3b74b65d15","63406c0b14ee2c0001eee375"
"57f94eb520058924a10e2341","6343ced6bb1ab900016b62d2"
"57ffaa2963051f6eba266d56","633e9c975b31c30001896bb3"
"58027e5a63051f2bdec8e736","6343ce163337b70001a63d71"
"58079a252325b43c9746715f","63406c0b14ee2c0001eee375"
"580a102a2325b425fff9fc34","633e9c975b31c30001896bb3"
"580bdabc2005896fdfa72574","633d5ba13b75420001f2b92d"
"5813b27e63051f3f6c537c86","6343ced6bb1ab900016b62d2"
"5814a6f22005896fdfa9ee3e","633d5ba13b75420001f2b92d"
"5814a6f22005896fdfa9ee3e","6343d08dbb1ab900016b631e"
"5814a6f22005896fdfa9ee3e","6343d2743d4e620001f17e42"
"5820be8b2325b41598ebaa91","6343d7bd3337b70001a63f92"
"58261eab2325b467f1f58b36","633d5ba13b75420001f2b92d"
"583416ba8983be62fea4204a","6343ced6bb1ab900016b62d2"
"5834266c8983be62fea46502","633d5ba13b75420001f2b92d"
"583710b88983be62feb2705b","6343ced6bb1ab900016b62d2"
"583d9c602005894f9c4eeef3","6343d08dbb1ab900016b631e"
"583d9c602005894f9c4eeef3","6343d2743d4e620001f17e42"
"5841e30a2005894f9c5071d0","633d5ba13b75420001f2b92d"
"5841e30a2005894f9c5071d0","6343d08dbb1ab900016b631e"
"5841e30a2005894f9c5071d0","6343d2743d4e620001f17e42"
"584368182325b4661336f0a0","633d5ba13b75420001f2b92d"
"584460d02005894f9c50eb2d","633d5ba13b75420001f2b92d"
"58454c072325b466133742f9","6343ced6bb1ab900016b62d2"
"5845c6f18983be62fe0a660c","633e9c975b31c30001896bb3"
"584dafcd8983be62fe42f565","6343ced6bb1ab900016b62d2"
"584ea3758983be62fe43ab82","633ecc224769100001415f11"
"58546e7f8983be62fe67a478","633d5ba13b75420001f2b92d"
"586d6f2a8983be62fecc754e","6343ce163337b70001a63d71"
"586d7ea88983be62fecc7664","63406c0b14ee2c0001eee375"
"586d7ea88983be62fecc7664","6343ced6bb1ab900016b62d2"
"587e323a8983be62fe34bfce","6343ced6bb1ab900016b62d2"
"588119908983be62fe4b769b","633d5ba13b75420001f2b92d"
"588e48368983be62feb0204c","6342ded23d4e620001f14329"
"5890bdf08983be62febb205e","633d5ba13b75420001f2b92d"
"5890bdf08983be62febb205e","6343ce163337b70001a63d71"
"589dbcc88983be62fe1a06db","6343ce163337b70001a63d71"
"58a0aa598983be62fe37176b","6343ce163337b70001a63d71"
"58a62d228983be62fe568889","633e9c975b31c30001896bb3"
"58a6318e8983be62fe5688e3","633e9c975b31c30001896bb3"
"58a7a6d38983be62fe651007","633e9b8f5b31c30001896b54"
"58a7a6d38983be62fe651007","6343c9963d4e620001f17caf"
"58aed5a78983be62fe975777","633d5ba13b75420001f2b92d"
"58b582008983be62fed027e1","6343ce163337b70001a63d71"
"58b9c2be8983be62fee94e1f","633e9c975b31c30001896bb3"
"58b9c2be8983be62fee94e1f","6343ced6bb1ab900016b62d2"
"58bda1bc8983be62fe036dd5","633d5ba13b75420001f2b92d"
"58bef97a8983be62fe0f7b0f","6343ced6bb1ab900016b62d2"
"58c0263c8983be62fe105ce7","6343ced6bb1ab900016b62d2"
"58c98e798983be62fe5a3ccc","6343ced6bb1ab900016b62d2"
"58d177f88983be62fe833583","633e9c975b31c30001896bb3"
"58d1a9fb8983be62fe833aa0","633d5ba13b75420001f2b92d"
"58da27528983be62feb25502","633d5ba13b75420001f2b92d"
"58de93bf8983be62febebfaa","6343ced6bb1ab900016b62d2"
"58e4fa1e8983be62fecfe788","633d5ba13b75420001f2b92d"
"58e6ce048983be62fed72be7","6343ced6bb1ab900016b62d2"
"58eb61bd8983be62fee87976","633d5ba13b75420001f2b92d"
"58ed2e6c8983be62feeb247a","6343ced6bb1ab900016b62d2"
"58f1135b8983be62fef7fe5a","633ecc224769100001415f11"
"58f5010d8983be62fe09ed3f","6343d08dbb1ab900016b631e"
"58f5010d8983be62fe09ed3f","6343d2743d4e620001f17e42"
"58ff82298983be62fe3824f5","633e9c975b31c30001896bb3"
"5904ec368983be07b3e23898","6343ced6bb1ab900016b62d2"
"590636998983be07b3e8eead","633e9c975b31c30001896bb3"
"590636998983be07b3e8eead","63406c0b14ee2c0001eee375"
"591effb58983be07b33a764b","62bd8d7ce2b01d0001549dab"
"5929f0ff8983be07b3797c84","633d5ba13b75420001f2b92d"
"5929f0ff8983be07b3797c84","6343ced6bb1ab900016b62d2"
"5929f0ff8983be07b3797c84","6343d08dbb1ab900016b631e"
"5929f0ff8983be07b3797c84","6343d2743d4e620001f17e42"
"592d25de8983be07b37afde8","63406c0b14ee2c0001eee375"
"592efc8e8983be07b380861f","6343ced6bb1ab900016b62d2"
"5937c90a8983be04c485263c","633d5ba13b75420001f2b92d"
"5937c90a8983be04c485263c","6343ce163337b70001a63d71"
"5941c3578983be27fdd541ac","6343d08dbb1ab900016b631e"
"5941c3578983be27fdd541ac","6343d2743d4e620001f17e42"
"594d25a78983be27fd04f8ea","63406c0b14ee2c0001eee375"
"595cfd1a8983be04bc3f5e51","6343ced6bb1ab900016b62d2"
"595dee598983be04bc41fbaf","6343d08dbb1ab900016b631e"
"595dee598983be04bc41fbaf","6343d2743d4e620001f17e42"
"596cdb668983be04bc735fe3","633d5ba13b75420001f2b92d"
"596ce1158983be04bc73618e","633d5ba13b75420001f2b92d"
"597b2ac58983be04bcb5e1c5","6343ced6bb1ab900016b62d2"
"597cfbf88983be04bcbd856c","6343ce163337b70001a63d71"
"5980ab7e8983be04bcc9e460","6343ced6bb1ab900016b62d2"
"598e08068983be04bc060e9e","633e9c975b31c30001896bb3"
"5999b8e88983be04bc2b9e90","63406c0b14ee2c0001eee375"
"599b20a98983be04bc32d4bd","633705649797500001eb4162"
"599c8a108983be04bc380c6a","63406c0b14ee2c0001eee375"
"59a040d58983be04bc4c0f6f","633e9c975b31c30001896bb3"
"59a2fbca8983be04bc58d1b4","6343ced6bb1ab900016b62d2"
"59a740048983be04bc6887f9","633d5ba13b75420001f2b92d"
"59a740048983be04bc6887f9","6343ced6bb1ab900016b62d2"
"59af3395e204516892b0e0da","63406c0b14ee2c0001eee375"
"59b3e607e204516892b2fea5","6343ced6bb1ab900016b62d2"
"59b568e90e0d4e68f5b3098f","6343ced6bb1ab900016b62d2"
"59bc440da7934d0435dd831e","633e9c975b31c30001896bb3"
"59c42f670e0d4e190f9c1a5e","6342ded23d4e620001f14329"
"59c45f7ee204514864f374be","6343ced6bb1ab900016b62d2"
"59ca15cea7934d57e339da14","633e9c975b31c30001896bb3"
"59ca2135e204513733f3e3b6","6343ced6bb1ab900016b62d2"
"59d247000e0d4e1c0ecb90c2","6343d08dbb1ab900016b631e"
"59d247000e0d4e1c0ecb90c2","6343d2743d4e620001f17e42"
"59d4e422a7934d684624929d","63406c0b14ee2c0001eee375"
"59d51ffea7934d684624c37b","6343d08dbb1ab900016b631e"
"59d51ffea7934d684624c37b","6343d2743d4e620001f17e42"
"59db0bba0e0d4e25aa38e4fe","633d5ba13b75420001f2b92d"
"59dcb9fee204510c8031ed4f","6343d08dbb1ab900016b631e"
"59dcb9fee204510c8031ed4f","6343d2743d4e620001f17e42"
"59dd198ee204510c803245a6","6343ced6bb1ab900016b62d2"
"59de956f0e0d4e2637c21ecb","633e9c975b31c30001896bb3"
"59ea7736a7934d728460edc9","633e9c975b31c30001896bb3"
"59ecc9faa7934d728461bac5","63406c0b14ee2c0001eee375"
"59ecc9faa7934d728461bac5","6343ce163337b70001a63d71"
"59f86990a7934d499cad769c","633d5ba13b75420001f2b92d"
"59fc29f7e20451561bbbe81b","63406c0b14ee2c0001eee375"
"59fded29a7934d499cb0a0c5","633d5ba13b75420001f2b92d"
"5a01b33a0e0d4e66d96404db","63406c0b14ee2c0001eee375"
"5a038bcda7934d22d0f8e443","63432cf33d4e620001f1602f"
"5a04c0cd0e0d4e6e79e3b590","6342ded23d4e620001f14329"
"5a0ac2eee2045172bf8b99e1","633ac71ec8990800018a60e9"
"5a0ac2eee2045172bf8b99e1","633ecc224769100001415f11"
"5a0ac2eee2045172bf8b99e1","6343ced6bb1ab900016b62d2"
"5a14a0a30e0d4e7ca090fa04","633d5ba13b75420001f2b92d"
"5a14a0a30e0d4e7ca090fa04","6343d08dbb1ab900016b631e"
"5a14a0a30e0d4e7ca090fa04","6343d2743d4e620001f17e42"
"5a15889aa7934d7b70ac8d3f","633d5ba13b75420001f2b92d"
"5a16dea8a7934d7b70ad548c","6343ce163337b70001a63d71"
"5a1af131e204516a06bd5052","63406c0b14ee2c0001eee375"
"5a2535e70e0d4e13958f3580","633e9c975b31c30001896bb3"
"5a25e777a7934d6d40268b04","6343ce163337b70001a63d71"
"5a2be0e20e0d4e1926487034","633d5ba13b75420001f2b92d"
"5a2d93a6a7934d4cbf0dd2e1","633d5ba13b75420001f2b92d"
"5a2d93a6a7934d4cbf0dd2e1","6343ced6bb1ab900016b62d2"
"5a2ecb0ee204513a81116799","6343ced6bb1ab900016b62d2"
"5a4ab6010e0d4e7a97468eb3","633d5ba13b75420001f2b92d"
"5a4ab6010e0d4e7a97468eb3","633e9c975b31c30001896bb3"
"5a4ff9680e0d4e252550aa7c","633d5ba13b75420001f2b92d"
"5a50475ea7934d7d9b9c0f19","633e9b8f5b31c30001896b54"
"5a549281a7934d7d9b9d9274","633d5ba13b75420001f2b92d"
"5a56582fe20451353eb8c5be","6343ced6bb1ab900016b62d2"
"5a5cb1be0e0d4e7f30a6ea56","63406c0b14ee2c0001eee375"
"5a5cb1be0e0d4e7f30a6ea56","6343ce163337b70001a63d71"
"5a5f863b0e0d4e073c2e1ce9","633e9c975b31c30001896bb3"
"5a5f977ea7934d2029b8dcd1","6343ced6bb1ab900016b62d2"
"5a6789a20e0d4e2d37ab3230","633d5ba13b75420001f2b92d"
"5a6789a20e0d4e2d37ab3230","6343ce163337b70001a63d71"
"5a6875eae20451657884c0cd","633e9c975b31c30001896bb3"
"5a68e743a7934d796c6e696c","63406c0b14ee2c0001eee375"
"5a691982a7934d796c6e9249","633e9c975b31c30001896bb3"
"5a691982a7934d796c6e9249","6343ced6bb1ab900016b62d2"
"5a78b7cba7934d139e5974ce","63406c0b14ee2c0001eee375"
"5a7a1a8a0e0d4e718ba5d60d","633e9b8f5b31c30001896b54"
"5a7cdc2ce204512e2ce20809","6343d08dbb1ab900016b631e"
"5a7cdc2ce204512e2ce20809","6343d2743d4e620001f17e42"
"5a7f1ba2e204512e2ce271ff","633d5ba13b75420001f2b92d"
"5a8185f30e0d4e584ebcd480","6342ded23d4e620001f14329"
"5a91a20fa7934d276da416fb","633e9c975b31c30001896bb3"
"5a91a20fa7934d276da416fb","6343ced6bb1ab900016b62d2"
"5a91a20fa7934d276da416fb","6343ebed3337b70001a6452b"
"5aa3992ea7934d636a0e3964","6343ce163337b70001a63d71"
"5aa58c86e2045116318928e7","6343d08dbb1ab900016b631e"
"5aa58c86e2045116318928e7","6343d2743d4e620001f17e42"
"5aab75270e0d4e40ceb49ca5","6343ced6bb1ab900016b62d2"
"5ab0e057e204513f80e56b49","6343ce163337b70001a63d71"
"5ab149b50e0d4e34d402ee65","63432cf33d4e620001f1602f"
"5ab26d31e20451430e5c107c","6343ced6bb1ab900016b62d2"
"5ab4cba8a7934d4ef7e1d158","6343d08dbb1ab900016b631e"
"5ab4cba8a7934d4ef7e1d158","6343d2743d4e620001f17e42"
"5ab63003e204514c450e936c","633e9c975b31c30001896bb3"
"5acb5b720e0d4e48c662f946","633d5ba13b75420001f2b92d"
"5ad29abea7934d75f30e2411","6343ced6bb1ab900016b62d2"
"5ad4a9630e0d4e172f2b5a80","633e9c975b31c30001896bb3"
"5ad4ecbe0e0d4e172f2b66f0","63406c0b14ee2c0001eee375"
"5ad4ecbe0e0d4e172f2b66f0","6343ced6bb1ab900016b62d2"
"5ad54e740e0d4e172f2b71dd","63432cf33d4e620001f1602f"
"5ad5e6600e0d4e172f2bba52","6343ced6bb1ab900016b62d2"
"5ad5e6600e0d4e172f2bba52","6343d08dbb1ab900016b631e"
"5ad5e6600e0d4e172f2bba52","6343d2743d4e620001f17e42"
"5ad6291d0e0d4e172f2bc3d2","6343ce163337b70001a63d71"
"5ad6291d0e0d4e172f2bc3d2","6343d08dbb1ab900016b631e"
"5ad6291d0e0d4e172f2bc3d2","6343d2743d4e620001f17e42"
"5adb98930e0d4e172f2eecc6","6343d08dbb1ab900016b631e"
"5adb98930e0d4e172f2eecc6","6343d2743d4e620001f17e42"
"5ae63bd70e0d4e18504a9b69","6343ced6bb1ab900016b62d2"
"5af224f0a7934d0d74e25b4b","633d5ba13b75420001f2b92d"
"5afe965e0e0d4e6dfb2f854d","633d5ba13b75420001f2b92d"
"5b0dac36a7934d494ae5c0ab","6343ce163337b70001a63d71"
"5b0dac36a7934d494ae5c0ab","6343d7bd3337b70001a63f92"
"5b12dd68a7934d59adc1f3a5","633d5ba13b75420001f2b92d"
"5b18f1470e0d4e2387c82772","6343ced6bb1ab900016b62d2"
"5b198a89e204514720f737fa","61e819f77090ca0001a0b177"
"5b198a89e204514720f737fa","633d5ba13b75420001f2b92d"
"5b1a13440e0d4e2387c86446","62c86525c7a4cb0001d4464f"
"5b1a70f1e204514611459a83","6343ced6bb1ab900016b62d2"
"5b203e500e0d4e4ef576b9e4","633d5ba13b75420001f2b92d"
"5b225ef5e204513dc8049892","633e9c975b31c30001896bb3"
"5b3563bbe2045177c848d65c","6343ced6bb1ab900016b62d2"
"5b3b78220e0d4e7c5f517bee","63406c0b14ee2c0001eee375"
"5b497d740e0d4e3ba7b6258b","63432cf33d4e620001f1602f"
"5b49f434a7934d01754357e5","633d5ba13b75420001f2b92d"
"5b49f434a7934d01754357e5","6343d08dbb1ab900016b631e"
"5b49f434a7934d01754357e5","6343d2743d4e620001f17e42"
"5b4f1cdfa7934d643114e1d5","6343ced6bb1ab900016b62d2"
"5b4f755d0e0d4e191148e559","633ecc224769100001415f11"
"5b4f755d0e0d4e191148e559","6343ced6bb1ab900016b62d2"
"5b536711a7934d6828246f07","6343ced6bb1ab900016b62d2"
"5b54457d0e0d4e589363bdfb","6343ced6bb1ab900016b62d2"
"5b5768fa0e0d4e38fb76b896","6343ced6bb1ab900016b62d2"
"5b5cbd71a7934d2ffa051b5a","6343ced6bb1ab900016b62d2"
"5b6ef22fe204510e0019f449","63406c0b14ee2c0001eee375"
"5b7f2237a7934d4d4cb4d376","633e9c975b31c30001896bb3"
"5b8324f8e20451215514296c","6343d7bd3337b70001a63f92"
"5b88e39ee20451215515fcf3","63406c0b14ee2c0001eee375"
"5b88fcd2e20451215515ff16","6343d08dbb1ab900016b631e"
"5b88fcd2e20451215515ff16","6343d2743d4e620001f17e42"
"5b8d09d3e2045167f1eb6b3a","6343ced6bb1ab900016b62d2"
"5b9562a50e0d4e77db5423ce","633ecc224769100001415f11"
"5b9587d80e0d4e77db542819","633dce9fbb1ab90001694ae9"
"5b9cfbe9e204512c4009e4bb","6343ced6bb1ab900016b62d2"
"5b9d05910e0d4e37b0dc07b3","63406c0b14ee2c0001eee375"
"5b9d05910e0d4e37b0dc07b3","6343ced6bb1ab900016b62d2"
"5ba25f29e204513eb83ceb0a","633d5ba13b75420001f2b92d"
"5ba25f29e204513eb83ceb0a","6343ced6bb1ab900016b62d2"
"5ba2d470e204513eb83d1c82","63406c0b14ee2c0001eee375"
"5ba2d470e204513eb83d1c82","6343ced6bb1ab900016b62d2"
"5ba3f8a50e0d4e744eb4387e","633d5ba13b75420001f2b92d"
"5ba95e2d0e0d4e651a7b29bd","6343d08dbb1ab900016b631e"
"5ba95e2d0e0d4e651a7b29bd","6343d2743d4e620001f17e42"
"5babd3e5a7934d1309a4abf8","63406c0b14ee2c0001eee375"
"5babf84fa7934d1309a4b1ee","633e9c975b31c30001896bb3"
"5badfe4da7934d333866b8f9","6343d08dbb1ab900016b631e"
"5badfe4da7934d333866b8f9","6343d2743d4e620001f17e42"
"5baf3410a7934d04162b67ed","63406c0b14ee2c0001eee375"
"5bb4c2e1e204512b82c45c54","633e9b8f5b31c30001896b54"
"5bb672400e0d4e07a0ffd43d","6343ced6bb1ab900016b62d2"
"5bbbc1e2a7934d358b2ca73c","63406c0b14ee2c0001eee375"
"5bbbd20ca7934d358b2ca97f","633d5ba13b75420001f2b92d"
"5bbf8727e2045164a39d30aa","633e9c975b31c30001896bb3"
"5bc300dda7934d1d2fd6c717","6343d08dbb1ab900016b631e"
"5bc300dda7934d1d2fd6c717","6343d2743d4e620001f17e42"
"5bc49c7f0e0d4e176a3f9ea3","6343ced6bb1ab900016b62d2"
"5bc4f99ee2045147e3f6d9a1","63406c0b14ee2c0001eee375"
"5bca01fda7934d5c7d00ef2b","63406c0b14ee2c0001eee375"
"5bce18b60e0d4e27e3483fbb","6343cafe3337b70001a63cf9"
"5bd09dd7e204512a422f06e5","633d5ba13b75420001f2b92d"
"5bd09dd7e204512a422f06e5","6343d08dbb1ab900016b631e"
"5bd09dd7e204512a422f06e5","6343d2743d4e620001f17e42"
"5bd0c5bfe204517697f806a0","633e9c975b31c30001896bb3"
"5bd4944be204517697fa0aaf","6343cafe3337b70001a63cf9"
"5bd4944be204517697fa0aaf","6343fc833d4e620001f189de"
"5bd61d830e0d4e68332d2a97","633d5ba13b75420001f2b92d"
"5bd61d830e0d4e68332d2a97","63406c0b14ee2c0001eee375"
"5bd9e243e204517e0c180179","63432cf33d4e620001f1602f"
"5bdc73d7a7934d3002e866ad","633d5ba13b75420001f2b92d"
"5bdc73d7a7934d3002e866ad","633e9c975b31c30001896bb3"
"5be43baf0e0d4e4ff5b5eede","633ecc224769100001415f11"
"5be43baf0e0d4e4ff5b5eede","63406c0b14ee2c0001eee375"
"5be43baf0e0d4e4ff5b5eede","6343ced6bb1ab900016b62d2"
"5be9671ba7934d3bce546f43","633e9c975b31c30001896bb3"
"5bed02040e0d4e7d39bb8f87","63432cf33d4e620001f1602f"
"5beff04de20451358fb343a0","633e9c975b31c30001896bb3"
"5c03bef6a7934d031fe907c0","633d5ba13b75420001f2b92d"
"5c0ab8c8e204514570242f9b","6343ced6bb1ab900016b62d2"
"5c1396660e0d4e387eaa6d5f","6343d08dbb1ab900016b631e"
"5c1396660e0d4e387eaa6d5f","6343d2743d4e620001f17e42"
"5c2686710e0d4e3c5309524e","633d5ba13b75420001f2b92d"
"5c3527d0e204517ea45e2fcc","631f1eddbfe1960001f32a54"
"5c3527d0e204517ea45e2fcc","633c44853b75420001f26813"
"5c3eb6330e0d4e42d9202083","633dce9fbb1ab90001694ae9"
"5c4ae52de2045141f8cd4781","6343d08dbb1ab900016b631e"
"5c4ae52de2045141f8cd4781","6343d2743d4e620001f17e42"
"5c4c7ec40e0d4e71487c6978","63406c0b14ee2c0001eee375"
"5c4f5808a7934d0ec435fd45","6343d08dbb1ab900016b631e"
"5c4f5808a7934d0ec435fd45","6343d2743d4e620001f17e42"
"5c50593ca7934d0ec4362dc3","633d5ba13b75420001f2b92d"
"5c514c0b0e0d4e71487d01a1","633e9c975b31c30001896bb3"
"5c5318e10e0d4e71487d47b1","633d5ba13b75420001f2b92d"
"5c5318e10e0d4e71487d47b1","6343d08dbb1ab900016b631e"
"5c5318e10e0d4e71487d47b1","6343d2743d4e620001f17e42"
"5c5acbfca7934d05a931abe7","633e9c975b31c30001896bb3"
"5c5acbfca7934d05a931abe7","63406c0b14ee2c0001eee375"
"5c5b28f9e204512d6e87e12e","633d557810d35d000159a454"
"5c5b698da7934d6fb9662043","633d5ba13b75420001f2b92d"
"5c5f2934a7934d6fb9683b00","6343ce163337b70001a63d71"
"5c6323a50e0d4e5561991a8e","633e9c975b31c30001896bb3"
"5c64ad1fa7934d6fb9698044","63406c0b14ee2c0001eee375"
"5c65ca020e0d4e55619a2b43","6343d08dbb1ab900016b631e"
"5c65ca020e0d4e55619a2b43","6343d2743d4e620001f17e42"
"5c6f0878e204516b56091e1a","633e9c975b31c30001896bb3"
"5c7cf7c0e204516009e1b39a","6343ce163337b70001a63d71"
"5c7cf7c0e204516009e1b39a","6343d08dbb1ab900016b631e"
"5c7cf7c0e204516009e1b39a","6343d2743d4e620001f17e42"
"5c87d6a4a7934d5c3ebfd3cf","633e9c975b31c30001896bb3"
"5c90fb7fa7934d68be909f11","62c86525c7a4cb0001d4464f"
"5c98e2500e0d4e453e930f28","6343d08dbb1ab900016b631e"
"5c98e2500e0d4e453e930f28","6343d2743d4e620001f17e42"
"5c9a44a30e0d4e49503d350a","633705649797500001eb4162"
"5c9bfd1fa7934d38e4419d65","6343d08dbb1ab900016b631e"
"5c9bfd1fa7934d38e4419d65","6343d2743d4e620001f17e42"
"5c9ebcefe204516d4dfab5d2","633d5ba13b75420001f2b92d"
"5c9ebcefe204516d4dfab5d2","6343ce163337b70001a63d71"
"5c9f3f86a7934d38e44395c7","6343ced6bb1ab900016b62d2"
"5cb784f10e0d4e16e7844861","633dce9fbb1ab90001694ae9"
"5cc0a051e204510b64281eca","6343ced6bb1ab900016b62d2"
"5cc319c9e204510b6429f425","6343fc833d4e620001f189de"
"5cc6bcdfa7934d7785a7242d","63406c0b14ee2c0001eee375"
"5cd16df90e0d4e04e6212e19","6342ded23d4e620001f14329"
"5cd1a433a7934d6d841f5cf2","63406c0b14ee2c0001eee375"
"5cd2b75c0e0d4e3500cc2db5","633d5ba13b75420001f2b92d"
"5cd43040a7934d279a979ae5","63406c0b14ee2c0001eee375"
"5cd43040a7934d279a979ae5","6343ced6bb1ab900016b62d2"
"5cd5dee2e204517b0a736624","633ecc224769100001415f11"
"5cd950880e0d4e11389302f1","63406c0b14ee2c0001eee375"
"5cdd75c8a7934d17b798eeb5","633ecc224769100001415f11"
"5cdd75c8a7934d17b798eeb5","6343ce163337b70001a63d71"
"5cdeb3fae20451714c8152db","6343ced6bb1ab900016b62d2"
"5cdeb3fae20451714c8152db","6343d08dbb1ab900016b631e"
"5cdeb3fae20451714c8152db","6343d2743d4e620001f17e42"
"5ce6962fe204511e74f808dc","6343d08dbb1ab900016b631e"
"5ce6962fe204511e74f808dc","6343d2743d4e620001f17e42"
"5ce7eab8e204511e74fa0b46","6343ced6bb1ab900016b62d2"
"5ce80c85a7934d3f572d230b","63406c0b14ee2c0001eee375"
"5ce80c85a7934d3f572d230b","6343ced6bb1ab900016b62d2"
"5cec44b1e204512b20be1519","6343d8d03d4e620001f17fbd"
"5cf0012b0e0d4e0e3ffdc45c","63406c0b14ee2c0001eee375"
"5cf0012b0e0d4e0e3ffdc45c","6343d08dbb1ab900016b631e"
"5cf0012b0e0d4e0e3ffdc45c","6343d2743d4e620001f17e42"
"5cf560aba7934d3ac18d953e","633e9c975b31c30001896bb3"
"5cf560aba7934d3ac18d953e","6343ced6bb1ab900016b62d2"
"5cf560aba7934d3ac18d953e","6343d08dbb1ab900016b631e"
"5cf560aba7934d3ac18d953e","6343d2743d4e620001f17e42"
"5cfa199a0e0d4e4630c6ded4","633e9c975b31c30001896bb3"
"5cfa487be204514bc86dc4a2","6343ced6bb1ab900016b62d2"
"5d04012fe204514d2f02c1c3","6343ce163337b70001a63d71"
"5d0b91f1a7934d2b06257996","63406c0b14ee2c0001eee375"
"5d1925050e0d4e528d947784","633ecc224769100001415f11"
"5d1925050e0d4e528d947784","6343ced6bb1ab900016b62d2"
"5d1a4918a7934d67389f9b4f","633dce9fbb1ab90001694ae9"
"5d1a5e5ca7934d67389fbe2e","633d5ba13b75420001f2b92d"
"5d1c8e24a7934d6738a056b3","63406c0b14ee2c0001eee375"
"5d1c8e8de2045173b4584757","633e9c975b31c30001896bb3"
"5d1c9290a7934d6738a0588d","633d5ba13b75420001f2b92d"
"5d1cf340a7934d6738a134b0","633d5ba13b75420001f2b92d"
"5d1d2d68e2045173b459269b","6343d08dbb1ab900016b631e"
"5d1d2d68e2045173b459269b","6343d2743d4e620001f17e42"
"5d1f7b190e0d4e73086f6bae","633e9c975b31c30001896bb3"
"5d29b2200e0d4e49ec05fa61","6343ced6bb1ab900016b62d2"
"5d30e485a7934d5b2ec39e14","633d5ba13b75420001f2b92d"
"5d30e485a7934d5b2ec39e14","6343ced6bb1ab900016b62d2"
"5d37199e0e0d4e38a12efd70","6343d08dbb1ab900016b631e"
"5d37199e0e0d4e38a12efd70","6343d2743d4e620001f17e42"
"5d3dde06e2045168610aabaf","633ecc224769100001415f11"
"5d3dde06e2045168610aabaf","6343ced6bb1ab900016b62d2"
"5d455b52a7934d12917d0444","6343ced6bb1ab900016b62d2"
"5d4db22ce204513817b78b41","634041f2bb1ab900016a1eeb"
"5d5065a5a7934d16d1a19cfb","633ecc224769100001415f11"
"5d5065a5a7934d16d1a19cfb","6343ced6bb1ab900016b62d2"
"5d53cec9a7934d3b644669a0","633d5ba13b75420001f2b92d"
"5d62d4cda7934d4bebc49550","63432cf33d4e620001f1602f"
"5d683e2fe20451227cb67ef8","62c86525c7a4cb0001d4464f"
"5d692e93e20451227cb6e37f","6343ced6bb1ab900016b62d2"
"5d6ad6770e0d4e3dd6e12335","63406c0b14ee2c0001eee375"
"5d6ad6770e0d4e3dd6e12335","6343ced6bb1ab900016b62d2"
"5d6bdf5d0e0d4e3dd6e14aa9","6343d08dbb1ab900016b631e"
"5d6bdf5d0e0d4e3dd6e14aa9","6343d2743d4e620001f17e42"
"5d6c0d58e20451227cb809ab","6343d08dbb1ab900016b631e"
"5d6c0d58e20451227cb809ab","6343d2743d4e620001f17e42"
"5d6d19bda7934d5e9234b9d5","6343d08dbb1ab900016b631e"
"6058f3115de5160001934c11","633d5ba13b75420001f2b92d"
"605b64a3fd64020001a89c09","6343ced6bb1ab900016b62d2"
"605b64a3fd64020001a89c09","6343d08dbb1ab900016b631e"
"605b64a3fd64020001a89c09","6343d2743d4e620001f17e42"
"606348712b540c0001e7064c","62c86525c7a4cb0001d4464f"
"606c2b9a1e26fb0001997bd4","633d5ba13b75420001f2b92d"
"607d3a016a4e65000193f470","633dbb6e6fc5eb000199fb27"
"6081651ffb7a1c000174eae8","6343d08dbb1ab900016b631e"
"6081651ffb7a1c000174eae8","6343d2743d4e620001f17e42"
"60834a0b061cef000138c3a4","6343ced6bb1ab900016b62d2"
"60849a7c061cef000138d981","62c86525c7a4cb0001d4464f"
"6087e5c5a1923b0001485945","633e9c975b31c30001896bb3"
"60887630a1923b0001486830","633e9c975b31c30001896bb3"
"608b7f2a1a90700001754680","62c86525c7a4cb0001d4464f"
"60909577f4fb2700015fc35d","62c86525c7a4cb0001d4464f"
"609149fa160908000106911d","62c86525c7a4cb0001d4464f"
"60a686f1eb56a90001661f61","6343d08dbb1ab900016b631e"
"60a686f1eb56a90001661f61","6343d2743d4e620001f17e42"
"60ae9c93a4a095000152d212","62c86525c7a4cb0001d4464f"
"60b5ff06ae064e0001f271db","6343d08dbb1ab900016b631e"
"60b5ff06ae064e0001f271db","6343d2743d4e620001f17e42"
"60b673960c5bac0001bcd24a","62c86525c7a4cb0001d4464f"
"60b68c820c5bac0001bcefa5","6343d08dbb1ab900016b631e"
"60b68c820c5bac0001bcefa5","6343d2743d4e620001f17e42"
"60bfa31bc86acf0001854942","6343d08dbb1ab900016b631e"
"60bfa31bc86acf0001854942","6343d2743d4e620001f17e42"
"60c410aa623c5700019bfa78","63432cf33d4e620001f1602f"
"60c9fe9603939c00015e548d","633ecc224769100001415f11"
"60cd269565388100012efaff","633dce9fbb1ab90001694ae9"
"60cd269565388100012efaff","63432cf33d4e620001f1602f"
"60ce889a90106200011a9fd3","6343ced6bb1ab900016b62d2"
"60db5aee4072f90001b3912b","63432cf33d4e620001f1602f"
"60e16f6f995cf90001d352ff","633e9c975b31c30001896bb3"
"60eda53d22e9d70001196d9f","633ecc224769100001415f11"
"60ef198c46b02e000121224b","62c86525c7a4cb0001d4464f"
"60f07e7c983fd80001adedf8","6343ced6bb1ab900016b62d2"
"60f845c43e2c5d00018d0322","6343d08dbb1ab900016b631e"
"60f845c43e2c5d00018d0322","6343d2743d4e620001f17e42"
"60f9bb67d5e17f0001c5079c","6343ce163337b70001a63d71"
"60fc0c17d25e280001033f70","6343ced6bb1ab900016b62d2"
"61049190b2f2da00017602ab","62c86525c7a4cb0001d4464f"
"6105bd15a7089c00015a8f9a","6343d08dbb1ab900016b631e"
"6105bd15a7089c00015a8f9a","6343d2743d4e620001f17e42"
"610a9b59d408a60001cd1a06","633d5ba13b75420001f2b92d"
"610c05d83d1dfb00010f8bb5","62c86525c7a4cb0001d4464f"
"611d313ca14c8b0001ca825e","63406c0b14ee2c0001eee375"
"611d3f71a14c8b0001ca8c85","62c86525c7a4cb0001d4464f"
"611f98b8cc97340001ad4962","6343ce163337b70001a63d71"
"6124bbd88d4ce30001f79ac6","62c86525c7a4cb0001d4464f"
"612547192ef4ed0001d09e1a","634041f2bb1ab900016a1eeb"
"6127fde621f55900012d9ac9","633e9c975b31c30001896bb3"
"6128038a21f55900012d9ef6","62c86525c7a4cb0001d4464f"
"6128609321f55900012dc385","633dce9fbb1ab90001694ae9"
"612bcc741b8cc70001e161d8","633d5ba13b75420001f2b92d"
"612cccdaf6c57e00014fb05b","6343cafe3337b70001a63cf9"
"612e65a0f6c57e0001505dc9","633fe49314ee2c0001eea2e7"
"613236d313edab00014db818","6343d08dbb1ab900016b631e"
"613236d313edab00014db818","6343d2743d4e620001f17e42"
"613284374982570001d2a61c","6343ced6bb1ab900016b62d2"
"6134ae6aee60b20001568c52","6343d7bd3337b70001a63f92"
"6137397b4982570001d4b9d3","63406c0b14ee2c0001eee375"
"613a3f62c9ff01000116349c","6343d08dbb1ab900016b631e"
"613a3f62c9ff01000116349c","6343d2743d4e620001f17e42"
"613c9c29ca83fc0001bee8bc","633ecc224769100001415f11"
"613e10324982570001d87dba","633e9c975b31c30001896bb3"
"613e10324982570001d87dba","6343ced6bb1ab900016b62d2"
"613f4dd392144a000185ec79","6343ced6bb1ab900016b62d2"
"614064df6003910001a97777","633e9c975b31c30001896bb3"
"61424358d0cca00001801b15","633d5ba13b75420001f2b92d"
"61426d15d0cca00001803d04","633e9c975b31c30001896bb3"
"614437d0f98a360001a84719","633dce9fbb1ab90001694ae9"
"614494966003910001abc647","63406c0b14ee2c0001eee375"
"6145ccab6003910001acb1d5","633f12a1b9c7460001a87902"
"6149e780a359e10001e3a3db","633705649797500001eb4162"
"614b4d3626898c0001f804e9","62c86525c7a4cb0001d4464f"
"614c66c21036c100014219a3","6343ced6bb1ab900016b62d2"
"614cd9de1036c100014265de","62c86525c7a4cb0001d4464f"
"614d802c010cae00018263a4","6343d7bd3337b70001a63f92"
"614da0e51036c1000142c15d","633e9c975b31c30001896bb3"
"614e3ed01036c10001434190","6343d08dbb1ab900016b631e"
"614e3ed01036c10001434190","6343d2743d4e620001f17e42"
"614ef16850c71d00017d47eb","6343ced6bb1ab900016b62d2"
"6150a97a50c71d00017e0ed2","633e9c975b31c30001896bb3"
"6150bef9010cae00018415b3","633dbb6e6fc5eb000199fb27"
"6151916a010cae000184458b","63406c0b14ee2c0001eee375"
"6151c68d010cae0001845655","633dbb6e6fc5eb000199fb27"
"6152fbeb50c71d00017ec41b","633dbb6e6fc5eb000199fb27"
"615451101036c1000145862c","633dbb6e6fc5eb000199fb27"
"6154d7361036c1000145dea7","6343d08dbb1ab900016b631e"
"6154d7361036c1000145dea7","6343d2743d4e620001f17e42"
"6154e5221036c1000145e770","633d5ba13b75420001f2b92d"
"615560421036c10001460743","63406c0b14ee2c0001eee375"
"6156c0913213080001dbd01f","6343d08dbb1ab900016b631e"
"6156c0913213080001dbd01f","6343d2743d4e620001f17e42"
"615b0d30e1ca6200014177ce","633e9c975b31c30001896bb3"
"615b0d30e1ca6200014177ce","6343ce163337b70001a63d71"
"615ccd817621770001d9fcc0","633d5ba13b75420001f2b92d"
"615d74d67621770001da3125","6343cc1f3d4e620001f17d09"
"615f939ff14cac0001d6a1c4","634402943337b70001a64b97"
"6160be89bb9a1900013e0522","62c86525c7a4cb0001d4464f"
"6161e392bb9a190001600f10","633dbb6e6fc5eb000199fb27"
"61642c953321af0001143114","633ecc224769100001415f11"
"6166e54e35da5c000104b937","633ecc224769100001415f11"
"616725cf35da5c0001ac98d0","633705649797500001eb4162"
"616773c52703fb000100921d","633dce9fbb1ab90001694ae9"
"6169df4078ed400001f6f905","63406c0b14ee2c0001eee375"
"6169df4078ed400001f6f905","6343d7bd3337b70001a63f92"
"6170288eecedd80001dab7ae","633705649797500001eb4162"
"6170766c3c46a50001baea87","6343d5d6bb1ab900016b645b"
"6171ed0a1385b9000115ca52","6343ce163337b70001a63d71"
"6176a9010310db00015a27ca","633fe49314ee2c0001eea2e7"
"6177a9fce5f4b10001988c2d","633dbb6e6fc5eb000199fb27"
"6178662180d39900017ef05d","6343c9963d4e620001f17caf"
"6179985bb87cb40001fb84fc","633dbb6e6fc5eb000199fb27"
"617d6a18c8648300016c23e3","6343d08dbb1ab900016b631e"
"617d6a18c8648300016c23e3","6343d2743d4e620001f17e42"
"617fa7b46af2b1000174401a","6343d08dbb1ab900016b631e"
"617fa7b46af2b1000174401a","6343d2743d4e620001f17e42"
"617fc4ffd37c240001ba2f5d","633dbb6e6fc5eb000199fb27"
"61824b3ccc138300016cc1ad","6343ced6bb1ab900016b62d2"
"6182ec50b39e5b00019350ec","63406c0b14ee2c0001eee375"
"61832b29b39e5b0001a8a72e","6343d08dbb1ab900016b631e"
"61832b29b39e5b0001a8a72e","6343d2743d4e620001f17e42"
"61869992e7379a0001fe6471","63406c0b14ee2c0001eee375"
"61894f56148d25000147c187","633ed6ceb9c7460001a85d76"
"618ab787ea907d00010e5d2e","633d5ba13b75420001f2b92d"
"618bd781c11ceb00010dff86","633ecc224769100001415f11"
"618d5435f988da0001dd3cff","6343d08dbb1ab900016b631e"
"618d5435f988da0001dd3cff","6343d2743d4e620001f17e42"
"619062d4e8f20f0001dee9c8","63432cf33d4e620001f1602f"
"6195eae76682c80001d4e36d","633dce9fbb1ab90001694ae9"
"613d45ff4982570001d83a69","63432cf33d4e620001f1602f"
"613f9ece6003910001a93c52","633dce9fbb1ab90001694ae9"
"6140653592144a0001865157","63406c0b14ee2c0001eee375"
"614268d90d6bbb0001c57b05","61e819f77090ca0001a0b177"
"61432cc06003910001aae1fa","6343ced6bb1ab900016b62d2"
"61447229ff13010001976ac0","6343ced6bb1ab900016b62d2"
"61497527d5da470001ac1c88","633dce9fbb1ab90001694ae9"
"614cab0150c71d00017bffdc","633fe49314ee2c0001eea2e7"
"614ccb4350c71d00017c18bb","6343ced6bb1ab900016b62d2"
"6153544850c71d00017eed8e","6343d4783d4e620001f17eaf"
"6153544850c71d00017eed8e","6343d6fabb1ab900016b649a"
"615436c850c71d00017f3a88","633e9c975b31c30001896bb3"
"61558ceff7576d00013a34db","6343d08dbb1ab900016b631e"
"61558ceff7576d00013a34db","6343d2743d4e620001f17e42"
"61576b6ce110dc0001542ba1","63406c0b14ee2c0001eee375"
"6158af13e1ca62000140ba00","6343ced6bb1ab900016b62d2"
"615c0f6de110dc000155dbc5","633d5ba13b75420001f2b92d"
"615d97a8c0bfd600012b66eb","633d5ba13b75420001f2b92d"
"615d97a8c0bfd600012b66eb","6343ce163337b70001a63d71"
"615d97a8c0bfd600012b66eb","6343d08dbb1ab900016b631e"
"615d97a8c0bfd600012b66eb","6343d2743d4e620001f17e42"
"615dc38e7621770001da5e76","633ecc224769100001415f11"
"615e054b5c95860001475821","6343d08dbb1ab900016b631e"
"615e054b5c95860001475821","6343d2743d4e620001f17e42"
"615ebe18c0bfd600012c0ce2","6343ce163337b70001a63d71"
"615ebe18c0bfd600012c0ce2","6343d08dbb1ab900016b631e"
"615ebe18c0bfd600012c0ce2","6343d2743d4e620001f17e42"
"6160467aee51270001b479ba","6343ced6bb1ab900016b62d2"
"61607b4e9b7cfd000126bbbd","63432cf33d4e620001f1602f"
"6161ba0ebb9a19000111a7d3","633d5ba13b75420001f2b92d"
"6163246ebb9a190001ffe6af","633dce9fbb1ab90001694ae9"
"6166043b79fc2c000111da4c","6343ced6bb1ab900016b62d2"
"616c351d7450ba00019270bd","633ecc224769100001415f11"
"617290c49c9105000113aa52","633ecc224769100001415f11"
"617290c49c9105000113aa52","6343ced6bb1ab900016b62d2"
"617290c49c9105000113aa52","6343d08dbb1ab900016b631e"
"617290c49c9105000113aa52","6343d2743d4e620001f17e42"
"61743cb125c6250001a85816","633e9c975b31c30001896bb3"
"61774148fe6e53000111b87c","6343ced6bb1ab900016b62d2"
"617dc8d1119d2f0001ec1f72","6343ced6bb1ab900016b62d2"
"617e68a6c864830001a00318","62c86525c7a4cb0001d4464f"
"61823e2567fea20001f6c8f7","6343d7bd3337b70001a63f92"
"6183bfc71397b300017e02d5","6343ced6bb1ab900016b62d2"
"6183cb969d3ead0001175fe5","633e9c975b31c30001896bb3"
"6186699c0500bf0001589434","633fe49314ee2c0001eea2e7"
"61882fd3e7379a00015b27ad","633e9c975b31c30001896bb3"
"6188f7fedab69400016d9ff7","633e9b8f5b31c30001896b54"
"618a3fdeabc10d0001c69c8d","633705649797500001eb4162"
"618ad354e844800001b2a0c2","633dbb6e6fc5eb000199fb27"
"6190271e9bc58c000112c0e2","63406c0b14ee2c0001eee375"
"61952cec8d8cf8000151b17b","63361acf9797500001eb01bf"
"619d68b11b52a00001384e1b","6343eccfbb1ab900016b6a47"
"61a2896dea82080001c06604","6343d5d6bb1ab900016b645b"
"61a69628df2ee600019af10d","633dbb6e6fc5eb000199fb27"
"61a7e6f0edadc70001c7b07b","633dbb6e6fc5eb000199fb27"
"61a9094c37f6750001174d62","633fe49314ee2c0001eea2e7"
"61aced4b37f6750001a8bc09","6343ced6bb1ab900016b62d2"
"61aed5be4f46bd0001950fce","633dce9fbb1ab90001694ae9"
"61af7311b72ab20001316b12","62c86525c7a4cb0001d4464f"
"61b39be4fef8eb0001c44c5b","6343ce163337b70001a63d71"
"61b70abe05406500013e011b","633dbb6e6fc5eb000199fb27"
"61c7c71f9efcca0001d2fb0c","6343d5d6bb1ab900016b645b"
"61d09624e4c2150001263eec","6343ce163337b70001a63d71"
"61d2302f3bfc3e00014cb5cb","633e090cbb1ab90001696669"
"61d459c0e4c2150001fbfb8d","633705649797500001eb4162"
"61dd5140a1a74b0001ae30d4","6343ce163337b70001a63d71"
"61def9c18956c9000197f468","6343ced6bb1ab900016b62d2"
"61e09a72fbee5d000168a762","63406c0b14ee2c0001eee375"
"61e44c93463af40001ca8d8e","6343d08dbb1ab900016b631e"
"61e44c93463af40001ca8d8e","6343d2743d4e620001f17e42"
"61eeb81fe3a97500018f3d4e","6343f96cbb1ab900016b6ddd"
"61f06abf935abf0001b2498e","6342ded23d4e620001f14329"
"61f3bf040fe5af0001fc93a7","63406c0b14ee2c0001eee375"
"61f90cb4f42d240001d60b86","6343ce163337b70001a63d71"
"61fa2e4e1ceb6600015883ab","63400563bb1ab900016a049c"
"61fa488132abdf00012bc896","63406c0b14ee2c0001eee375"
"61fba2647df47a00015b7204","6343ced6bb1ab900016b62d2"
"61fcfb383be4d30001f90bd5","63406c0b14ee2c0001eee375"
"61fd1d2a3be4d300014e15f2","6343d08dbb1ab900016b631e"
"61fd1d2a3be4d300014e15f2","6343d2743d4e620001f17e42"
"62052c3fe4c165000133d036","62c86525c7a4cb0001d4464f"
"620e2f3ae1b4da000170be07","6343d5d6bb1ab900016b645b"
"6211cbd50c355c0001dbbf85","633d5ba13b75420001f2b92d"
"6216980e95224000017661fc","633705649797500001eb4162"
"6216980e95224000017661fc","633ed6ceb9c7460001a85d76"
"621d0dd92bbc94000112fc5d","63406c0b14ee2c0001eee375"
"621e1a5970720b00019383e6","6343ced6bb1ab900016b62d2"
"621fb081c2615a00019e018e","6343ced6bb1ab900016b62d2"
"6229e3916446470001685b0b","6343ced6bb1ab900016b62d2"
"6229fe931cc8ed000102e623","6343d08dbb1ab900016b631e"
"6229fe931cc8ed000102e623","6343d2743d4e620001f17e42"
"6229fe931cc8ed000102e623","6343d7bd3337b70001a63f92"
"622d5d93c35d770001537d7b","6343d08dbb1ab900016b631e"
"622d5d93c35d770001537d7b","6343d2743d4e620001f17e42"
"6230fcbf243a7000015efa0c","63361acf9797500001eb01bf"
"6234e5b579922900019ecb16","633e9c975b31c30001896bb3"
"623854838aa5c70001f90f9d","6343d08dbb1ab900016b631e"
"623854838aa5c70001f90f9d","6343d2743d4e620001f17e42"
"623c1fe7a1f1e0000104e76d","6343d7bd3337b70001a63f92"
"6246c91205899e0001fefa58","6343d08dbb1ab900016b631e"
"6246c91205899e0001fefa58","6343d2743d4e620001f17e42"
"6247d995a9541c00016b30ac","633dce9fbb1ab90001694ae9"
"6248d316a9541c00014bc39a","62c86525c7a4cb0001d4464f"
"624deb95e05db200014dbbf3","633edbc9b9c7460001a85f94"
"62503f6972974200013d33f6","633dbb6e6fc5eb000199fb27"
"625b1e69ae66c5000139937e","6343ced6bb1ab900016b62d2"
"62611bd3b6132e0001a8e745","6343d08dbb1ab900016b631e"
"62611bd3b6132e0001a8e745","6343d2743d4e620001f17e42"
"626a91b656bf3500015d48ce","63406c0b14ee2c0001eee375"
"626af63597a4410001afe1b5","6343d08dbb1ab900016b631e"
"626af63597a4410001afe1b5","6343d2743d4e620001f17e42"
"626afeee97a44100013a3bb1","633dbb6e6fc5eb000199fb27"
"626ce664a429fb00017e1ab4","633d5ba13b75420001f2b92d"
"6276539286717a0001ffedef","63406c0b14ee2c0001eee375"
"62824866e2a78a000117340c","633d5ba13b75420001f2b92d"
"6293d740ae95f40001366547","633dbb6e6fc5eb000199fb27"
"6298e15fe2a5110001ea7e05","63406c0b14ee2c0001eee375"
"6298ebafff48550001551f3e","6343d08dbb1ab900016b631e"
"6298ebafff48550001551f3e","6343d2743d4e620001f17e42"
"629a9ca391214f0001801f56","63406c0b14ee2c0001eee375"
"62a08a1bd34893000162e917","6343d08dbb1ab900016b631e"
"62a08a1bd34893000162e917","6343d2743d4e620001f17e42"
"62a34f44b94f8100014fdd9d","6343ced6bb1ab900016b62d2"
"62a34f44b94f8100014fdd9d","6343d08dbb1ab900016b631e"
"62a34f44b94f8100014fdd9d","6343d2743d4e620001f17e42"
"62b0810b69db2d0001ff0555","6343ced6bb1ab900016b62d2"
"62b0e28c906c7a0001364a82","63406c0b14ee2c0001eee375"
"62bae724ffca7c0001bca291","63406c0b14ee2c0001eee375"
"62bae724ffca7c0001bca291","6343ced6bb1ab900016b62d2"
"62bc4ba2c5c59f0001a16242","6343ced6bb1ab900016b62d2"
"62bca24e8cb9d800012db7a9","63406c0b14ee2c0001eee375"
"6131117c4982570001d1cb3d","63400563bb1ab900016a049c"
"61313cd513edab00014d44df","6343ced6bb1ab900016b62d2"
"6137a45a4982570001d4fe92","6343d08dbb1ab900016b631e"
"6137a45a4982570001d4fe92","6343d2743d4e620001f17e42"
"6139de214982570001d60873","633ecc224769100001415f11"
"613a786bc9ff0100011663c2","6343d08dbb1ab900016b631e"
"613a786bc9ff0100011663c2","6343d2743d4e620001f17e42"
"613cc5cc4982570001d7cf05","633e9c975b31c30001896bb3"
"613ec429ca83fc0001bff6da","62c86525c7a4cb0001d4464f"
"613f4a146003910001a913ca","6343ce163337b70001a63d71"
"613f75176003910001a925b3","63406c0b14ee2c0001eee375"
"613fb8c1d0cca000017ef4cb","6343ced6bb1ab900016b62d2"
"613fcf4b92144a000186302f","62c86525c7a4cb0001d4464f"
"6140c02f6003910001a9aa45","633ecc224769100001415f11"
"61419d5a6003910001aa063b","6343d08dbb1ab900016b631e"
"61419d5a6003910001aa063b","6343d2743d4e620001f17e42"
"6142568dd0cca00001802b1d","633d5ba13b75420001f2b92d"
"61431c676003910001aad5db","6343ced6bb1ab900016b62d2"
"61431c696003910001aad5e3","63406c0b14ee2c0001eee375"
"61436738ff1301000196d18e","63406c0b14ee2c0001eee375"
"6145ce32f98a360001a9785f","633705649797500001eb4162"
"6145efdeff130100019886ed","633d5ba13b75420001f2b92d"
"6148f9ee113d8b00010b2a71","633dce9fbb1ab90001694ae9"
"614ab0ce113d8b00010bc875","633dce9fbb1ab90001694ae9"
"614c7b11010cae000181de1e","6343d08dbb1ab900016b631e"
"614c7b11010cae000181de1e","6343d2743d4e620001f17e42"
"614d86c650c71d00017c6a93","6343d08dbb1ab900016b631e"
"614d86c650c71d00017c6a93","6343d2743d4e620001f17e42"
"614d86f750c71d00017c6ac1","633d5ba13b75420001f2b92d"
"6151782250c71d00017e429b","6343d08dbb1ab900016b631e"
"6151782250c71d00017e429b","6343d2743d4e620001f17e42"
"6152021f50c71d00017e73b8","633e9c975b31c30001896bb3"
"615215a71036c1000144c37f","633e9b8f5b31c30001896b54"
"61536592010cae000184f3df","63406c0b14ee2c0001eee375"
"61543aca50c71d00017f3bfa","6343ced6bb1ab900016b62d2"
"61548a95010cae0001855cd7","6343ced6bb1ab900016b62d2"
"6155f4bb3213080001db7b30","633d5ba13b75420001f2b92d"
"6155ff23414f0a000111cf8b","6343c9963d4e620001f17caf"
"6156ce9d414f0a0001122a08","6343d5d6bb1ab900016b645b"
"6157323680abf600019ae163","6343d08dbb1ab900016b631e"
"6157323680abf600019ae163","6343d2743d4e620001f17e42"
"6158666ae110dc000154984f","633e9c975b31c30001896bb3"
"615b547de1ca620001419884","633dce9fbb1ab90001694ae9"
"615d17145c9586000146d038","6343d08dbb1ab900016b631e"
"615d17145c9586000146d038","6343d2743d4e620001f17e42"
"615dffeb5c95860001474fa6","633dbb6e6fc5eb000199fb27"
"615ec00ec0bfd600012c0d9a","63406c0b14ee2c0001eee375"
"6161cb16bb9a19000174a0f0","6343ced6bb1ab900016b62d2"
"6168f9a93aa92f00019c8e2a","633dce9fbb1ab90001694ae9"
"616e963dcf0518000173cbb0","63406c0b14ee2c0001eee375"
"616f1c74447e690001b4e00b","633e9c975b31c30001896bb3"
"61744eb33a1c290001246b4f","6343ced6bb1ab900016b62d2"
"6175ae1463afdd000169ebd6","633e9c975b31c30001896bb3"
"6175caaa3a1c29000160a141","633e9c975b31c30001896bb3"
"61783e9980d399000147ea78","633fe49314ee2c0001eea2e7"
"61797c9ed1ab880001f0e4a0","633fe49314ee2c0001eea2e7"
"6179cb384a037200015520ba","633e9c975b31c30001896bb3"
"617af1c261ab420001eb998a","633e9c975b31c30001896bb3"
"617c127fa86db300011964fb","633fe49314ee2c0001eea2e7"
"61804f6cd37c24000104c4f3","63406c0b14ee2c0001eee375"
"61854a0012273a000185a622","633d5ba13b75420001f2b92d"
"6188613c0500bf0001c15498","633edbc9b9c7460001a85f94"
"618a93f4714c400001eaeef6","6343ce163337b70001a63d71"
"618afafee8448000014fbb3a","63406c0b14ee2c0001eee375"
"618d20dcd638dd0001a4edf3","634037e4fcbedc0001d08b63"
"6195301d8d8cf80001da38d0","6343d08dbb1ab900016b631e"
"6195301d8d8cf80001da38d0","6343d2743d4e620001f17e42"
"61996715167e2a0001bc53ab","633dce9fbb1ab90001694ae9"
"619a3c51167e2a0001cd370b","6343d08dbb1ab900016b631e"
"619a3c51167e2a0001cd370b","6343d2743d4e620001f17e42"
"619fae12a4b1db00016b8a87","633dbb6e6fc5eb000199fb27"
"61a0eaa8c885f40001c53d8d","633dbb6e6fc5eb000199fb27"
"61a3a758c885f40001e29825","633d5ba13b75420001f2b92d"
"61a65af446a81b0001ebc2d6","6343d08dbb1ab900016b631e"
"61a65af446a81b0001ebc2d6","6343d2743d4e620001f17e42"
"61aff5dc33b4e60001485eee","6343d08dbb1ab900016b631e"
"61aff5dc33b4e60001485eee","6343d2743d4e620001f17e42"
"61b39c78824f5000011e58d5","633e9c975b31c30001896bb3"
"61b39c78824f5000011e58d5","6343ced6bb1ab900016b62d2"
"61b8e88e345ae400013a4466","633dbb6e6fc5eb000199fb27"
"61b93cd4d756db0001dc0847","633dbb6e6fc5eb000199fb27"
"61b9a540d756db00014d69b1","633dbb6e6fc5eb000199fb27"
"61bee8e0a29a1e0001960477","633dbb6e6fc5eb000199fb27"
"61c136c0d47893000136665d","633e9c975b31c30001896bb3"
"61d200613bfc3e00016c72c6","63406c0b14ee2c0001eee375"
"61d6d797d21102000115c1b8","6343d08dbb1ab900016b631e"
"61d6d797d21102000115c1b8","6343d2743d4e620001f17e42"
"61d8448b23fdec0001136e4b","6343ced6bb1ab900016b62d2"
"61d89a2123fdec0001594ff8","633e9c975b31c30001896bb3"
"61dc474c9fd3fe00011c7ba7","6343ced6bb1ab900016b62d2"
"61e046f76f1eeb0001bf4d0a","633d5ba13b75420001f2b92d"
"61e153c7463af40001a64452","6343ced6bb1ab900016b62d2"
"61e38283463af40001195001","62c86525c7a4cb0001d4464f"
"61e864a1c1c00b0001c9d50a","62c86525c7a4cb0001d4464f"
"61f3ce2052e8e300017aa37b","6343ced6bb1ab900016b62d2"
"61fc2c2571fa7a00012c9ba8","6343ce163337b70001a63d71"
"6202e7b0a3d30e0001d85fd9","63406c0b14ee2c0001eee375"
"6205b3dee4c16500010ba1a8","63406c0b14ee2c0001eee375"
"6206a722b4c9710001450405","6343ced6bb1ab900016b62d2"
"6206da583a13f30001809b72","63406c0b14ee2c0001eee375"
"620bbc4f4c1cc00001627b4d","633dbb6e6fc5eb000199fb27"
"620e1f4458607c0001059a7c","633e9c975b31c30001896bb3"
"620e406c0c355c0001283461","6343ced6bb1ab900016b62d2"
"6210114c1c693c0001b1f9f9","6343d5d6bb1ab900016b645b"
"6210a53f0c355c0001c6ed02","62c86525c7a4cb0001d4464f"
"6214fb09b0d6150001259976","633705649797500001eb4162"
"622330ebf1e2310001396879","6343d08dbb1ab900016b631e"
"622330ebf1e2310001396879","6343d2743d4e620001f17e42"
"62278d90c98768000195ae98","63432cf33d4e620001f1602f"
"6228d782231fcd00016885b0","633edbc9b9c7460001a85f94"
"6229e6691cc8ed00014fae90","6343ced6bb1ab900016b62d2"
"622a348fd415fb0001d66d46","6343d5d6bb1ab900016b645b"
"623706e368877e00012d75db","6343d7bd3337b70001a63f92"
"623cc0ea069f6d0001e1735a","6343ced6bb1ab900016b62d2"
"624812e4601faa0001966651","63406c0b14ee2c0001eee375"
"624af92981945400018b103e","633edbc9b9c7460001a85f94"
"625215459e835a0001a9fb4d","633dce9fbb1ab90001694ae9"
"6253ec434ceef8000140b652","6343d08dbb1ab900016b631e"
"6253ec434ceef8000140b652","6343d2743d4e620001f17e42"
"6259a69bae66c5000122deb9","63406c0b14ee2c0001eee375"
"625aff7d0aefa10001f743d7","6343ced6bb1ab900016b62d2"
"6260f7b86ecd44000132f459","633dbb6e6fc5eb000199fb27"
"626313e7149dd400018c6d9a","6343d7bd3337b70001a63f92"
"6263b7d8e72a810001c11ba5","6343d08dbb1ab900016b631e"
"6263b7d8e72a810001c11ba5","6343d2743d4e620001f17e42"
"626af62ab20c680001f4a274","6343d08dbb1ab900016b631e"
"626af62ab20c680001f4a274","6343d2743d4e620001f17e42"
"626d69aca429fb00014d2a8f","63406c0b14ee2c0001eee375"
"62727030929d4b0001cd3655","633d5ba13b75420001f2b92d"
"6276b1ed86717a00019dae8f","633e9c975b31c30001896bb3"
"627922dfb75dbd0001cf9e84","63406c0b14ee2c0001eee375"
"6195048204ddc90001bba335","63400929bb1ab900016a0602"
"61964bb39306f6000110f8c8","63406c0b14ee2c0001eee375"
"619e57602e497a00018f89e5","633dbb6e6fc5eb000199fb27"
"61a6449646a81b0001cac980","633dbb6e6fc5eb000199fb27"
"61ae2c1423a79f0001de7b05","63406c0b14ee2c0001eee375"
"61ae4d27cdfcf000010b0c97","6343ce163337b70001a63d71"
"61b335f3824f500001bfbc5d","6342ded23d4e620001f14329"
"61b47810824f5000019a0f0d","6343ce163337b70001a63d71"
"61cc835d671bd60001e63ba4","6343d08dbb1ab900016b631e"
"61cc835d671bd60001e63ba4","6343d2743d4e620001f17e42"
"61d358b5e4c2150001247607","63406c0b14ee2c0001eee375"
"61d358b5e4c2150001247607","6343ce163337b70001a63d71"
"61d358b5e4c2150001247607","6343ced6bb1ab900016b62d2"
"61d68793d2110200015d5f61","63406c0b14ee2c0001eee375"
"61d8fed423fdec000186fa14","633d5ba13b75420001f2b92d"
"61da0c8db1d40a00017ab3bf","6343d5d6bb1ab900016b645b"
"61db7b69b1d40a0001319b18","62c86525c7a4cb0001d4464f"
"61ea4c8ee27c670001a940d4","63406c37fcbedc0001d0a9ed"
"61eac941a2102900015ecaaa","633e9c975b31c30001896bb3"
"61ed43cea210290001f4a2b9","6343d4783d4e620001f17eaf"
"61ed43cea210290001f4a2b9","6343d6fabb1ab900016b649a"
"61ed9e310dba1200010ea8b4","6343d08dbb1ab900016b631e"
"61ed9e310dba1200010ea8b4","6343d2743d4e620001f17e42"
"61f28bce120a470001ca100a","633e9c975b31c30001896bb3"
"61f568d652e8e3000180274d","633dbb6e6fc5eb000199fb27"
"61fc59b91c6cda0001fef435","6343ced6bb1ab900016b62d2"
"61fcd4bf3c2d9500018420a4","633dce9fbb1ab90001694ae9"
"61fd1e146aef1f0001d7b990","633d5ba13b75420001f2b92d"
"620168e90a2bf90001c54b4f","633e9c975b31c30001896bb3"
"62016ed70a2bf90001e63c4e","633dbb6e6fc5eb000199fb27"
"6202d5ada3d30e000110cc72","633d5ba13b75420001f2b92d"
"62030fbe4bb4a700014db679","633d5ba13b75420001f2b92d"
"62030fbe4bb4a700014db679","6343ce163337b70001a63d71"
"6203ed1d4cf1120001b724ce","633edbc9b9c7460001a85f94"
"620463334cf112000115c29d","63406c0b14ee2c0001eee375"
"620504c0dab3710001a05fd3","6343ced6bb1ab900016b62d2"
"62052d098b57b20001659122","633e9c975b31c30001896bb3"
"62065893164c1c0001d86920","63406c0b14ee2c0001eee375"
"6210384a0c355c0001c1ca7d","63432cf33d4e620001f1602f"
"6211e9440c355c00019fc994","633dce9fbb1ab90001694ae9"
"62125e611c693c0001d75a3d","6343cafe3337b70001a63cf9"
"62165b49f04b2e00013001c9","6343d5d6bb1ab900016b645b"
"6217c83cec22340001c73436","633dce9fbb1ab90001694ae9"
"6217e3e0e6baf300018acb7c","633d5ba13b75420001f2b92d"
"621e8e1970720b00015ca26c","633dbb6e6fc5eb000199fb27"
"6223bc6568f7a40001241c33","633fe49314ee2c0001eea2e7"
"622652d158fed5000117775d","63406c0b14ee2c0001eee375"
"62277f24c987680001d7cac7","6343ced6bb1ab900016b62d2"
"6229f15c1127530001feeacc","6343d08dbb1ab900016b631e"
"6229f15c1127530001feeacc","6343d2743d4e620001f17e42"
"622ab32144d0710001973fe0","633dce9fbb1ab90001694ae9"
"622cf791c35d770001b27c30","63406c0b14ee2c0001eee375"
"623437c25daf370001bd594a","63432cf33d4e620001f1602f"
"623cccd6c36afa000131df30","634037e4fcbedc0001d08b63"
"623cf781069f6d0001be6c07","6343d08dbb1ab900016b631e"
"623cf781069f6d0001be6c07","6343d2743d4e620001f17e42"
"623eb6421d29ec0001cfdaef","63432cf33d4e620001f1602f"
"6244aafa021b5f0001da97a7","633ebf94bb1ab90001699114"
"6245703627708c000188bfef","6343ced6bb1ab900016b62d2"
"624c4c3ff63dcc000143a408","6343ced6bb1ab900016b62d2"
"624e2e52482d8600014352b8","63432cf33d4e620001f1602f"
"625091c19e835a00013bf977","633dbb6e6fc5eb000199fb27"
"6257fbf92a928400015b3190","633edbc9b9c7460001a85f94"
"6259258c3d81490001f6f763","6343ce163337b70001a63d71"
"6265cfe9e72a810001977af7","63406c0b14ee2c0001eee375"
"6270eea92789d10001b55e76","633ecc224769100001415f11"
"627204f74e8cd00001e70299","633e9c975b31c30001896bb3"
"62737ba0c977cc000169a938","633d5ba13b75420001f2b92d"
"627408ef9bd4870001388175","633dbb6e6fc5eb000199fb27"
"62801f6839d10c000198daa2","63432cf33d4e620001f1602f"
"628a75466ab2090001e845db","633e9c975b31c30001896bb3"
"628a75466ab2090001e845db","6343ced6bb1ab900016b62d2"
"628c1dd90ec1a200010f398b","633dce9fbb1ab90001694ae9"
"62b59afb2fea950001b73203","634037e4fcbedc0001d08b63"
"62b64305fa1d47000175e7d6","633dce9fbb1ab90001694ae9"
"62b7ab24fa1d4700017dcd70","633dce9fbb1ab90001694ae9"
"62c4a3b60526fc00010535b3","633d5ba13b75420001f2b92d"
"62e4479bccb070000189f12c","633dce9fbb1ab90001694ae9"
"62e6828f38d2970001d92b4f","6343d08dbb1ab900016b631e"
"62e6828f38d2970001d92b4f","6343d2743d4e620001f17e42"
"62f6922123cfe20001c25a7a","63432cf33d4e620001f1602f"
"62fabf0c30070900010cc74b","6343ced6bb1ab900016b62d2"
"630c858bc3c3800001d4270f","6343d08dbb1ab900016b631e"
"630c858bc3c3800001d4270f","6343d2743d4e620001f17e42"
"630f936a88f39f0001d5bf9f","633e9c975b31c30001896bb3"
"63148b9d2e39470001f16bfc","6343ced6bb1ab900016b62d2"
"63163cc4c556300001d32b85","6343d08dbb1ab900016b631e"
"63163cc4c556300001d32b85","6343d2743d4e620001f17e42"
"6318d976de50f300010693a8","63406c0b14ee2c0001eee375"
"6322081abebaa80001f7cdfa","63406c0b14ee2c0001eee375"
"632b3731a5801400013a6cdd","633e9b8f5b31c30001896b54"
"632c09d7efe2c3000178d18f","63406c0b14ee2c0001eee375"
"6331ca29173e160001a9d401","633d5ba13b75420001f2b92d"
"5407a4fe63051f7c57000f57","6343ced6bb1ab900016b62d2"
"5407a4fe63051f7c57000f57","6343d08dbb1ab900016b631e"
"5407a4fe63051f7c57000f57","6343d2743d4e620001f17e42"
"542c4f522325b43d0600d309","633daef2bb1ab9000169396c"
"542c4f522325b43d0600d309","6343ced6bb1ab900016b62d2"
"542fef0863051f3347001962","6343ce163337b70001a63d71"
"543663c02325b4072c001085","633e9c975b31c30001896bb3"
"544973d863051f47c5000893","6343ced6bb1ab900016b62d2"
"545411c62325b442470038d2","633ecc224769100001415f11"
"545411c62325b442470038d2","6343ced6bb1ab900016b62d2"
"54ab27e263051f177b00adc1","6343d08dbb1ab900016b631e"
"54ab27e263051f177b00adc1","6343d2743d4e620001f17e42"
"54b507b22325b437b4000fa0","6343ce163337b70001a63d71"
"54b507b22325b437b4000fa0","6343d08dbb1ab900016b631e"
"54b507b22325b437b4000fa0","6343d2743d4e620001f17e42"
"54c3dd042325b4673300217f","633d5ba13b75420001f2b92d"
"54c7c59e63051f3134000133","6343ced6bb1ab900016b62d2"
"54c9874863051f31340059ef","6343ce163337b70001a63d71"
"54dc76612325b445340100ba","633d5ba13b75420001f2b92d"
"54dc76612325b445340100ba","6343ced6bb1ab900016b62d2"
"54dc76612325b445340100ba","6343d08dbb1ab900016b631e"
"54dc76612325b445340100ba","6343d2743d4e620001f17e42"
"54e45d4563051f22d30058c7","633d5ba13b75420001f2b92d"
"54e45d4563051f22d30058c7","6343ce163337b70001a63d71"
"54e5af2d2325b46320005b58","63406c0b14ee2c0001eee375"
"54e5c6bb9bf7e85ea3006651","633d5ba13b75420001f2b92d"
"54fa24e1f01b30688e0005b3","6343ced6bb1ab900016b62d2"
"54fab0ecf01b30688e0009b7","6343ced6bb1ab900016b62d2"
"5500d7d42325b4328d003fe8","61e819f77090ca0001a0b177"
"5500d7d42325b4328d003fe8","633d5ba13b75420001f2b92d"
"5501adf863051f445e005310","6343ced6bb1ab900016b62d2"
"5524e4c22325b4312900ecde","633e9c975b31c30001896bb3"
"55257e312325b43129010c8e","6343ced6bb1ab900016b62d2"
"552cfabd2325b40947008d36","6343ce163337b70001a63d71"
"552ddca163051f51f1008444","6343ced6bb1ab900016b62d2"
"552fbcc763051f3bca00066b","6343ced6bb1ab900016b62d2"
"5536c6272325b4312900adbc","6343c9963d4e620001f17caf"
"5543306e2325b424d700553b","633d5ba13b75420001f2b92d"
"5543bac663051f6ee30068c1","633d5ba13b75420001f2b92d"
"554a73c22325b424d701231d","633d557810d35d000159a454"
"554a73c22325b424d701231d","633d5ba13b75420001f2b92d"
"554a73c22325b424d701231d","633ecc224769100001415f11"
"555e69112325b4322e00661a","633e9c975b31c30001896bb3"
"555e69112325b4322e00661a","6343d08dbb1ab900016b631e"
"555e69112325b4322e00661a","6343d2743d4e620001f17e42"
"55682e012325b4322e017876","6343ced6bb1ab900016b62d2"
"556aeeff2325b426f70032fe","633d5ba13b75420001f2b92d"
"5575671363051f66f7010d18","633e9c975b31c30001896bb3"
"5578100d63051f66f70169a8","633e9c975b31c30001896bb3"
"5578100d63051f66f70169a8","6343d08dbb1ab900016b631e"
"5578100d63051f66f70169a8","6343d2743d4e620001f17e42"
"5596530963051f20c800b9f3","6343d08dbb1ab900016b631e"
"5596530963051f20c800b9f3","6343d2743d4e620001f17e42"
"55a3afc563051f0d8900eb02","6343ced6bb1ab900016b62d2"
"55a8c4b82325b438dc02d93e","6343ced6bb1ab900016b62d2"
"55abc8ed2325b436fd0019ce","633d5ba13b75420001f2b92d"
"55abc8ed2325b436fd0019ce","6343ced6bb1ab900016b62d2"
"55bb3c602325b454b4006d49","6343ced6bb1ab900016b62d2"
"55cb8fbe2325b4595100b297","6343ced6bb1ab900016b62d2"
"55df442763051f716000159a","633e9c975b31c30001896bb3"
"55e01eef2325b44ff1003566","6343ce163337b70001a63d71"
"55e1931e9bf7e87223000c8f","6343ced6bb1ab900016b62d2"
"55e8a8c763051f6889007489","6343ced6bb1ab900016b62d2"
"55e8a8c763051f6889007489","6343d7bd3337b70001a63f92"
"55eb2bc52325b447ca013e1e","63406c0b14ee2c0001eee375"
"55eef1ab2325b46c9f002c5a","6343ced6bb1ab900016b62d2"
"55ef506a63051f542f0029da","633ecc224769100001415f11"
"55f0a2facc11fa2735003f79","633e9c975b31c30001896bb3"
"55f143ad63051f542f00570e","6343ced6bb1ab900016b62d2"
"55faf90f104ec826d2001e09","6343d08dbb1ab900016b631e"
"55faf90f104ec826d2001e09","6343d2743d4e620001f17e42"
"55ffd2a5104ec81528004f50","633ecc224769100001415f11"
"560313939bf7e83f20001d58","6343ced6bb1ab900016b62d2"
"560313939bf7e83f20001d58","6343d08dbb1ab900016b631e"
"560313939bf7e83f20001d58","6343d2743d4e620001f17e42"
"560bf84163051f303201315d","633d5ba13b75420001f2b92d"
"560bf84163051f303201315d","6343ced6bb1ab900016b62d2"
"561592fa9bf7e85016018ab7","6343ce163337b70001a63d71"
"561845a09bf7e81f4a01aa5d","6343d91b3d4e620001f17fcc"
"562681822325b4381527161e","6343d08dbb1ab900016b631e"
"562681822325b4381527161e","6343d2743d4e620001f17e42"
"56275ad89bf7e873ac128e5a","6343ce163337b70001a63d71"
"562a22e19bf7e8770fa4467a","633ecc224769100001415f11"
"565c7b822325b4542e26c410","6343d08dbb1ab900016b631e"
"565c7b822325b4542e26c410","6343d2743d4e620001f17e42"
"5678821363051f5a7c012794","6343ced6bb1ab900016b62d2"
"567ba3c52325b46297016bc3","6343ced6bb1ab900016b62d2"
"568866a920058937ad00a98f","6343ce163337b70001a63d71"
"568fcbc363051f6d7a01f111","63406c0b14ee2c0001eee375"
"5690090e63051f6d7a020681","633e9c975b31c30001896bb3"
"569d27e063051f2040019e3e","63406c0b14ee2c0001eee375"
"569d27e063051f2040019e3e","6343ced6bb1ab900016b62d2"
"56a09a95200589465800248a","633d5ba13b75420001f2b92d"
"56a173992325b47cf10057a8","633ecc224769100001415f11"
"56a1f9052325b47cf1007773","6343ced6bb1ab900016b62d2"
"56a239522005894658007daa","633d5ba13b75420001f2b92d"
"56a2700a2325b4023b0009b5","6343ced6bb1ab900016b62d2"
"56ac33cf2325b42c4c00d64d","633d5ba13b75420001f2b92d"
"56ac33cf2325b42c4c00d64d","633ecc224769100001415f11"
"56ae55982325b42c4c0104ce","633e9c975b31c30001896bb3"
"56b36304200589702900a235","63406c0b14ee2c0001eee375"
"56c0d64f2005895a690047b4","6343ced6bb1ab900016b62d2"
"56d330a0f01b304d90004b9c","633d5ba13b75420001f2b92d"
"56d9ea3663051f77070005af","6343d08dbb1ab900016b631e"
"56d9ea3663051f77070005af","6343d2743d4e620001f17e42"
"56e3eaf263051f7707013214","6343ced6bb1ab900016b62d2"
"56edbdbc63051f1276007ac8","63406c0b14ee2c0001eee375"
"56fb7eba63051f54fa1bebfe","6343ce163337b70001a63d71"
"570b853a2325b4494fdfe79e","6343d08dbb1ab900016b631e"
"570b853a2325b4494fdfe79e","6343d2743d4e620001f17e42"
"570d8e8d2325b411fef00939","63406c0b14ee2c0001eee375"
"570d8e8d2325b411fef00939","6343ce163337b70001a63d71"
"570e100d20058976b957b338","633e9c975b31c30001896bb3"
"570fbb392325b411fef07aac","633d5ba13b75420001f2b92d"
"572870cb63051f47af895850","6343ced6bb1ab900016b62d2"
"5730447a63051f318269d388","633e9c975b31c30001896bb3"
"573051a12005891c2f06b805","633d5ba13b75420001f2b92d"
"5732573b2325b4134b25806a","633d5ba13b75420001f2b92d"
"57383a962325b43a650bd753","6343d08dbb1ab900016b631e"
"57383a962325b43a650bd753","6343d2743d4e620001f17e42"
"573b53bc2325b461baad9393","6343d08dbb1ab900016b631e"
"573b53bc2325b461baad9393","6343d2743d4e620001f17e42"
"574f49f063051f798407eede","63406c0b14ee2c0001eee375"
"5756d7b8200589408223aed0","6343d08dbb1ab900016b631e"
"5756d7b8200589408223aed0","6343d2743d4e620001f17e42"
"57574f70200589408223cc5b","633ac71ec8990800018a60e9"
"5758367e2325b4240507f109","6343ced6bb1ab900016b62d2"
"575933422325b4240508218e","633e9c975b31c30001896bb3"
"57599f322005894082244000","633e9c975b31c30001896bb3"
"575ad0062005894082247ddb","633ecc224769100001415f11"
"575c9cd363051f6405d4ee7d","63406c0b14ee2c0001eee375"
"575c9cd363051f6405d4ee7d","6343ced6bb1ab900016b62d2"
"575fcddc2005894082253dc3","633e9b8f5b31c30001896b54"
"57600b302005894082254f1b","63406c0b14ee2c0001eee375"
"57600b302005894082254f1b","6343ced6bb1ab900016b62d2"
"576328ca200589181913120f","633d5ba13b75420001f2b92d"
"576afb5d2325b426a68ea07d","6343d08dbb1ab900016b631e"
"576afb5d2325b426a68ea07d","6343d2743d4e620001f17e42"
"57797c0f63051f565b3bb540","6343ced6bb1ab900016b62d2"
"577ea3e02325b47b244d7e4b","6343ced6bb1ab900016b62d2"
"5784a42563051f030dca7c21","63406c0b14ee2c0001eee375"
"578894942325b44124e5186f","633d5ba13b75420001f2b92d"
"578894942325b44124e5186f","633e9c975b31c30001896bb3"
"579888a62325b44124e7dc2e","633d5ba13b75420001f2b92d"
"579f14462005893f75db4fdb","6343d08dbb1ab900016b631e"
"579f14462005893f75db4fdb","6343d2743d4e620001f17e42"
"57a070e12325b419add3019f","6343ce163337b70001a63d71"
"57a0a4ac2005896663c35374","6343ce163337b70001a63d71"
"57a9f90a2325b419add4a402","633ecc224769100001415f11"
"57a9f90a2325b419add4a402","6343d08dbb1ab900016b631e"
"57a9f90a2325b419add4a402","6343d2743d4e620001f17e42"
"57bf4415200589511feceb0b","6342ded23d4e620001f14329"
"57c1c50b200589511fed91d5","631f1eddbfe1960001f32a54"
"57c1c50b200589511fed91d5","633c44853b75420001f26813"
"57c378fc200589511fede29b","6343ced6bb1ab900016b62d2"
"57c594c963051f446b9f5a14","6343ced6bb1ab900016b62d2"
"57c981532325b43d3e4c6df5","6343d08dbb1ab900016b631e"
"57c981532325b43d3e4c6df5","6343d2743d4e620001f17e42"
"57c998c62325b43d3e4c78ee","6343ce163337b70001a63d71"
"57cfe43a2325b4681caca6b6","6343ce163337b70001a63d71"
"57d2b3fd2325b432b15afe0e","6343d08dbb1ab900016b631e"
"57d2b3fd2325b432b15afe0e","6343d2743d4e620001f17e42"
"57d2f6d72005895c20b49c4f","6343ced6bb1ab900016b62d2"
"57d9a09e2005893b7fdf9de2","634402943337b70001a64b97"
"57dbdd202325b467ffefa135","633d5ba13b75420001f2b92d"
"57dbdf2c63051f3b74b21ae6","633d5ba13b75420001f2b92d"
"57e120d563051f3b74b3f4f6","633d5ba13b75420001f2b92d"
"57e154db2325b467fff1d4d2","6343d08dbb1ab900016b631e"
"57e154db2325b467fff1d4d2","6343d2743d4e620001f17e42"
"57e18fb22005893b7fe2d611","633d5ba13b75420001f2b92d"
"57e2dadc2325b42c5f29525b","633ecc224769100001415f11"
"57eac97763051f6bb85aa8ac","6343ced6bb1ab900016b62d2"
"57eb9a492325b413cc9c6b2a","633e9c975b31c30001896bb3"
"57ec402820058914bcc62779","6343ced6bb1ab900016b62d2"
"57ecd7e62325b413cc9ce424","6343ebed3337b70001a6452b"
"57ed851020058914bcc6952c","6343d7bd3337b70001a63f92"
"57efc33820058924a10b9493","633e9c975b31c30001896bb3"
"57efc33820058924a10b9493","63406c0b14ee2c0001eee375"
"57f1254a20058924a10be207","6343ce163337b70001a63d71"
"57f2bcd320058924a10c59be","633d5ba13b75420001f2b92d"
"57f6549463051f154c0b6dea","63406c0b14ee2c0001eee375"
"57f90bb22325b40aa93da26f","6343ced6bb1ab900016b62d2"
"57f90bb22325b40aa93da26f","6343d08dbb1ab900016b631e"
"57f90bb22325b40aa93da26f","6343d2743d4e620001f17e42"
"57ff4c1d63051f6eba2649d9","6343ced6bb1ab900016b62d2"
"580024e963051f6eba26a6be","633d5ba13b75420001f2b92d"
"5805325163051f2bdec984b2","6343d08dbb1ab900016b631e"
"5805325163051f2bdec984b2","6343d2743d4e620001f17e42"
"5809437c2325b42fe54743cf","6343d08dbb1ab900016b631e"
"5809437c2325b42fe54743cf","6343d2743d4e620001f17e42"
"580f2e2e2325b455b6a489f5","6343d08dbb1ab900016b631e"
"580f2e2e2325b455b6a489f5","6343d2743d4e620001f17e42"
"580f4e8f2325b455b6a49ff2","63406c0b14ee2c0001eee375"
"5810902b63051f3f6c523a80","633ecc224769100001415f11"
"5810902b63051f3f6c523a80","6343ced6bb1ab900016b62d2"
"5813205e63051f3f6c530ca8","63406c0b14ee2c0001eee375"
"58138c8563051f3f6c536c84","6343ced6bb1ab900016b62d2"
"58153e0a2005896fdfaa18c3","63406c0b14ee2c0001eee375"
"5820e9762005897816824d1a","633d5ba13b75420001f2b92d"
"5820e9762005897816824d1a","6343d08dbb1ab900016b631e"
"5820e9762005897816824d1a","6343d2743d4e620001f17e42"
"5829e6978983be22ea943c49","6343d08dbb1ab900016b631e"
"5829e6978983be22ea943c49","6343d2743d4e620001f17e42"
"582b121c8983be22ea9c3a7b","633d5ba13b75420001f2b92d"
"58320ef68983be62fe9ce38c","633d5ba13b75420001f2b92d"
"5834e2388983be62fea8d71b","633e9c975b31c30001896bb3"
"5839659f8983be62feba6995","633d5ba13b75420001f2b92d"
"583d43e38983be62fed55284","633d5ba13b75420001f2b92d"
"583dd67b2005894f9c4f0734","633ecc224769100001415f11"
"583de3152005894f9c4f0dbc","633d5ba13b75420001f2b92d"
"58407a8f2005894f9c4fdd4a","633d5ba13b75420001f2b92d"
"584a68bc8983be62fe1d89c4","63406c0b14ee2c0001eee375"
"5850307c8983be62fe4f82d8","6343ced6bb1ab900016b62d2"
"585307d28983be62fe65fdff","6343ced6bb1ab900016b62d2"
"585c6ff68983be62fe88f92d","6343d08dbb1ab900016b631e"
"585c6ff68983be62fe88f92d","6343d2743d4e620001f17e42"
"586c028a8983be62fec58dc1","6343d08dbb1ab900016b631e"
"586c028a8983be62fec58dc1","6343d2743d4e620001f17e42"
"5872b9e38983be62feefabbd","6343ce163337b70001a63d71"
"5872b9e38983be62feefabbd","6343d08dbb1ab900016b631e"
"5872b9e38983be62feefabbd","6343d2743d4e620001f17e42"
"5873bd258983be62fef383a7","633e9c975b31c30001896bb3"
"5874c7d38983be62fefad6f6","633d5ba13b75420001f2b92d"
"5874fad08983be62fefebfc7","633d5ba13b75420001f2b92d"
"58781bbe8983be62fe0eae05","633ecc224769100001415f11"
"587f5b788983be62fe3e124a","633e9c975b31c30001896bb3"
"588a12018983be62fe8b8fc1","6343ced6bb1ab900016b62d2"
"588b8cf58983be62fe99715d","6343ced6bb1ab900016b62d2"
"588cd7878983be62fea2b050","63406c0b14ee2c0001eee375"
"5893e9cb8983be62fed313ce","633ac71ec8990800018a60e9"
"5893e9cb8983be62fed313ce","633ecc224769100001415f11"
"5893e9cb8983be62fed313ce","6343ced6bb1ab900016b62d2"
"58977e118983be62fef5240c","6343ced6bb1ab900016b62d2"
"58ab66c48983be62fe81ca27","62bd8d7ce2b01d0001549dab"
"58ac7aa58983be62fe856a4a","633d5ba13b75420001f2b92d"
"58acc5648983be62fe88cf88","6343ced6bb1ab900016b62d2"
"58b565ea8983be62fed02287","633d5ba13b75420001f2b92d"
"58b5bf938983be62fed04a35","63406c0b14ee2c0001eee375"
"58b5f5638983be62fed05022","633e9c975b31c30001896bb3"
"58b5f5638983be62fed05022","6343d08dbb1ab900016b631e"
"58b5f5638983be62fed05022","6343d2743d4e620001f17e42"
"58b6bf4c8983be62fed4addd","6343d08dbb1ab900016b631e"
"58b6bf4c8983be62fed4addd","6343d2743d4e620001f17e42"
"58bab5348983be62feee371a","6343d08dbb1ab900016b631e"
"58bab5348983be62feee371a","6343d2743d4e620001f17e42"
"58c2f20f8983be62fe210646","633d5ba13b75420001f2b92d"
"58c7a4708983be62fe4a1aa8","631f1eddbfe1960001f32a54"
"58c7a4708983be62fe4a1aa8","633c44853b75420001f26813"
"58cd86818983be62fe757955","6343ce163337b70001a63d71"
"58cd86818983be62fe757955","6343ced6bb1ab900016b62d2"
"58d3bf0c8983be62fe8cb2e0","6343d08dbb1ab900016b631e"
"58d3bf0c8983be62fe8cb2e0","6343d2743d4e620001f17e42"
"58df51e28983be62febec6fc","6343d08dbb1ab900016b631e"
"58df51e28983be62febec6fc","6343d2743d4e620001f17e42"
"58e43f148983be62fecf985b","633daef2bb1ab9000169396c"
"58e52fc28983be62fed2c684","6343c5df3d4e620001f17c31"
"5902114e8983be62fe451fae","63406c0b14ee2c0001eee375"
"59063d218983be07b3e8ef61","6343c9963d4e620001f17caf"
"5909e42d8983be07b3ef2327","6343ced6bb1ab900016b62d2"
"590cbebc8983be07b3fa31ae","633e9c975b31c30001896bb3"
"590cbebc8983be07b3fa31ae","63406c0b14ee2c0001eee375"
"590f09568983be07b3059abc","633ecc224769100001415f11"
"590f09568983be07b3059abc","6343ced6bb1ab900016b62d2"
"59121aed8983be07b30e4299","6343d08dbb1ab900016b631e"
"59121aed8983be07b30e4299","6343d2743d4e620001f17e42"
"5931b5d48983be07b3957f1f","6343c9963d4e620001f17caf"
"5931b5d48983be07b3957f1f","6343d5d6bb1ab900016b645b"
"593262838983be07b395baa3","6343d08dbb1ab900016b631e"
"593262838983be07b395baa3","6343d2743d4e620001f17e42"
"5932de118983be07b39e9ef7","6343cafe3337b70001a63cf9"
"593e6b678983be04c4a7f915","63406c0b14ee2c0001eee375"
"59517c898983be27fd0fbb3b","6343ced6bb1ab900016b62d2"
"596cfa0e8983be04bc75fa7d","6343d08dbb1ab900016b631e"
"596cfa0e8983be04bc75fa7d","6343d2743d4e620001f17e42"
"596df3f58983be04bc772dff","633e9c975b31c30001896bb3"
"5971e3938983be04bc8ecdd0","633d5ba13b75420001f2b92d"
"597c60168983be04bcb923c5","6343ce163337b70001a63d71"
"59805bb98983be04bcc95c05","6343ced6bb1ab900016b62d2"
"599173838983be04bc0c4eb4","63406c0b14ee2c0001eee375"
"599f020d8983be04bc406de4","6343d08dbb1ab900016b631e"
"599f020d8983be04bc406de4","6343d2743d4e620001f17e42"
"599f3ad98983be04bc45d8dc","633ecc224769100001415f11"
"59a165428983be04bc521b58","633e9c975b31c30001896bb3"
"59a165428983be04bc521b58","6343ced6bb1ab900016b62d2"
"59a56cf38983be04bc6209ce","6343d08dbb1ab900016b631e"
"59a56cf38983be04bc6209ce","6343d2743d4e620001f17e42"
"59ad2a8a0e0d4e71d85e5657","6343d08dbb1ab900016b631e"
"59ad2a8a0e0d4e71d85e5657","6343d2743d4e620001f17e42"
"59aea58fa7934d0435d79ecd","633ac71ec8990800018a60e9"
"59aea58fa7934d0435d79ecd","633e9c975b31c30001896bb3"
"59aea58fa7934d0435d79ecd","6343ce163337b70001a63d71"
"59aea58fa7934d0435d79ecd","6343ced6bb1ab900016b62d2"
"59b2befce204516892b237c2","633ac71ec8990800018a60e9"
"59bbf537a7934d0435dd514c","633e9c975b31c30001896bb3"
"59caa675a7934d0d12d8c5a9","633d5ba13b75420001f2b92d"
"59ce0f98e20451673bccd901","633ecc224769100001415f11"
"59ce0f98e20451673bccd901","6343ced6bb1ab900016b62d2"
"59ce0f98e20451673bccd901","6343d08dbb1ab900016b631e"
"59ce0f98e20451673bccd901","6343d2743d4e620001f17e42"
"59d50956a7934d684624ae05","633d5ba13b75420001f2b92d"
"59d73502a7934d4793d0b2b9","6343ced6bb1ab900016b62d2"
"59d76833a7934d4793d102c1","6343ced6bb1ab900016b62d2"
"59d771f4a7934d4793d10bc6","6343ced6bb1ab900016b62d2"
"59d9a000e204510c803083df","633e9c975b31c30001896bb3"
"59dbbea3a7934d5182f6ae84","6343ced6bb1ab900016b62d2"
"59dd2baa0e0d4e16a911467e","633d5ba13b75420001f2b92d"
"59e7327fe204510618b7e615","633e9c975b31c30001896bb3"
"59e9afac0e0d4e35b05c6989","633d5ba13b75420001f2b92d"
"59e9afac0e0d4e35b05c6989","633e9c975b31c30001896bb3"
"59e9afac0e0d4e35b05c6989","63406c0b14ee2c0001eee375"
"59e9afac0e0d4e35b05c6989","6343d08dbb1ab900016b631e"
"59e9afac0e0d4e35b05c6989","6343d2743d4e620001f17e42"
"59f3049ea7934d05fad141eb","6343ce163337b70001a63d71"
"59f317ad0e0d4e587eae3aa3","633e9c975b31c30001896bb3"
"59f85ebc0e0d4e274969b534","6343ce163337b70001a63d71"
"59f85ebc0e0d4e274969b534","6343d08dbb1ab900016b631e"
"59f85ebc0e0d4e274969b534","6343d2743d4e620001f17e42"
"59fa4783a7934d499cae8385","6343d08dbb1ab900016b631e"
"59fa4783a7934d499cae8385","6343d2743d4e620001f17e42"
"59fca2a8e20451561bbc61be","6343ced6bb1ab900016b62d2"
"5a0084e7e20451561bbe318f","63406c0b14ee2c0001eee375"
"5a0211640e0d4e66d9645773","6343ced6bb1ab900016b62d2"
"5a02e3240e0d4e26550737c7","63406c0b14ee2c0001eee375"
"5a057c980e0d4e6e79e4072c","63406c0b14ee2c0001eee375"
"5a0ad1a9e2045172bf8baa35","6343ced6bb1ab900016b62d2"
"5a0c27f0e2045172bf8c7ed6","6343ced6bb1ab900016b62d2"
"5a0c981ce204516e008c9a65","6343ced6bb1ab900016b62d2"
"5a0ec948e2045179007d440d","63406c0b14ee2c0001eee375"
"5a10254e0e0d4e3e3a8f8547","6343d08dbb1ab900016b631e"
"5a10254e0e0d4e3e3a8f8547","6343d2743d4e620001f17e42"
"5a1596a2a7934d7b70ac98b0","6343ced6bb1ab900016b62d2"
"5a18121ae2045113678efcb1","6343ced6bb1ab900016b62d2"
"5a1c88f8a7934d5d086898b0","6343ced6bb1ab900016b62d2"
"5a240d610e0d4e13958e90ec","6343ced6bb1ab900016b62d2"
"5a270cb40e0d4e1c8bec31b2","6343d08dbb1ab900016b631e"
"5a270cb40e0d4e1c8bec31b2","6343d2743d4e620001f17e42"
"5a30310e0e0d4e192649f0b3","633e9c975b31c30001896bb3"
"5a32e3a6a7934d4cbf0fca95","6343d08dbb1ab900016b631e"
"5a32e3a6a7934d4cbf0fca95","6343d2743d4e620001f17e42"
"5a478c63a7934d098ce419cc","633e9c975b31c30001896bb3"
"5a478c63a7934d098ce419cc","6343ced6bb1ab900016b62d2"
"5a5dfcae0e0d4e7f30a79904","633e9c975b31c30001896bb3"
"5a5fd9daa7934d2029b91026","633e9c975b31c30001896bb3"
"5a6b51080e0d4e7a8b5f072a","6343ced6bb1ab900016b62d2"
"5a8d3e280e0d4e4678c4facf","633ecc224769100001415f11"
"5a8efa3ca7934d3bf5c01292","633ecc224769100001415f11"
"5a8efa3ca7934d3bf5c01292","63406c0b14ee2c0001eee375"
"5a92bcd4e2045162467508e4","6343ced6bb1ab900016b62d2"
"5a92bcd4e2045162467508e4","6343d7bd3337b70001a63f92"
"5aa143800e0d4e44eece15e3","6343ce163337b70001a63d71"
"5aa42e39e2045157d1e25c71","6343d08dbb1ab900016b631e"
"5aa42e39e2045157d1e25c71","6343d2743d4e620001f17e42"
"5aa77705e204517f70ba0bd0","63432cf33d4e620001f1602f"
"5aa9a72ca7934d7f7631a65d","633e9c975b31c30001896bb3"
"5aa9a72ca7934d7f7631a65d","6343ced6bb1ab900016b62d2"
"5ab931230e0d4e0d564ef2a1","633e9c975b31c30001896bb3"
"5ab931230e0d4e0d564ef2a1","6343ced6bb1ab900016b62d2"
"5aba6f27e20451051fbacbbf","633d5ba13b75420001f2b92d"
"5aba76d7a7934d2ec47b0d13","6343ced6bb1ab900016b62d2"
"5ac144c5a7934d52ff3fb89e","633e9c975b31c30001896bb3"
"5ac144c5a7934d52ff3fb89e","63406c0b14ee2c0001eee375"
"5ac3c8800e0d4e196d094a8e","6343ebed3337b70001a6452b"
"5ad51a21a7934d75f30e5ba3","633d5ba13b75420001f2b92d"
"5ad99ac60e0d4e172f2de46c","6343ce163337b70001a63d71"
"5ae178b4a7934d0d74dda1f9","63406c0b14ee2c0001eee375"
"5ae31284e204515b37ef8f3c","6343ced6bb1ab900016b62d2"
"5ae70d180e0d4e18504aaf45","6343ced6bb1ab900016b62d2"
"5ae860430e0d4e18504b10ea","6343ced6bb1ab900016b62d2"
"5af03f21a7934d0d74e22c3c","633d5ba13b75420001f2b92d"
"5af03f21a7934d0d74e22c3c","6343ce163337b70001a63d71"
"5af047b6a7934d0d74e22c83","63406c0b14ee2c0001eee375"
"5af047b6a7934d0d74e22c83","6343ced6bb1ab900016b62d2"
"5af55f26a7934d51313e9ac2","6343ced6bb1ab900016b62d2"
"5af64282e204517d71eaa2fb","63406c0b14ee2c0001eee375"
"5af6b62de204517d71eaa646","633e9c975b31c30001896bb3"
"5af74a18e204517d71eab193","633e9c975b31c30001896bb3"
"5af74a18e204517d71eab193","6343ced6bb1ab900016b62d2"
"5afc022d0e0d4e41bddb2bdb","6343ced6bb1ab900016b62d2"
"5b24ef39e2045109d719b63d","6343ced6bb1ab900016b62d2"
"5b24ef39e2045109d719b63d","6343d08dbb1ab900016b631e"
"5b24ef39e2045109d719b63d","6343d2743d4e620001f17e42"
"5b2a157d0e0d4e30160980d0","633e9c975b31c30001896bb3"
"5b2a157d0e0d4e30160980d0","6343ced6bb1ab900016b62d2"
"5b2a8d680e0d4e2ed0bad9ae","6343ced6bb1ab900016b62d2"
"5b2cd42ea7934d7585b2b0d3","633e9c975b31c30001896bb3"
"5b2ffe8be2045135a244545a","61e819f77090ca0001a0b177"
"5b35375f0e0d4e29c78b2ebd","6343ce163337b70001a63d71"
"5b379d9a0e0d4e3c3f1a9324","634041f2bb1ab900016a1eeb"
"5b3aa7aaa7934d3408cd1b92","6343ce163337b70001a63d71"
"5b3ba691a7934d3408cd2b07","633d5ba13b75420001f2b92d"
"5b3baacca7934d3408cd2b4a","63406c0b14ee2c0001eee375"
"5b3baacca7934d3408cd2b4a","6343ce163337b70001a63d71"
"5b3dcf09e2045108f90edbf5","633e9c975b31c30001896bb3"
"5b42224f0e0d4e0779f24667","63406c0b14ee2c0001eee375"
"5b4462610e0d4e0779f2b794","63406c0b14ee2c0001eee375"
"5b513e2d0e0d4e109f81cef5","63432cf33d4e620001f1602f"
"5b54dacde204512dbdcd4a7d","6343cc1f3d4e620001f17d09"
"5b58521ba7934d2ffa00f351","6343ced6bb1ab900016b62d2"
"5b6203c6e204513c86191a5b","6343d7bd3337b70001a63f92"
"5b6ab34ae204510d6abf842d","63406c0b14ee2c0001eee375"
"5b6ad2160e0d4e09ad762801","633e9c975b31c30001896bb3"
"5b6c561a0e0d4e09ad765cd9","633e9c975b31c30001896bb3"
"5b6c76daa7934d5da2b67e10","633d5ba13b75420001f2b92d"
"5b6c937f0e0d4e09ad768254","633e9c975b31c30001896bb3"
"5b7176cba7934d70556ddaf7","6343ced6bb1ab900016b62d2"
"5b71ca20a7934d70556df478","63406c0b14ee2c0001eee375"
"5b71ca20a7934d70556df478","6343ced6bb1ab900016b62d2"
"5b74687e0e0d4e558a4ad453","633d5ba13b75420001f2b92d"
"5b79a4e4e204510645cdbc7e","633e9c975b31c30001896bb3"
"5b8fef3fa7934d24afa5c8f1","633d5ba13b75420001f2b92d"
"5b971d70a7934d24afabc126","6343ced6bb1ab900016b62d2"
"5b9fdb59e2045116455bb72f","63406c0b14ee2c0001eee375"
"5ba665e8e2045148b8ae87ca","633e9c975b31c30001896bb3"
"5ba665e8e2045148b8ae87ca","6343d8d03d4e620001f17fbd"
"5ba70c7be2045116207ae553","633ecc224769100001415f11"
"5bab3daae204514097c526a9","633d5ba13b75420001f2b92d"
"5bab3daae204514097c526a9","6343d08dbb1ab900016b631e"
"5bab3daae204514097c526a9","6343d2743d4e620001f17e42"
"5bb642f2a7934d0e365f4c71","6343cafe3337b70001a63cf9"
"5bb7a2bce204514b9d95f500","63406c0b14ee2c0001eee375"
"5bbdc0d1e2045118009ccbb3","63406c0b14ee2c0001eee375"
"5bc43115e2045147e3f6a8c9","63406c0b14ee2c0001eee375"
"5bc44db1e2045147e3f6aaf5","6343ce163337b70001a63d71"
"5bc4523b0e0d4e176a3f9368","633d5ba13b75420001f2b92d"
"5bc70c69e2045147e3f738f1","6343cc7e3d4e620001f17d17"
"5bc84a47a7934d1d2fd79d0a","633d5ba13b75420001f2b92d"
"5bc84a47a7934d1d2fd79d0a","6343ce163337b70001a63d71"
"5bd199e7e204517697f81b04","63406c0b14ee2c0001eee375"
"5bd199e7e204517697f81b04","6343d7bd3337b70001a63f92"
"5bd33d460e0d4e68332c0d24","6343d08dbb1ab900016b631e"
"5bd33d460e0d4e68332c0d24","6343d2743d4e620001f17e42"
"5bd58af10e0d4e68332d1b63","6343d08dbb1ab900016b631e"
"5bd58af10e0d4e68332d1b63","6343d2743d4e620001f17e42"
"5bd6fe230e0d4e68332d6393","633d5ba13b75420001f2b92d"
"5bd81a6f0e0d4e6c05d1cf8c","633d5ba13b75420001f2b92d"
"5bd98b21e204517e0c17e5c1","63406c0b14ee2c0001eee375"
"5bdb1156e2045121142f6cf7","6343ced6bb1ab900016b62d2"
"5bdcc810e20451211430b58d","63406c0b14ee2c0001eee375"
"5be04c2b0e0d4e5ac8ecf710","6343ced6bb1ab900016b62d2"
"5be1bd47e2045136a8cdd4cb","633ecc224769100001415f11"
"5be72a80a7934d3bce542819","633d5ba13b75420001f2b92d"
"5beef1a3e20451358fb32374","6343d08dbb1ab900016b631e"
"5beef1a3e20451358fb32374","6343d2743d4e620001f17e42"
"5bf2a447a7934d645ec61daf","633d5ba13b75420001f2b92d"
"5bf7daf10e0d4e52f32d7a87","633e9c975b31c30001896bb3"
"5bf7daf10e0d4e52f32d7a87","6343d08dbb1ab900016b631e"
"5bf7daf10e0d4e52f32d7a87","6343d2743d4e620001f17e42"
"5bf8a4d0e204510a362f956a","633ecc224769100001415f11"
"5c05959ca7934d031fe9328e","633d5ba13b75420001f2b92d"
"5c095391e20451457023d154","63406c0b14ee2c0001eee375"
"5c0a553aa7934d031fea2f5b","63406c0b14ee2c0001eee375"
"5c0d43b0a7934d031feac1ca","633d5ba13b75420001f2b92d"
"5c0effdd0e0d4e387ea99a15","63406c0b14ee2c0001eee375"
"5c0effdd0e0d4e387ea99a15","6343ced6bb1ab900016b62d2"
"5c24c80b0e0d4e3c5308aac3","6342ded23d4e620001f14329"
"5c33654fa7934d50011d2edf","633ecc224769100001415f11"
"5c3e479ee2045135e217bd6f","63432cf33d4e620001f1602f"
"5c4110f7a7934d7f94851901","63432cf33d4e620001f1602f"
"5c4a0e5ba7934d0ec43458b3","6343d08dbb1ab900016b631e"
"5c4a0e5ba7934d0ec43458b3","6343d2743d4e620001f17e42"
"5c4a14dfa7934d0ec43459a8","633e9c975b31c30001896bb3"
"5c5196efa7934d0ec43653c0","6343ced6bb1ab900016b62d2"
"5c53613ca7934d0ec436b0e4","633d5ba13b75420001f2b92d"
"5c53613ca7934d0ec436b0e4","6343d08dbb1ab900016b631e"
"5c53613ca7934d0ec436b0e4","6343d2743d4e620001f17e42"
"5c557c61a7934d0ec437b2a9","633e9c975b31c30001896bb3"
"5c58928f0e0d4e71487e9f22","633d5ba13b75420001f2b92d"
"5c59674ce204513fef5f2ff9","6343d08dbb1ab900016b631e"
"5c59674ce204513fef5f2ff9","6343d2743d4e620001f17e42"
"5c5b6d21e204512d6e87ed33","63406c0b14ee2c0001eee375"
"5c5b6d21e204512d6e87ed33","6343ced6bb1ab900016b62d2"
"5c6d4196e204512d6e8e4dcd","6343ced6bb1ab900016b62d2"
"5c742341e204516b560b1887","63406c0b14ee2c0001eee375"
"5c756b320e0d4e4877edf96a","633d5ba13b75420001f2b92d"
"5c79a9c8e204516009e10583","63406c0b14ee2c0001eee375"
"5c81afd9a7934d5c3eba0a3b","633d5ba13b75420001f2b92d"
"5c84345e0e0d4e7bfc285bbc","633d5ba13b75420001f2b92d"
"5c84345e0e0d4e7bfc285bbc","6343d08dbb1ab900016b631e"
"5c84345e0e0d4e7bfc285bbc","6343d2743d4e620001f17e42"
"5c871ac00e0d4e7bfc2a63b8","633dce9fbb1ab90001694ae9"
"5c89ea8ea7934d68be8d78d0","63432cf33d4e620001f1602f"
"5c9d82d40e0d4e36cdac1ffc","633e9c975b31c30001896bb3"
"5c9f66760e0d4e36cdad170b","63406c0b14ee2c0001eee375"
"5c9fab6da7934d38e443a241","6343ced6bb1ab900016b62d2"
"5ca7b5efe20451714ae7d7ea","63432cf33d4e620001f1602f"
"5cabab13a7934d081fb16663","633e9c975b31c30001896bb3"
"5cb9c7cfe204515d32685cc1","633e9c975b31c30001896bb3"
"5cb9d385a7934d7a2dfd0efa","633ecc224769100001415f11"
"5cb9d385a7934d7a2dfd0efa","6343ce163337b70001a63d71"
"5cc626fae204510b642a68ba","63432cf33d4e620001f1602f"
"5ccda0010e0d4e4a8be6f566","63406c0b14ee2c0001eee375"
"5ccf00b7e204510b642dad64","6343ced6bb1ab900016b62d2"
"5cd1860c0e0d4e04e621308b","6343d7bd3337b70001a63f92"
"5cdbf1d40e0d4e53b4a21097","6343ce163337b70001a63d71"
"5cdbf1d40e0d4e53b4a21097","6343ebed3337b70001a6452b"
"5ce5abbde204511e74f611c4","633d5ba13b75420001f2b92d"
"5ce6e376e204511e74f8db07","6343d08dbb1ab900016b631e"
"5ce6e376e204511e74f8db07","6343d2743d4e620001f17e42"
"5ce77865a7934d0e2acf96df","63406c0b14ee2c0001eee375"
"5ce79ca80e0d4e783f2320e5","63406c0b14ee2c0001eee375"
"5cf02171e204511b3af7270f","633d5ba13b75420001f2b92d"
"5cf81908e204514bc86ba423","63432cf33d4e620001f1602f"
"5cf97d980e0d4e4630c6aed2","6343d08dbb1ab900016b631e"
"5cf97d980e0d4e4630c6aed2","6343d2743d4e620001f17e42"
"5d02b764a7934d3dd37e8b3f","63406c0b14ee2c0001eee375"
"5d02b764a7934d3dd37e8b3f","6343ced6bb1ab900016b62d2"
"5d03660be204514d2f028cf4","6343ce163337b70001a63d71"
"5d04fbfb0e0d4e6b06efbf17","6343ced6bb1ab900016b62d2"
"5d078d72a7934d3dd3803e52","633d5ba13b75420001f2b92d"
"5d078d72a7934d3dd3803e52","6343ce163337b70001a63d71"
"5d0ba705e204513b35c3596b","6343ced6bb1ab900016b62d2"
"5d0ffb16e204512565fc4d85","6343ce163337b70001a63d71"
"5d12a520a7934d1677fc9044","6343d08dbb1ab900016b631e"
"5d12a520a7934d1677fc9044","6343d2743d4e620001f17e42"
"5d15ce67a7934d1677ff282f","6343d08dbb1ab900016b631e"
"5d15ce67a7934d1677ff282f","6343d2743d4e620001f17e42"
"5d1bd6da0e0d4e4c5ba6c2fe","6343d08dbb1ab900016b631e"
"5d1bd6da0e0d4e4c5ba6c2fe","6343d2743d4e620001f17e42"
"5d1e55580e0d4e73086e0eb3","633ecc224769100001415f11"
"5d1ef4a9e20451510291a7f0","633e9c975b31c30001896bb3"
"5d1f15dfa7934d418821b952","633d5ba13b75420001f2b92d"
"5d1f4a89a7934d4188221065","6343d08dbb1ab900016b631e"
"5d1f4a89a7934d4188221065","6343d2743d4e620001f17e42"
"5d1f5c2da7934d4188230be0","63406c0b14ee2c0001eee375"
"5d20408fa7934d4188232b6d","6343d08dbb1ab900016b631e"
"5d20408fa7934d4188232b6d","6343d2743d4e620001f17e42"
"5d235dcfe20451721431ecb6","6343ced6bb1ab900016b62d2"
"5d27a2d0e20451214f1ca8d1","6343ce163337b70001a63d71"
"5d2e2558a7934d742f7ad328","6343d08dbb1ab900016b631e"
"5d2e2558a7934d742f7ad328","6343d2743d4e620001f17e42"
"5d39072ce204516861079609","633dce9fbb1ab90001694ae9"
"5d3a46eee20451686109cb1e","62c86525c7a4cb0001d4464f"
"5d4859afe204517248b9bea8","633e9c975b31c30001896bb3"
"5d4859afe204517248b9bea8","63406c0b14ee2c0001eee375"
"5d49e568a7934d289d491a55","63406c0b14ee2c0001eee375"
"5d4c8c24e204513817b6d5f2","63406c0b14ee2c0001eee375"
"5d4ebce6e204513817b7b322","6343d08dbb1ab900016b631e"
"5d4ebce6e204513817b7b322","6343d2743d4e620001f17e42"
"5d4f2da2a7934d0df181acfb","6343ced6bb1ab900016b62d2"
"5d5144d4e204515d1a9be00d","633d5ba13b75420001f2b92d"
"5d5144d4e204515d1a9be00d","633e9c975b31c30001896bb3"
"5d5d040be2045142c42311d7","633d5ba13b75420001f2b92d"
"5d5d040be2045142c42311d7","6343d08dbb1ab900016b631e"
"5d5d040be2045142c42311d7","6343d2743d4e620001f17e42"
"5d6554aca7934d4bebc52590","63406c0b14ee2c0001eee375"
"5d6583c60e0d4e0b8e4cac82","62c86525c7a4cb0001d4464f"
"5d6a2d64e20451227cb7a331","63406c0b14ee2c0001eee375"
"5d6d85e30e0d4e604c2c5322","6343ced6bb1ab900016b62d2"
"5d6e99bd0e0d4e5c1a0c608d","6343ce163337b70001a63d71"
"5d6fc723a7934d5bec238dfc","633e9c975b31c30001896bb3"
"5d70200fa7934d5bec23b995","6343ced6bb1ab900016b62d2"
"5d70416ba7934d5bec23c107","633e9c975b31c30001896bb3"
"5d7183a90e0d4e5c1a0f35c7","6343ced6bb1ab900016b62d2"
"5d7225a0e2045104ee647458","6343ced6bb1ab900016b62d2"
"5d73cb15a7934d2e5a40eb29","6343ced6bb1ab900016b62d2"
"5d7958450e0d4e6c8b7b3be5","633e9c975b31c30001896bb3"
"5d7a0fa7a7934d18ba1678c0","633d5ba13b75420001f2b92d"
"5d7ab4a8e204514061cd2057","6343ced6bb1ab900016b62d2"
"5d7f2ddee2045160cab95e3c","6343d08dbb1ab900016b631e"
"5d7f2ddee2045160cab95e3c","6343d2743d4e620001f17e42"
"5d7f49b2a7934d38faf49bef","63406c0b14ee2c0001eee375"
"5d8201d4a7934d2e527a4eea","633e9b8f5b31c30001896b54"
"5424a6e02325b43799001dbd","63406c0b14ee2c0001eee375"
"542bee512325b43d0600c765","633e9c975b31c30001896bb3"
"5432ac8d63051f3347003882","63406c0b14ee2c0001eee375"
"5432ac8d63051f3347003882","6343ced6bb1ab900016b62d2"
"54365cb863051f673a000e2e","633d5ba13b75420001f2b92d"
"5446005263051f3cdf001dc6","633d5ba13b75420001f2b92d"
"5446005263051f3cdf001dc6","6343ce163337b70001a63d71"
"5446005263051f3cdf001dc6","6343ced6bb1ab900016b62d2"
"544f83952325b44153001c71","6343ced6bb1ab900016b62d2"
"5450f78763051f26a90034e7","633d5ba13b75420001f2b92d"
"545a60de2325b418590025e8","6343ced6bb1ab900016b62d2"
"54953f8963051f177b000622","6343d08dbb1ab900016b631e"
"54953f8963051f177b000622","6343d2743d4e620001f17e42"
"54aad30563051f177b00a95b","6343ced6bb1ab900016b62d2"
"54b315ec63051f177b0100fc","633e9c975b31c30001896bb3"
"54b315ec63051f177b0100fc","6343ced6bb1ab900016b62d2"
"54bada3e2325b45a0200379c","633d5ba13b75420001f2b92d"
"54bada3e2325b45a0200379c","6343ce163337b70001a63d71"
"54c9254d2325b44630004124","633d5ba13b75420001f2b92d"
"54e457d463051f22d3005778","6343d08dbb1ab900016b631e"
"54e457d463051f22d3005778","6343d2743d4e620001f17e42"
"54e5bd7163051f22d3007469","633d5ba13b75420001f2b92d"
"54eb9f782325b4632000997d","6343ced6bb1ab900016b62d2"
"54f1e163f01b30601600ce51","63406c0b14ee2c0001eee375"
"54f4541d2325b4632000ecbb","633e9c975b31c30001896bb3"
"54f4541d2325b4632000ecbb","633ecc224769100001415f11"
"54f6303c63051f512e005a6c","633e9c975b31c30001896bb3"
"54f6303c63051f512e005a6c","6343ced6bb1ab900016b62d2"
"54f6303c63051f512e005a6c","6343d7bd3337b70001a63f92"
"54f6fc579bf7e85ea3011b12","633e9c975b31c30001896bb3"
"54f8e78963051f5f89000f93","6343ced6bb1ab900016b62d2"
"55058f0b2325b43314005dd8","6343ced6bb1ab900016b62d2"
"55058f0b2325b43314005dd8","6343d08dbb1ab900016b631e"
"55058f0b2325b43314005dd8","6343d2743d4e620001f17e42"
"5508bc1e2325b404830022f5","633e9c975b31c30001896bb3"
"5513519363051f0335008198","63406c0b14ee2c0001eee375"
"5550dede63051f6ee301a2b4","633d5ba13b75420001f2b92d"
"5557dc0d63051f199a003457","633ecc224769100001415f11"
"5557dc0d63051f199a003457","6343d08dbb1ab900016b631e"
"5557dc0d63051f199a003457","6343d2743d4e620001f17e42"
"557165cb2325b452e500582e","63406c0b14ee2c0001eee375"
"55782f3b63051f66f70171c5","6343ce163337b70001a63d71"
"557885d22325b452e501432a","633d5ba13b75420001f2b92d"
"557885d22325b452e501432a","6343ce163337b70001a63d71"
"558814cb2325b4219d00f100","633e9c975b31c30001896bb3"
"558c37782325b441be000c03","633ecc224769100001415f11"
"5593e0302325b4782100561f","63406c0b14ee2c0001eee375"
"55a423732325b438dc01825b","6343ced6bb1ab900016b62d2"
"55a612992325b438dc0202b4","633d5ba13b75420001f2b92d"
"55a8c52963051f0d89023a7b","6343ced6bb1ab900016b62d2"
"55a8c59a9bf7e8671a003a9b","633ecc224769100001415f11"
"55a8cbd1f01b3066e7006658","633e9c975b31c30001896bb3"
"55a8cbd1f01b3066e7006658","6343ced6bb1ab900016b62d2"
"55b4e4812325b4565e0139ae","6343ce163337b70001a63d71"
"55b508129bf7e8270000e0d2","6343ced6bb1ab900016b62d2"
"55b529b22325b4565e014319","6343d08dbb1ab900016b631e"
"55b529b22325b4565e014319","6343d2743d4e620001f17e42"
"55b7800af01b303eac01a405","633d5ba13b75420001f2b92d"
"55cc6a942325b4595100bb2d","6343ced6bb1ab900016b62d2"
"55cc6a942325b4595100bb2d","6343d7bd3337b70001a63f92"
"55d4a7e72325b47bc9007eba","633e9c975b31c30001896bb3"
"55db5b7bf01b303ac8000596","633ecc224769100001415f11"
"55df46e92325b44ff100182f","633e9c975b31c30001896bb3"
"55df4725104ec82a500017a9","6343ced6bb1ab900016b62d2"
"55e06b802325b447ca000152","63406c0b14ee2c0001eee375"
"55e06b802325b447ca000152","6343ced6bb1ab900016b62d2"
"55e74fc79bf7e87223005294","6343ced6bb1ab900016b62d2"
"55f8bb809bf7e838580103b7","6343ced6bb1ab900016b62d2"
"55fac6d6f77f30525000163e","6342ded23d4e620001f14329"
"55fd16d3104ec81528001f82","6343d08dbb1ab900016b631e"
"55fd16d3104ec81528001f82","6343d2743d4e620001f17e42"
"56035a1f2325b41f64004008","6343ced6bb1ab900016b62d2"
"5605b7de9bf7e83f200074a2","6343ce163337b70001a63d71"
"56090843104ec813c700ac6c","633d5ba13b75420001f2b92d"
"560a5e3cf77f30124f00c583","633e9c975b31c30001896bb3"
"560cf8cae648c01095002785","633d5ba13b75420001f2b92d"
"560cf8cae648c01095002785","6343ce163337b70001a63d71"
"5623dee5cc11fa4073bed52d","6343ced6bb1ab900016b62d2"
"5630ca82cc11fa5716d0712c","633e9c975b31c30001896bb3"
"5634e9f3f77f304133bb2c50","63406c0b14ee2c0001eee375"
"563a83c1f77f30021029405c","633ecc224769100001415f11"
"563f6099f77f30021029c494","633d5ba13b75420001f2b92d"
"564f062cf77f30627627d693","633d5ba13b75420001f2b92d"
"564f062cf77f30627627d693","63406c0b14ee2c0001eee375"
"565712802325b4542e264054","63406c0b14ee2c0001eee375"
"565df8e0cc11fa6426e2b9f5","633e9c975b31c30001896bb3"
"565fcaffe648c01d17122488","633d5ba13b75420001f2b92d"
"567499dbf01b304f2400ddf4","633d5ba13b75420001f2b92d"
"5683ecaf63051f79010045b9","633d5ba13b75420001f2b92d"
"56890a4c63051f790100b052","6342ded23d4e620001f14329"
"568c313a63051f6d7a0030a4","63406c0b14ee2c0001eee375"
"568d93fe2005894df4006ac6","633e9c975b31c30001896bb3"
"5694f1c52325b406c8005ba8","63406c0b14ee2c0001eee375"
"5697a16c63051f204000aa52","6343ced6bb1ab900016b62d2"
"569966182005895f04016dc4","63406c0b14ee2c0001eee375"
"56a117c7f01b305004003b82","63406c0b14ee2c0001eee375"
"56a958ce63051f309c006d3c","633d5ba13b75420001f2b92d"
"56ab672f200589723800a8c7","633e9c975b31c30001896bb3"
"56b9f4a82325b44ff3003d60","633d557810d35d000159a454"
"56b9f4a82325b44ff3003d60","6343ce163337b70001a63d71"
"56b9f4a82325b44ff3003d60","6343d08dbb1ab900016b631e"
"56b9f4a82325b44ff3003d60","6343d2743d4e620001f17e42"
"56ba75232325b44ff300559e","6343d08dbb1ab900016b631e"
"56ba75232325b44ff300559e","6343d2743d4e620001f17e42"
"56bfabcb2325b406ac003d64","6343ce163337b70001a63d71"
"56d9d9492005897897000276","6343ced6bb1ab900016b62d2"
"56ddd0dcf01b304a09006aae","633e9c975b31c30001896bb3"
"56ddd0dcf01b304a09006aae","63406c0b14ee2c0001eee375"
"56e9d03a63051f1ec00043b1","6343d08dbb1ab900016b631e"
"56e9d03a63051f1ec00043b1","6343d2743d4e620001f17e42"
"56f166cb2325b432d8006413","633d5ba13b75420001f2b92d"
"56fd8f92200589445691df2e","6343ced6bb1ab900016b62d2"
"5702701a20058972dadfa3af","633e9c975b31c30001896bb3"
"5702701a20058972dadfa3af","6343ced6bb1ab900016b62d2"
"57067670200589306441308e","63406c0b14ee2c0001eee375"
"57091b4063051f4f0ebf2dac","6343ced6bb1ab900016b62d2"
"570cc67f63051f2055b5ba7b","6342ded23d4e620001f14329"
"57120729200589535212e11d","633d5ba13b75420001f2b92d"
"5716905b2325b44b1b2faf09","633e9c975b31c30001896bb3"
"571f1bc72325b4695a556801","63406c0b14ee2c0001eee375"
"5725c1dc63051f47af890c3c","6343ced6bb1ab900016b62d2"
"5736d44c63051f24f65b96ce","6343ced6bb1ab900016b62d2"
"5748505963051f6f289c188e","633d5ba13b75420001f2b92d"
"575894c263051f6405d41083","633d5ba13b75420001f2b92d"
"575be80863051f6405d4c4af","6343ced6bb1ab900016b62d2"
"5763047920058918191309af","633e9c975b31c30001896bb3"
"576e66b320058923dd228f02","633ecc224769100001415f11"
"57726fc52325b4057d45eb3b","63406c0b14ee2c0001eee375"
"577299732325b4057d45f285","633d5ba13b75420001f2b92d"
"5779705a2005895434daca00","633d5ba13b75420001f2b92d"
"578918152005893474c06f71","6343ced6bb1ab900016b62d2"
"578f4bf02005893474c14eb6","6343d08dbb1ab900016b631e"
"578f4bf02005893474c14eb6","6343d2743d4e620001f17e42"
"5791495f63051f47151ba01e","633d5ba13b75420001f2b92d"
"57965f8a63051f47151c663c","633e9c975b31c30001896bb3"
"579f823963051f48e4cae6c1","6343d08dbb1ab900016b631e"
"579f823963051f48e4cae6c1","6343d2743d4e620001f17e42"
"57a073742325b419add30279","633d5ba13b75420001f2b92d"
"57a2590c63051f48e4cb925d","633e9c975b31c30001896bb3"
"57a443df2325b419add3c3b7","633d5ba13b75420001f2b92d"
"57aaf15963051f48e4ccc735","633e9c975b31c30001896bb3"
"57ab30ff63051f48e4ccda27","633d557810d35d000159a454"
"57ac5c9b63051f48e4cd1213","6343d08dbb1ab900016b631e"
"57ac5c9b63051f48e4cd1213","6343d2743d4e620001f17e42"
"57af3ad663051f48e4cd97c3","633e9c975b31c30001896bb3"
"57b9b52b63051f48e4cf2658","633e9c975b31c30001896bb3"
"57b9b52b63051f48e4cf2658","6343ced6bb1ab900016b62d2"
"57b9ff9763051f48e4cf327b","63406c0b14ee2c0001eee375"
"57bd7cb62005896663c832be","634041f2bb1ab900016a1eeb"
"57bef3d663051f446b9d8221","6343ce163337b70001a63d71"
"57c2349163051f446b9e7edc","6343ced6bb1ab900016b62d2"
"57c702dc2325b43d3e4b6f12","633d5ba13b75420001f2b92d"
"57c702dc2325b43d3e4b6f12","633e9c975b31c30001896bb3"
"57c8740f63051f5a5b719b89","63406c0b14ee2c0001eee375"
"57c8740f63051f5a5b719b89","6343d08dbb1ab900016b631e"
"57c8740f63051f5a5b719b89","6343d2743d4e620001f17e42"
"57c92f2b200589511fef89a6","63406c0b14ee2c0001eee375"
"57c96b552325b43d3e4c56c5","6343ced6bb1ab900016b62d2"
"57cd4bfa2005895c20b2bb41","6342fa5d3d4e620001f14ce6"
"57cf77ad2325b4681cac98ef","633d5ba13b75420001f2b92d"
"57d12b3c63051f5a5b73cb07","633e9c975b31c30001896bb3"
"57d14b2563051f5a5b73dc8b","63406c0b14ee2c0001eee375"
"57d3302e2325b417cf99506f","6343d7bd3337b70001a63f92"
"57d449b263051f5a5b7507ac","633e9c975b31c30001896bb3"
"57d449b263051f5a5b7507ac","63406c0b14ee2c0001eee375"
"57d7199d63051f5a5b75d3bc","6343ced6bb1ab900016b62d2"
"57d9abec2005893b7fdfab87","63406c0b14ee2c0001eee375"
"57d9abec2005893b7fdfab87","6343ced6bb1ab900016b62d2"
"57dbabfc63051f3b74b1da02","6343ced6bb1ab900016b62d2"
"57dbb55b63051f3b74b1edf3","633e9c975b31c30001896bb3"
"57deed692325b467fff0caa2","6343ced6bb1ab900016b62d2"
"57e17c0f63051f3b74b42eac","633ecc224769100001415f11"
"57f3dde663051f154c0ac139","633d5ba13b75420001f2b92d"
"57fbd99063051f154c0cdbaf","633d5ba13b75420001f2b92d"
"57fbd99063051f154c0cdbaf","6343ced6bb1ab900016b62d2"
"57ff83e42325b4188630522a","633e9c975b31c30001896bb3"
"57ffae24200589436add904f","6343ce163337b70001a63d71"
"57ffbace200589436add958e","633d5ba13b75420001f2b92d"
"580588b32005891d004e1388","633e9c975b31c30001896bb3"
"5810b9ce2005896fdfa896bf","6343ced6bb1ab900016b62d2"
"5814fcfb2005896fdfaa0af2","6343d08dbb1ab900016b631e"
"5814fcfb2005896fdfaa0af2","6343d2743d4e620001f17e42"
"5818b56b2005895036eb874c","6343ced6bb1ab900016b62d2"
"582094e9200589781681fef8","633e9c975b31c30001896bb3"
"582094e9200589781681fef8","6343ced6bb1ab900016b62d2"
"5829a3f063051f5d4980ad80","6343d08dbb1ab900016b631e"
"5829a3f063051f5d4980ad80","6343d2743d4e620001f17e42"
"582a40578983be22ea98e001","633d5ba13b75420001f2b92d"
"58319b288983be62fe98e1d3","633e9c975b31c30001896bb3"
"5840769063051f12415057b9","631f1eddbfe1960001f32a54"
"5840769063051f12415057b9","633c44853b75420001f26813"
"5840769063051f12415057b9","633e9c975b31c30001896bb3"
"5840842263051f1241505c89","6343ced6bb1ab900016b62d2"
"58455c5a63051f3fd4edeca8","63406c0b14ee2c0001eee375"
"58455c5a63051f3fd4edeca8","6343ced6bb1ab900016b62d2"
"58455c5a63051f3fd4edeca8","6343d08dbb1ab900016b631e"
"58455c5a63051f3fd4edeca8","6343d2743d4e620001f17e42"
"58497a0d8983be62fe1746df","6343ced6bb1ab900016b62d2"
"58497a0d8983be62fe1746df","6343d08dbb1ab900016b631e"
"58497a0d8983be62fe1746df","6343d2743d4e620001f17e42"
"584acd608983be62fe21bbcb","63406c0b14ee2c0001eee375"
"584ad6368983be62fe21bd6d","633e9c975b31c30001896bb3"
"584ae16b8983be62fe21cb0c","6343ce163337b70001a63d71"
"584b1de98983be62fe2537a8","6343d08dbb1ab900016b631e"
"584b1de98983be62fe2537a8","6343d2743d4e620001f17e42"
"5852ffa48983be62fe65fc9a","633d5ba13b75420001f2b92d"
"585c59d88983be62fe88f808","6343c9963d4e620001f17caf"
"585d33c48983be62fe8d4dc7","63406c0b14ee2c0001eee375"
"586239b28983be62fe9a626d","6343ced6bb1ab900016b62d2"
"5876a4508983be62fe07f803","633d5ba13b75420001f2b92d"
"5876a4508983be62fe07f803","633ecc224769100001415f11"
"5878ca488983be62fe138ee9","6343ced6bb1ab900016b62d2"
"587f43608983be62fe3a90d2","6343c9963d4e620001f17caf"
"588662c58983be62fe76b13e","6343ced6bb1ab900016b62d2"
"588911b58983be62fe862a97","633e9c975b31c30001896bb3"
"58891b728983be62fe862b8e","633ecc224769100001415f11"
"5889f3ce8983be62fe8b8ce3","6343d08dbb1ab900016b631e"
"5889f3ce8983be62fe8b8ce3","6343d2743d4e620001f17e42"
"588b3a0d8983be62fe9748e5","633ecc224769100001415f11"
"5894b9c68983be62fed78839","63406c0b14ee2c0001eee375"
"5894b9c68983be62fed78839","6343ced6bb1ab900016b62d2"
"589c52de8983be62fe0e954f","6343ced6bb1ab900016b62d2"
"58ab7b1b8983be62fe81cbaa","6343ced6bb1ab900016b62d2"
"58b826fc8983be62fede1d8b","6343ced6bb1ab900016b62d2"
"58becfa28983be62fe0cadb4","633d5ba13b75420001f2b92d"
"58becfa28983be62fe0cadb4","633e9c975b31c30001896bb3"
"58bef7918983be62fe0f7abc","633e9c975b31c30001896bb3"
"58c15a9d8983be62fe16dbf1","633e9c975b31c30001896bb3"
"58c32aee8983be62fe25a79d","633e9c975b31c30001896bb3"
"58c864198983be62fe51aa47","633d5ba13b75420001f2b92d"
"58c93c318983be62fe51d586","6343ced6bb1ab900016b62d2"
"58d51fd48983be62fe8d2f40","6343d08dbb1ab900016b631e"
"58d51fd48983be62fe8d2f40","6343d2743d4e620001f17e42"
"58e00b908983be62fec29007","63406c0b14ee2c0001eee375"
"58ea23e88983be62fee4c8ed","6343ced6bb1ab900016b62d2"
"58f72f8b8983be62fe13dd6a","6343ced6bb1ab900016b62d2"
"59038c388983be07b3dc6970","633e9c975b31c30001896bb3"
"590b3c228983be07b3f15b0c","6343d08dbb1ab900016b631e"
"590b3c228983be07b3f15b0c","6343d2743d4e620001f17e42"
"590db0128983be07b3fef564","6343ced6bb1ab900016b62d2"
"59119a0e8983be07b30b1243","6343d08dbb1ab900016b631e"
"59119a0e8983be07b30b1243","6343d2743d4e620001f17e42"
"5918b52f8983be07b323d823","6343ced6bb1ab900016b62d2"
"591b675b8983be07b32bcfe5","633d5ba13b75420001f2b92d"
"591ca3fe8983be07b32d717d","6343d08dbb1ab900016b631e"
"591ca3fe8983be07b32d717d","6343d2743d4e620001f17e42"
"591d47228983be07b32fd03c","633e9c975b31c30001896bb3"
"591ed6008983be07b335741b","633d990e90d6fd0001349c96"
"592dbed68983be07b37ecc3f","63406c0b14ee2c0001eee375"
"5931f83f8983be07b395a625","6343d7bd3337b70001a63f92"
"5937cc758983be04c485b97e","6343ced6bb1ab900016b62d2"
"594154788983be27fdcfe787","6343ced6bb1ab900016b62d2"
"594154788983be27fdcfe787","6343d08dbb1ab900016b631e"
"594154788983be27fdcfe787","6343d2743d4e620001f17e42"
"594bc12d8983be27fd00b208","633e9c975b31c30001896bb3"
"59539a248983be27fd1ab24e","6343ced6bb1ab900016b62d2"
"59539a248983be27fd1ab24e","6343d7bd3337b70001a63f92"
"59541f8c8983be27fd1df133","63406c0b14ee2c0001eee375"
"596877b48983be04bc66a4b8","633e9c975b31c30001896bb3"
"596c86698983be04bc72c7db","6343ced6bb1ab900016b62d2"
"597d3d698983be04bcbd9127","633d5ba13b75420001f2b92d"
"597d3d698983be04bcbd9127","6343ced6bb1ab900016b62d2"
"597d3d698983be04bcbd9127","6343d08dbb1ab900016b631e"
"597d3d698983be04bcbd9127","6343d2743d4e620001f17e42"
"59849a538983be04bce050ef","6343ce163337b70001a63d71"
"59849a538983be04bce050ef","6343d08dbb1ab900016b631e"
"59849a538983be04bce050ef","6343d2743d4e620001f17e42"
"598b74968983be04bcfa4bc0","6343d08dbb1ab900016b631e"
"598b74968983be04bcfa4bc0","6343d2743d4e620001f17e42"
"598f15378983be04bc09efe9","6343ced6bb1ab900016b62d2"
"599768ee8983be04bc26fd47","63406c0b14ee2c0001eee375"
"599d88d28983be04bc3977ef","633e9c975b31c30001896bb3"
"599d88d28983be04bc3977ef","633ecc224769100001415f11"
"59a6a20b8983be04bc63f191","633705649797500001eb4162"
"59a6a20b8983be04bc63f191","634037e4fcbedc0001d08b63"
"59b439a70e0d4e68f5b2b4d9","633d5ba13b75420001f2b92d"
"59b5528ba7934d0435da92c3","6343d08dbb1ab900016b631e"
"59b5528ba7934d0435da92c3","6343d2743d4e620001f17e42"
"59b95998e204516892b54102","63406c0b14ee2c0001eee375"
"59bfc400e204516892b76da0","6343ced6bb1ab900016b62d2"
"59c41534e204514864f356cc","633d5ba13b75420001f2b92d"
"59c458890e0d4e190f9c2935","6343ced6bb1ab900016b62d2"
"59c4c4710e0d4e190f9c395c","633e9c975b31c30001896bb3"
"59cbc043e2045172c6daf9a4","633ecc224769100001415f11"
"59cffeb5e20451673bcdfa70","633ecc224769100001415f11"
"59cffeb5e20451673bcdfa70","6343d08dbb1ab900016b631e"
"59cffeb5e20451673bcdfa70","6343d2743d4e620001f17e42"
"59cffeb5e20451673bcdfa70","6343d7bd3337b70001a63f92"
"59d112e50e0d4e428d5835e9","6343d7bd3337b70001a63f92"
"59d279540e0d4e1c0ecbbedc","633d5ba13b75420001f2b92d"
"59da8c45a7934d5182f6292b","6343d08dbb1ab900016b631e"
"59da8c45a7934d5182f6292b","6343d2743d4e620001f17e42"
"59da8c45a7934d5182f6292b","6343d7bd3337b70001a63f92"
"59de4981e204510c8032e048","633ecc224769100001415f11"
"59de4981e204510c8032e048","6343ced6bb1ab900016b62d2"
"59e22ad40e0d4e450bce2aab","633e9c975b31c30001896bb3"
"59e3d6b2e204510c8035c47f","633d5ba13b75420001f2b92d"
"59e66875e204510618b7a194","6343ced6bb1ab900016b62d2"
"59f5dcc0a7934d05fad2acb5","6343d08dbb1ab900016b631e"
"59f5dcc0a7934d05fad2acb5","6343d2743d4e620001f17e42"
"59f664ca0e0d4e587eafbe08","6343ce163337b70001a63d71"
"59f7640ba7934d5bd1eb4aa6","6343d08dbb1ab900016b631e"
"59f7640ba7934d5bd1eb4aa6","6343d2743d4e620001f17e42"
"59fb310ae20451561bbb5ec9","6343ce163337b70001a63d71"
"5a0043030e0d4e261e2177bc","61e819f77090ca0001a0b177"
"5a01c476e204517162499b79","6343c5df3d4e620001f17c31"
"5a01f93aa7934d22d0f7c890","6343ce163337b70001a63d71"
"5a0244f50e0d4e66d964816b","63406c0b14ee2c0001eee375"
"5a0bf4bb0e0d4e2e084ff223","6343ced6bb1ab900016b62d2"
"5a0f542ae2045179007db338","63406c0b14ee2c0001eee375"
"5a10f6f6e2045179007e78f0","6343ced6bb1ab900016b62d2"
"5a116b35a7934d3b161f01fd","633d5ba13b75420001f2b92d"
"5a116b35a7934d3b161f01fd","633e9c975b31c30001896bb3"
"5a11f24aa7934d3b161f476a","633d5ba13b75420001f2b92d"
"5a11f24aa7934d3b161f476a","6343d08dbb1ab900016b631e"
"5a11f24aa7934d3b161f476a","6343d2743d4e620001f17e42"
"5a2fc945a7934d4cbf0e74d4","633e9c975b31c30001896bb3"
"5a2fc945a7934d4cbf0e74d4","63406c0b14ee2c0001eee375"
"5a4d5a02a7934d453a897527","6343ced6bb1ab900016b62d2"
"5a555875a7934d7d9b9e0a17","6343ced6bb1ab900016b62d2"
"5a565306a7934d53d48d1910","633d5ba13b75420001f2b92d"
"5a5e6ec0a7934d2029b8223c","6343ced6bb1ab900016b62d2"
"5a5f2448e204515d91d0e9dc","6343ce163337b70001a63d71"
"5a6259d40e0d4e2d37a8c5bb","63406c0b14ee2c0001eee375"
"5a6636e40e0d4e2d37aa64ad","6343d08dbb1ab900016b631e"
"5a6636e40e0d4e2d37aa64ad","6343d2743d4e620001f17e42"
"5a6771d9a7934d322901b112","6343ced6bb1ab900016b62d2"
"5a742927a7934d455f0a44cf","6343d08dbb1ab900016b631e"
"5a742927a7934d455f0a44cf","6343d2743d4e620001f17e42"
"5a79f525e204514bc5e38706","6343d08dbb1ab900016b631e"
"5a79f525e204514bc5e38706","6343d2743d4e620001f17e42"
"5a7a047fe204514bc5e38db9","633d5ba13b75420001f2b92d"
"5a7a047fe204514bc5e38db9","6343ced6bb1ab900016b62d2"
"5a7a2ce40e0d4e718ba5dc9e","633d557810d35d000159a454"
"5a7d6d69a7934d179d83cbc0","633e9c975b31c30001896bb3"
"5a8adba3a7934d4b19aa11a1","6343d08dbb1ab900016b631e"
"5a8adba3a7934d4b19aa11a1","6343d2743d4e620001f17e42"
"5a8c79c6e204513cf143e1aa","633ac71ec8990800018a60e9"
"5a8c7e99a7934d4749eb1f2d","633d5ba13b75420001f2b92d"
"5a97fc85e204515091c2a612","6343ced6bb1ab900016b62d2"
"5aa2a116a7934d7db6711f47","6343d08dbb1ab900016b631e"
"5aa2a116a7934d7db6711f47","6343d2743d4e620001f17e42"
"5ab0eca9e204513f80e56ca4","633e9c975b31c30001896bb3"
"5ab0eca9e204513f80e56ca4","6343ced6bb1ab900016b62d2"
"5ab2511b0e0d4e72af002034","633d5ba13b75420001f2b92d"
"5ab9cb49a7934d4ef7e25823","6343ced6bb1ab900016b62d2"
"5ac0ef35a7934d52ff3fb144","63432cf33d4e620001f1602f"
"5ac14236e204515925b68a96","6343d08dbb1ab900016b631e"
"5ac14236e204515925b68a96","6343d2743d4e620001f17e42"
"5ac561a00e0d4e76aa4a6d84","6343ced6bb1ab900016b62d2"
"5acaad95a7934d42f7c72134","63406c0b14ee2c0001eee375"
"5acdf9fba7934d0dcd21fe23","6343d7bd3337b70001a63f92"
"5ad50f9ee2045150a6d4f4eb","633d5ba13b75420001f2b92d"
"5adcaa220e0d4e172f2ef69b","6343ced6bb1ab900016b62d2"
"5ae1a63d0e0d4e4f61f68456","6343ced6bb1ab900016b62d2"
"5ae32ea50e0d4e18504a5706","633ecc224769100001415f11"
"5ae4470b0e0d4e18504a73d0","63406c0b14ee2c0001eee375"
"5ae4470b0e0d4e18504a73d0","6343d08dbb1ab900016b631e"
"5ae4470b0e0d4e18504a73d0","6343d2743d4e620001f17e42"
"5ae5b197e204511f137eb6a5","633d5ba13b75420001f2b92d"
"5ae5b197e204511f137eb6a5","633e9c975b31c30001896bb3"
"5ae5b197e204511f137eb6a5","6343ced6bb1ab900016b62d2"
"5ae60205a7934d0d74e01f4d","6343ce163337b70001a63d71"
"5aeb2df80e0d4e18504c1d73","6343ced6bb1ab900016b62d2"
"5af4596e0e0d4e2d6d3ed605","6343d08dbb1ab900016b631e"
"5af4596e0e0d4e2d6d3ed605","6343d2743d4e620001f17e42"
"5af4ad01a7934d51313e8cb7","633e9c975b31c30001896bb3"
"5afbf4440e0d4e41bddb1e29","6343ced6bb1ab900016b62d2"
"5afca09be204516e706fa7cf","6342ded23d4e620001f14329"
"5afebeb1e204510b866c4fb9","633d5ba13b75420001f2b92d"
"5b065d76a7934d492dc2edcd","6343d08dbb1ab900016b631e"
"5b065d76a7934d492dc2edcd","6343d2743d4e620001f17e42"
"5b0e98b40e0d4e5289187a31","6343d08dbb1ab900016b631e"
"5b0e98b40e0d4e5289187a31","6343d2743d4e620001f17e42"
"5b0ef91da7934d59adc0867d","6343ced6bb1ab900016b62d2"
"5b0fca96a7934d59adc0cf61","633d5ba13b75420001f2b92d"
"5b0fca96a7934d59adc0cf61","6343d08dbb1ab900016b631e"
"5b0fca96a7934d59adc0cf61","6343d2743d4e620001f17e42"
"5b16e7410e0d4e7f39237e2e","6343ced6bb1ab900016b62d2"
"5b1a90d4e204514148741643","633e9c975b31c30001896bb3"
"5b22c0c8e204513c291e357a","6343ced6bb1ab900016b62d2"
"5b22c0c8e204513c291e357a","6343d08dbb1ab900016b631e"
"5b22c0c8e204513c291e357a","6343d2743d4e620001f17e42"
"5b37cda5a7934d5ff705c0b2","6343ced6bb1ab900016b62d2"
"5b38d4150e0d4e7c5f50c1c6","633d5ba13b75420001f2b92d"
"5b3f637e0e0d4e0779f1153b","633e9c975b31c30001896bb3"
"5b43f1970e0d4e0779f2a0e1","633e9c975b31c30001896bb3"
"5b48d435e204514d5cb10093","61e819f77090ca0001a0b177"
"5b4f35d1a7934d643114e5da","63406c0b14ee2c0001eee375"
"5b4f5706e20451048ec694f3","6343ced6bb1ab900016b62d2"
"5b539f3d0e0d4e589363b6a9","633e9c975b31c30001896bb3"
"5b539f3d0e0d4e589363b6a9","6343ced6bb1ab900016b62d2"
"5b56fa96a7934d46c442cd22","6343d7bd3337b70001a63f92"
"5b588d09e204513624149859","6343ced6bb1ab900016b62d2"
"5b5ac660e2045136241637d2","6343ced6bb1ab900016b62d2"
"5b5adfa3a7934d2ffa02b4e7","63406c0b14ee2c0001eee375"
"5b5adfa3a7934d2ffa02b4e7","6343ced6bb1ab900016b62d2"
"5b6b165be204510d6abf9f25","6343ced6bb1ab900016b62d2"
"5b703746a7934d70556dc468","6343ced6bb1ab900016b62d2"
"5b7908fd0e0d4e68010812f4","633ecc224769100001415f11"
"5b7aa13be204510645cdc9b0","633d5ba13b75420001f2b92d"
"5b806d6a0e0d4e6c75510de2","633e9c975b31c30001896bb3"
"5b806d6a0e0d4e6c75510de2","6343ced6bb1ab900016b62d2"
"5b81a8eee2045121551377c8","6343d08dbb1ab900016b631e"
"5b81a8eee2045121551377c8","6343d2743d4e620001f17e42"
"5b86b21ce20451215515000c","6343d08dbb1ab900016b631e"
"5b86b21ce20451215515000c","6343d2743d4e620001f17e42"
"5b895215e20451215516b972","6343ced6bb1ab900016b62d2"
"5b9979200e0d4e0270482aff","633d5ba13b75420001f2b92d"
"5b9c1570a7934d1089f42fee","633e9c975b31c30001896bb3"
"5ba4f731a7934d71798a7f08","63406c0b14ee2c0001eee375"
"5bab4b7d0e0d4e651a7bd465","6343ced6bb1ab900016b62d2"
"5bb27b800e0d4e19a2088614","63406c0b14ee2c0001eee375"
"5bb27e95e204511e921881d2","633ecc224769100001415f11"
"5bb4d05fa7934d0e365eda24","6343ced6bb1ab900016b62d2"
"5bb4e5d50e0d4e18d66bc767","633e9c975b31c30001896bb3"
"5bbc63eee204517843bc33b7","6343ced6bb1ab900016b62d2"
"5bbceb2c0e0d4e056fb260ed","633e9c975b31c30001896bb3"
"5bc72bb20e0d4e176a402185","63406c0b14ee2c0001eee375"
"5bc72bb20e0d4e176a402185","6343d08dbb1ab900016b631e"
"5bc72bb20e0d4e176a402185","6343d2743d4e620001f17e42"
"5bcd98f00e0d4e27e3482178","6343ced6bb1ab900016b62d2"
"5bd8aa130e0d4e6c05d1fc13","633d5ba13b75420001f2b92d"
"5bd9af0f0e0d4e1b83b3d08c","6343ced6bb1ab900016b62d2"
"5bd9d247a7934d7a146c6c82","6343ced6bb1ab900016b62d2"
"5bdb7498a7934d3002e73af8","63406c0b14ee2c0001eee375"
"5bdddb05e20451211430cb65","6343ced6bb1ab900016b62d2"
"5be30bd80e0d4e4ff5b567c3","63406c0b14ee2c0001eee375"
"5be30bd80e0d4e4ff5b567c3","6343ced6bb1ab900016b62d2"
"5be30bd80e0d4e4ff5b567c3","6343d7bd3337b70001a63f92"
"5bef5feba7934d645ec57e4b","633dce9fbb1ab90001694ae9"
"5bf3f2ee0e0d4e7d39bdfd9c","633e9c975b31c30001896bb3"
"5bf3f2ee0e0d4e7d39bdfd9c","63406c0b14ee2c0001eee375"
"5bfc10bfe204511f3b9f7e16","6343ced6bb1ab900016b62d2"
"5bfc3a120e0d4e097a3c631c","6343ced6bb1ab900016b62d2"
"5bfde93ea7934d031fe70d31","63432cf33d4e620001f1602f"
"5c067082a7934d031fe9712c","633e9c975b31c30001896bb3"
"5c06aa88e2045145702344e0","63406c0b14ee2c0001eee375"
"5c06b1e90e0d4e387ea82fce","633d5ba13b75420001f2b92d"
"5c06b1e90e0d4e387ea82fce","6343d08dbb1ab900016b631e"
"5c06b1e90e0d4e387ea82fce","6343d2743d4e620001f17e42"
"5c06f11ca7934d031fe9a005","63432cf33d4e620001f1602f"
"5c0a7dd5a7934d031fea663e","631f1eddbfe1960001f32a54"
"5c0a7dd5a7934d031fea663e","633c44853b75420001f26813"
"5c130977e204514570257557","6343ced6bb1ab900016b62d2"
"5c19073ae204517ea457c4a4","6343ced6bb1ab900016b62d2"
"5c26e5d00e0d4e3c53095d31","6343ced6bb1ab900016b62d2"
"5c2a983ae204517ea45d23c5","6343ced6bb1ab900016b62d2"
"5c2cb583a7934d50011cc48e","633d5ba13b75420001f2b92d"
"5c2cb583a7934d50011cc48e","633e9c975b31c30001896bb3"
"5c2cb583a7934d50011cc48e","6343ced6bb1ab900016b62d2"
"5c348e4fe204517ea45de066","633d5ba13b75420001f2b92d"
"5c348e4fe204517ea45de066","6343d08dbb1ab900016b631e"
"5c348e4fe204517ea45de066","6343d2743d4e620001f17e42"
"5c35274ba7934d50011d9c2a","6343ced6bb1ab900016b62d2"
"5c386abee204513c21e64274","6343d08dbb1ab900016b631e"
"5c386abee204513c21e64274","6343d2743d4e620001f17e42"
"5c38c3a1a7934d3daa5112ff","633d557810d35d000159a454"
"5c3c95590e0d4e42d91e9f29","6343d08dbb1ab900016b631e"
"5c3c95590e0d4e42d91e9f29","6343d2743d4e620001f17e42"
"5c3da8bea7934d7f9483a1d4","6343ced6bb1ab900016b62d2"
"5c404fdd0e0d4e42d9204762","6343d08dbb1ab900016b631e"
"5c404fdd0e0d4e42d9204762","6343d2743d4e620001f17e42"
"5c42e0f0e204517716ba53b7","633d557810d35d000159a454"
"5c4ed918e2045141f8cee7ee","633d5ba13b75420001f2b92d"
"5c4f0546a7934d0ec435e888","6343ced6bb1ab900016b62d2"
"5c4f0546a7934d0ec435e888","6343d08dbb1ab900016b631e"
"5c4f0546a7934d0ec435e888","6343d2743d4e620001f17e42"
"5c4f1b020e0d4e71487ca44c","633d5ba13b75420001f2b92d"
"5c4f1b020e0d4e71487ca44c","6343ce163337b70001a63d71"
"5c4f7a70a7934d0ec436051a","633d5ba13b75420001f2b92d"
"5c509e9da7934d0ec4363cd0","633ecc224769100001415f11"
"5c577a12e2045141f8d0e6cc","6343d7bd3337b70001a63f92"
"5c5b83ff0e0d4e556196562d","6343ce163337b70001a63d71"
"5c5dc4f0e204512d6e8991fb","6343ce163337b70001a63d71"
"5c5f0875e204512d6e89fb71","6343ced6bb1ab900016b62d2"
"5c601eeb0e0d4e556198b00e","633d5ba13b75420001f2b92d"
"5c601eeb0e0d4e556198b00e","6343ce163337b70001a63d71"
"5c61c967a7934d6fb9687c4e","6343d08dbb1ab900016b631e"
"5c61c967a7934d6fb9687c4e","6343d2743d4e620001f17e42"
"5c6996e4e204512d6e8dd890","633e9c975b31c30001896bb3"
"5c6c63b0a7934d6fb96c20bb","633e9c975b31c30001896bb3"
"5c6e9148e204516b5608f406","6343d08dbb1ab900016b631e"
"5c6e9148e204516b5608f406","6343d2743d4e620001f17e42"
"5c77c6b10e0d4e4877ee71b0","63406c0b14ee2c0001eee375"
"5c7d8d17e204513200de8061","6343ced6bb1ab900016b62d2"
"5c86c4fb0e0d4e7bfc2a5ad1","633e9c975b31c30001896bb3"
"5c87b5eb0e0d4e7bfc2ba4b4","633d5ba13b75420001f2b92d"
"5c8842b50e0d4e7bfc2bc4f2","631f1eddbfe1960001f32a54"
"5c8842b50e0d4e7bfc2bc4f2","633c44853b75420001f26813"
"5c9942460e0d4e453e9321e8","63406c0b14ee2c0001eee375"
"5ca6f782e20451714ae7a0a4","6343d08dbb1ab900016b631e"
"5ca6f782e20451714ae7a0a4","6343d2743d4e620001f17e42"
"5caa5c26e20451714ae8594c","633ac71ec8990800018a60e9"
"5cb30b5d0e0d4e16e7836608","6343d08dbb1ab900016b631e"
"5cb30b5d0e0d4e16e7836608","6343d2743d4e620001f17e42"
"5cb4d38c0e0d4e16e783e5b6","6343d08dbb1ab900016b631e"
"5cb4d38c0e0d4e16e783e5b6","6343d2743d4e620001f17e42"
"5cbf0c930e0d4e16e7867956","633d5ba13b75420001f2b92d"
"5cc2c105a7934d7785a69c85","6343d08dbb1ab900016b631e"
"5cc2c105a7934d7785a69c85","6343d2743d4e620001f17e42"
"5cc8623fe204510b642b034a","6343d08dbb1ab900016b631e"
"5cc8623fe204510b642b034a","6343d2743d4e620001f17e42"
"5ccf345f0e0d4e4a8be72a88","6343d08dbb1ab900016b631e"
"5ccf345f0e0d4e4a8be72a88","6343d2743d4e620001f17e42"
"5cd07e69a7934d7785aa72e2","6343ced6bb1ab900016b62d2"
"5cd87449e204517b0a73aea1","633d5ba13b75420001f2b92d"
"5cd87449e204517b0a73aea1","633e9c975b31c30001896bb3"
"5cd87449e204517b0a73aea1","6343ce163337b70001a63d71"
"5cdb1f00a7934d6a1f87d7ef","6343d08dbb1ab900016b631e"
"5cdb1f00a7934d6a1f87d7ef","6343d2743d4e620001f17e42"
"5ce044fd0e0d4e2c37890165","633d5ba13b75420001f2b92d"
"5ce08457e20451714c81bd4a","633e9c975b31c30001896bb3"
"5ce3b94fe2045165dfc86c40","633e9c975b31c30001896bb3"
"5ce4ffba0e0d4e3db62f825d","6343ced6bb1ab900016b62d2"
"5ce59016a7934d0e2acc370b","63432cf33d4e620001f1602f"
"5ce68a780e0d4e783f215502","6343ced6bb1ab900016b62d2"
"5ce846cf0e0d4e379c3a735b","6343ced6bb1ab900016b62d2"
"5cedb4c9a7934d0c82d3e8dd","6343ced6bb1ab900016b62d2"
"5cf0904f0e0d4e0e3fff711c","633ecc224769100001415f11"
"5cfac893a7934d3ac1905476","633e9c975b31c30001896bb3"
"5d00bd6d0e0d4e6b06ed30c7","6343ced6bb1ab900016b62d2"
"5d1283a8e204512565fd2244","633705649797500001eb4162"
"5d15d1d20e0d4e528d93e02b","633e9c975b31c30001896bb3"
"5d1c7d41e2045173b4583e3a","6343ced6bb1ab900016b62d2"
"5d1d00ade2045173b4591c88","633d5ba13b75420001f2b92d"
"5d1d00ade2045173b4591c88","6343ced6bb1ab900016b62d2"
"5d23807a0e0d4e1819606bd2","633e9c975b31c30001896bb3"
"5d2537afa7934d125d35d9cb","633e9c975b31c30001896bb3"
"5d261a8e0e0d4e49ec02bcf9","63406c0b14ee2c0001eee375"
"5d2c4c4da7934d125d39f7f7","633d5ba13b75420001f2b92d"
"5d2d29fe0e0d4e4a284e866d","63432cf33d4e620001f1602f"
"5d31527b0e0d4e38a12d6632","633e9c975b31c30001896bb3"
"5d34aba9a7934d5b2ec445ed","6343d7bd3337b70001a63f92"
"5d35a05aa7934d5b2ec45cc4","633d5ba13b75420001f2b92d"
"5d35ccf1e20451686105f63c","633e9c975b31c30001896bb3"
"5d35ccf1e20451686105f63c","6343ced6bb1ab900016b62d2"
"5d3877f0a7934d5b2ec5d8a7","63406c0b14ee2c0001eee375"
"5d396b3ce204516861079c94","633e9c975b31c30001896bb3"
"5d3f43c8e2045168610b18ec","633dce9fbb1ab90001694ae9"
"5d431ce90e0d4e3c97402d9d","6343ced6bb1ab900016b62d2"
"5d44144fa7934d12917cc62a","6343ced6bb1ab900016b62d2"
"5d4bf4b20e0d4e4c2ed1ece3","6343ce163337b70001a63d71"
"5d6685e1e204517287bbab19","633e9c975b31c30001896bb3"
"5d681d55a7934d5e9233070c","62c86525c7a4cb0001d4464f"
"5d6a16500e0d4e3dd6e0efc9","633d5ba13b75420001f2b92d"
"5d765d92e204515657cd5fd5","6343d08dbb1ab900016b631e"
"5d765d92e204515657cd5fd5","6343d2743d4e620001f17e42"
"5d788e18a7934d751df000ae","633dbb6e6fc5eb000199fb27"
"5d788e18a7934d751df000ae","6343f96cbb1ab900016b6ddd"
"5d78facbe204514061ca33a8","633d5ba13b75420001f2b92d"
"5d790fd4e204514061ca5777","633e9c975b31c30001896bb3"
"5d7a0a8fa7934d18ba1660d7","6342ded23d4e620001f14329"
"5d7ce0b40e0d4e0d6b2c3adc","633e9c975b31c30001896bb3"
"5d7f52dba7934d38faf49d3a","6343ced6bb1ab900016b62d2"
"5d825381a7934d2e527a62bb","6343d08dbb1ab900016b631e"
"5d825381a7934d2e527a62bb","6343d2743d4e620001f17e42"
"5d8cc2abe204516d3a53113f","633e9c975b31c30001896bb3"
"5d8d5f54a7934d4b596bc3be","633dce9fbb1ab90001694ae9"
"5d975c8ae204511f4327e6f6","633e9c975b31c30001896bb3"
"5d9cfb32e204513f910d5eb7","6343ced6bb1ab900016b62d2"
"5d9e216f0e0d4e09941d63e8","6343ced6bb1ab900016b62d2"
"5da050e2e2045122edb62952","6343d08dbb1ab900016b631e"
"5da050e2e2045122edb62952","6343d2743d4e620001f17e42"
"5da2e85ae2045122edb74363","633d5ba13b75420001f2b92d"
"5da310710e0d4e333c99d414","6343d08dbb1ab900016b631e"
"5da310710e0d4e333c99d414","6343d2743d4e620001f17e42"
"5da48e44a7934d73bc77b7df","633ecc224769100001415f11"
"5da636c9e2045159caa648fd","6343ced6bb1ab900016b62d2"
"5da636c9e2045159caa648fd","6343d08dbb1ab900016b631e"
"5da636c9e2045159caa648fd","6343d2743d4e620001f17e42"
"5da88e50a7934d0b92629b29","6343d08dbb1ab900016b631e"
"5da88e50a7934d0b92629b29","6343d2743d4e620001f17e42"
"5dab8d9839210044da8b3c86","6343d08dbb1ab900016b631e"
"5dab8d9839210044da8b3c86","6343d2743d4e620001f17e42"
"5db2e659d30dd02690e07fbf","633d5ba13b75420001f2b92d"
"5db5b044d30dd044b607ef59","633d5ba13b75420001f2b92d"
"5db9645fd30dd042f9cc4f8a","6343ced6bb1ab900016b62d2"
"5dbe0b5e39210039498bdcc3","6343ce163337b70001a63d71"
"5dc1ac43db50c72e9ea3bf24","63406c0b14ee2c0001eee375"
"5dc55b033921005d807d0e58","633ecc224769100001415f11"
"5dc55b033921005d807d0e58","63406c0b14ee2c0001eee375"
"5dc55b033921005d807d0e58","6343d7bd3337b70001a63f92"
"5dc6fd6a3921005d807d7bef","633ecc224769100001415f11"
"5dc6fd6a3921005d807d7bef","6343ced6bb1ab900016b62d2"
"5dc8596bdb50c72e9ea895c7","6343ced6bb1ab900016b62d2"
"5dc89372d30dd04c761ce90e","6343d08dbb1ab900016b631e"
"5dc89372d30dd04c761ce90e","6343d2743d4e620001f17e42"
"5dcab398d30dd033b8fe411f","63406c0b14ee2c0001eee375"
"5dcdafcb3921000e53a6323f","6343ced6bb1ab900016b62d2"
"5dcdafcb3921000e53a6323f","6343d08dbb1ab900016b631e"
"5dcdafcb3921000e53a6323f","6343d2743d4e620001f17e42"
"5dcec389db50c70afe45fc06","6343ced6bb1ab900016b62d2"
"5dcf4a36d30dd02710381a82","633d5ba13b75420001f2b92d"
"5dd2c1a5d30dd0271038d228","633d990e90d6fd0001349c96"
"5dd54ee73921005609525e17","633e9c975b31c30001896bb3"
"5dd54ee73921005609525e17","6343d08dbb1ab900016b631e"
"5dd54ee73921005609525e17","6343d2743d4e620001f17e42"
"5dd7b20c392100472751a244","6343d08dbb1ab900016b631e"
"5dd7b20c392100472751a244","6343d2743d4e620001f17e42"
"5ddd420ddb50c77401a49afd","633e9c975b31c30001896bb3"
"5dde9cc7d30dd01745e9e14d","633e9c975b31c30001896bb3"
"5dde9cc7d30dd01745e9e14d","6343ced6bb1ab900016b62d2"
"5de648d8d30dd035b48f1a00","633ecc224769100001415f11"
"5de7c1363921003b9d7491c0","6343ced6bb1ab900016b62d2"
"5de829cddb50c741515e30ae","633e9c975b31c30001896bb3"
"5deff20ad30dd05a2eb0dcee","633e9c975b31c30001896bb3"
"5deff20ad30dd05a2eb0dcee","6343ce163337b70001a63d71"
"5dfb039cd30dd00795a65826","6343d08dbb1ab900016b631e"
"5dfb039cd30dd00795a65826","6343d2743d4e620001f17e42"
"5dfbbc1f39210019b5f9da37","633e9c975b31c30001896bb3"
"5dfbbc1f39210019b5f9da37","6343ced6bb1ab900016b62d2"
"5dfcdfabd30dd00795a981bc","633ecc224769100001415f11"
"5dfcdfabd30dd00795a981bc","6343ced6bb1ab900016b62d2"
"5dfd367bdb50c754bca3ae78","63432cf33d4e620001f1602f"
"5e000036db50c754bca43599","63432cf33d4e620001f1602f"
"5e08215b3921004972a30659","63432cf33d4e620001f1602f"
"5e0f121bd30dd0313569d688","6343c9963d4e620001f17caf"
"5e11e1ac3921004972a4d56a","6343ce163337b70001a63d71"
"5e15c07c3921004972a59af9","63406c0b14ee2c0001eee375"
"5e1869ff3921004972a65ef0","633705649797500001eb4162"
"5e1b70983921004972a7319e","633d5ba13b75420001f2b92d"
"5e1c9edea7934d1e35b5e66b","6343ced6bb1ab900016b62d2"
"5e1cbb43a7934d1e35b60a90","633dce9fbb1ab90001694ae9"
"5e2690d1a7934d5d859787c6","63432cf33d4e620001f1602f"
"5e28895239210046c2254324","633e9c975b31c30001896bb3"
"5e33ed4aa7934d53cd37f13e","633e9c975b31c30001896bb3"
"5e39fdddd30dd07ee11161a7","63406c0b14ee2c0001eee375"
"5e3accf7a7934d76b018c61c","63406c0b14ee2c0001eee375"
"5e3accf7a7934d76b018c61c","6343ced6bb1ab900016b62d2"
"5e3b35b939210068f32e5074","633d5ba13b75420001f2b92d"
"5e3d47b439210068f32f1c66","633705649797500001eb4162"
"5e4255f8d30dd03d156ce477","63406c0b14ee2c0001eee375"
"5e4535fda7934d3bf78213b6","6343ce163337b70001a63d71"
"5e4b29e5a7934d2bff3e762e","633d5ba13b75420001f2b92d"
"5e55afe5d30dd01bccd0421d","63406c0b14ee2c0001eee375"
"5e564aeda7934d5e73f321c4","6343d8d03d4e620001f17fbd"
"5e579035a7934d5e73f3ff2a","6343ced6bb1ab900016b62d2"
"5e585a27d30dd04b87347a18","633d5ba13b75420001f2b92d"
"5e5a8b95d30dd04b8735d406","6343ced6bb1ab900016b62d2"
"5e5a8b95d30dd04b8735d406","6343d08dbb1ab900016b631e"
"5e5a8b95d30dd04b8735d406","6343d2743d4e620001f17e42"
"5e5b7debd30dd01f6b10f384","63432cf33d4e620001f1602f"
"5e5cf9afa7934d525777345d","633ecc224769100001415f11"
"5e5d742ca7934d525777cc49","6343ce163337b70001a63d71"
"5e5e81ffa7934d525778632d","633d5ba13b75420001f2b92d"
"5e5e81ffa7934d525778632d","6343ced6bb1ab900016b62d2"
"5e60da86a7934d2ea5b35593","633e9c975b31c30001896bb3"
"5e60fdba392100605efbe36b","633d5ba13b75420001f2b92d"
"5e6202d0a7934d5b7b5de7dc","6343d08dbb1ab900016b631e"
"5e6202d0a7934d5b7b5de7dc","6343d2743d4e620001f17e42"
"5e66329639210077395ba5eb","6343ced6bb1ab900016b62d2"
"5e695166d30dd069f5081d28","63406c0b14ee2c0001eee375"
"5e7e488620db79000177fdbf","63432cf33d4e620001f1602f"
"5e97da8e951676000130ec85","63432cf33d4e620001f1602f"
"5e9e1881301a1d00018a4ee0","62c86525c7a4cb0001d4464f"
"5ea2f845cb762000010b8941","6343c9963d4e620001f17caf"
"5eb5349dd327970001f44902","633d5ba13b75420001f2b92d"
"5eea592ef3e50100016a6b05","633e9c975b31c30001896bb3"
"5eeb3859f3e50100016a9108","6343cc7e3d4e620001f17d17"
"5eeb6530f3e50100016aa435","633e9c975b31c30001896bb3"
"5eeb6530f3e50100016aa435","6343ced6bb1ab900016b62d2"
"5f007b84b409f700016aa5fd","6343c9963d4e620001f17caf"
"5f0a4b18af46ee00013ff6f3","633d5ba13b75420001f2b92d"
"5f0a4b18af46ee00013ff6f3","6343ced6bb1ab900016b62d2"
"5f0b399535e46d0001804bbd","633dce9fbb1ab90001694ae9"
"5f1d7f2bfb528900013e4073","633d5ba13b75420001f2b92d"
"5f2c19c7feff3f00019a8cf2","6343d08dbb1ab900016b631e"
"5f2c19c7feff3f00019a8cf2","6343d2743d4e620001f17e42"
"5f43c177f76d750001deb7e8","633d5ba13b75420001f2b92d"
"5f4be1be0fd1880001f736f7","6343ee193d4e620001f185a4"
"5f5c4172814b6e0001e3e239","63432cf33d4e620001f1602f"
"5f5cedb27a9da90001a04f50","6343ce163337b70001a63d71"
"5f8853a31cf5980001994d2f","6343d7bd3337b70001a63f92"
"5fabc3d9ed218b00018a8eda","6343ce163337b70001a63d71"
"5fb4093ee2dc120001a7a01a","6343ced6bb1ab900016b62d2"
"602f803d0490530001015278","6343ced6bb1ab900016b62d2"
"6038d95a70f394000184ec7e","63406c0b14ee2c0001eee375"
"60391346ec00bf00012584d3","63406c0b14ee2c0001eee375"
"60393c66ec00bf00012593ce","6343ced6bb1ab900016b62d2"
"60396b54ec00bf000125b6a2","63406c0b14ee2c0001eee375"
"603bfacdec00bf000125ee68","6343d08dbb1ab900016b631e"
"603bfacdec00bf000125ee68","6343d2743d4e620001f17e42"
"603e0c7b5f144c00019875ad","63406c0b14ee2c0001eee375"
"6040e16c300fc900016a64f4","633dbb6e6fc5eb000199fb27"
"60490a9afec69b0001b66623","633e9c975b31c30001896bb3"
"604a02a3c24c9f000103b5c7","633d5ba13b75420001f2b92d"
"605483305799c30001fc0e04","6343d08dbb1ab900016b631e"
"605483305799c30001fc0e04","6343d2743d4e620001f17e42"
"60633f4120a4660001408a58","6343d08dbb1ab900016b631e"
"60633f4120a4660001408a58","6343d2743d4e620001f17e42"
"6065d5f75c7c1400018c6edc","62c86525c7a4cb0001d4464f"
"607157ad2161500001692a9b","633ecc224769100001415f11"
"6071ecb42161500001693af6","633d5ba13b75420001f2b92d"
"6071eeec6a4e65000193020d","633d5ba13b75420001f2b92d"
"6072171f6a4e650001930769","6343ced6bb1ab900016b62d2"
"607ee9e422a1f000019bd34f","633e9c975b31c30001896bb3"
"607f20ef18d4820001cc49b3","6343ced6bb1ab900016b62d2"
"607f20ef18d4820001cc49b3","6343d08dbb1ab900016b631e"
"607f20ef18d4820001cc49b3","6343d2743d4e620001f17e42"
"608d78131609080001063d4f","6343d08dbb1ab900016b631e"
"608d78131609080001063d4f","6343d2743d4e620001f17e42"
"609d255ea579f10001a13b40","63406c0b14ee2c0001eee375"
"60a10c610b63320001cc1f5f","63406c0b14ee2c0001eee375"
"60a8ef78c825680001501e3b","6343ced6bb1ab900016b62d2"
"60ac97933e546a00019f7110","6343ced6bb1ab900016b62d2"
"60ad81965351640001e5c0eb","62c86525c7a4cb0001d4464f"
"60af8cb1a4a095000152fd30","6343ced6bb1ab900016b62d2"
"60b5d579008ca5000131d2e6","633dce9fbb1ab90001694ae9"
"60b7d4c06c75410001154fc0","634037e4fcbedc0001d08b63"
"60be8abf77ae61000173390d","6343ced6bb1ab900016b62d2"
"60beacd4d70a7a00015e4576","633d5ba13b75420001f2b92d"
"60c7b2053268f10001654f97","63432cf33d4e620001f1602f"
"60c8a497d534b800013a4a7b","632b297b08c38800016b5666"
"60c8efda37dfad00012ddfac","6343ced6bb1ab900016b62d2"
"60cb5cddd2dcd30001ae84df","62c86525c7a4cb0001d4464f"
"60cd0253bd6cca0001b8d838","63432cf33d4e620001f1602f"
"60d3a34c6dc5d40001c3e78b","633e9c975b31c30001896bb3"
"60d5fff3f4a96c00018533ff","633dbb6e6fc5eb000199fb27"
"60da20007b46a60001b578ce","633dbb6e6fc5eb000199fb27"
"60da481da84be50001979add","633e9c975b31c30001896bb3"
"60e5992022e9d7000115f2e5","633dbb6e6fc5eb000199fb27"
"60e5fbdc22e9d70001162953","6343ced6bb1ab900016b62d2"
"60e75bea9f4ab50001dda9e8","6343ced6bb1ab900016b62d2"
"60e871239f4ab50001de2802","6343d08dbb1ab900016b631e"
"60e871239f4ab50001de2802","6343d2743d4e620001f17e42"
"60eb68249f4ab50001df703c","62c86525c7a4cb0001d4464f"
"60ef6cdfe447c900013052e8","63432cf33d4e620001f1602f"
"60f06e1e983fd80001ade168","6343ced6bb1ab900016b62d2"
"60ff12a1d5e17f0001c72440","6343ced6bb1ab900016b62d2"
"61016fe2b6d0600001ed6fc1","6342ded23d4e620001f14329"
"610291a7b261de000184bb9c","62c86525c7a4cb0001d4464f"
"610422dce70f4d00010ec9f7","63406c0b14ee2c0001eee375"
"61092b50b261de0001874c8f","6343d08dbb1ab900016b631e"
"61092b50b261de0001874c8f","6343d2743d4e620001f17e42"
"610bcc2bfc2c290001f2b283","6343ced6bb1ab900016b62d2"
"610c36a68f9c93000118d2c1","6343ced6bb1ab900016b62d2"
"610f27ef6c5d500001390a23","6343d08dbb1ab900016b631e"
"610f27ef6c5d500001390a23","6343d2743d4e620001f17e42"
"61161177b7dc4d0001482808","6343d08dbb1ab900016b631e"
"61161177b7dc4d0001482808","6343d2743d4e620001f17e42"
"61168d3aa14c8b0001c80757","633ecc224769100001415f11"
"6116f950b7dc4d000148c69d","6342ded23d4e620001f14329"
"61183803b7dc4d0001495527","633e9c975b31c30001896bb3"
"61199be0b7dc4d000149cbb8","633e9c975b31c30001896bb3"
"611e8f78b8144a000194cb1b","6343ced6bb1ab900016b62d2"
"611ecf49febe840001474965","6343ced6bb1ab900016b62d2"
"612171a28d4ce30001f6a8d0","6343ced6bb1ab900016b62d2"
"612875bacad1b70001d0fa36","633dce9fbb1ab90001694ae9"
"612de345cad1b70001d36327","63406c0b14ee2c0001eee375"
"612de6b71b8cc70001e214bf","63406c0b14ee2c0001eee375"
"612e3e46cad1b70001d38c24","6343ced6bb1ab900016b62d2"
"612eb7b3f6c57e000150955d","62c86525c7a4cb0001d4464f"
"613098d0b2f8040001c9f904","6343d08dbb1ab900016b631e"
"613098d0b2f8040001c9f904","6343d2743d4e620001f17e42"
"6130c67eee60b20001546789","633d5ba13b75420001f2b92d"
"61310226ee60b20001549144","6343d08dbb1ab900016b631e"
"61310226ee60b20001549144","6343d2743d4e620001f17e42"
"6132ad6113edab00014e1add","6343ced6bb1ab900016b62d2"
"6133adca13edab00014e9c1d","6343ced6bb1ab900016b62d2"
"6133dd0c13edab00014ec019","6343ced6bb1ab900016b62d2"
"61367daf4982570001d48a49","63406c0b14ee2c0001eee375"
"613a38fcc9ff010001162ee5","633e9c975b31c30001896bb3"
"613b358d4982570001d6cf3d","62c86525c7a4cb0001d4464f"
"613bc116ca83fc0001be7d19","63406c0b14ee2c0001eee375"
"613d4f5498cf1600018cd3bf","63432cf33d4e620001f1602f"
"613fbb3fd0cca000017ef66a","633d5ba13b75420001f2b92d"
"614064d192144a0001864ef4","633e9c975b31c30001896bb3"
"6140779092144a00018659b6","63406c0b14ee2c0001eee375"
"6141bb3dd0cca000017fb5ab","633d5ba13b75420001f2b92d"
"61425aa1d0cca00001802e8f","633e9c975b31c30001896bb3"
"61431f046003910001aad85e","6343ced6bb1ab900016b62d2"
"614478486003910001abaf6a","633ecc224769100001415f11"
"614a6650a359e10001e3ebd2","633ecc224769100001415f11"
"614db383010cae000182879f","6343d7bd3337b70001a63f92"
"614dc2d41036c1000142d3cb","633e9b8f5b31c30001896b54"
"614dc51450c71d00017c92a9","63406c0b14ee2c0001eee375"
"614e54bf1036c100014350d4","6343d08dbb1ab900016b631e"
"614e54bf1036c100014350d4","6343d2743d4e620001f17e42"
"61516d00010cae0001843e06","6343ce163337b70001a63d71"
"6151a8a450c71d00017e4f00","633e9c975b31c30001896bb3"
"61532d791036c10001451aed","6343d8d03d4e620001f17fbd"
"6153fe0e010cae00018529c4","63406c0b14ee2c0001eee375"
"6156cdba3213080001dbd9c8","6343d5d6bb1ab900016b645b"
"61585c79e110dc00015493e5","6343c9963d4e620001f17caf"
"615c9ab27621770001d9d626","6343ce163337b70001a63d71"
"615d86fa5c9586000146f02f","63406c0b14ee2c0001eee375"
"615ffc9ec3e74a0001683eaa","633e9c975b31c30001896bb3"
"61642cbb4122f50001b9e5a4","6343d08dbb1ab900016b631e"
"61642cbb4122f50001b9e5a4","6343d2743d4e620001f17e42"
"6164c65fe7f5d7000110ca6c","6343ced6bb1ab900016b62d2"
"6167378b35da5c000128a388","633dbb6e6fc5eb000199fb27"
"616821605e03a3000101aaac","633d5ba13b75420001f2b92d"
"6168544a8502980001919388","6343ced6bb1ab900016b62d2"
"6168833d85029800016057f2","6343ced6bb1ab900016b62d2"
"616b08e3e684670001e71618","633fe49314ee2c0001eea2e7"
"616fe71011df1900016cb1b1","633d5ba13b75420001f2b92d"
"6171e8211385b9000142b6ba","6342ded23d4e620001f14329"
"61724e3d48e151000147b3a1","633dce9fbb1ab90001694ae9"
"6173149b63afdd0001d34015","633ecc224769100001415f11"
"617493b563afdd0001f49cfa","63406c0b14ee2c0001eee375"
"6177eb188a3c390001ed40ba","63406c0b14ee2c0001eee375"
"61784eaed1ab88000161e5b6","6343f96cbb1ab900016b6ddd"
"617feb4bd37c240001f073d5","6343ced6bb1ab900016b62d2"
"618a5acd179ffd0001b09ba3","6343ced6bb1ab900016b62d2"
"6191680de8f20f0001951507","6343ced6bb1ab900016b62d2"
"6193a2236a0b8f0001a02b5e","6343d08dbb1ab900016b631e"
"6193a2236a0b8f0001a02b5e","6343d2743d4e620001f17e42"
"6194dfd133128a00014fd47c","6343ced6bb1ab900016b62d2"
"6194dfd133128a00014fd47c","6343d08dbb1ab900016b631e"
"6194dfd133128a00014fd47c","6343d2743d4e620001f17e42"
"6195874dffb77f0001d901a4","62c86525c7a4cb0001d4464f"
"6198b44c167e2a0001cee426","6343ced6bb1ab900016b62d2"
"61a411e9ea82080001476b92","633d5ba13b75420001f2b92d"
"61a411e9ea82080001476b92","6343ced6bb1ab900016b62d2"
"61a7734ca3830900011505dd","633ac71ec8990800018a60e9"
"61a7734ca3830900011505dd","6343ced6bb1ab900016b62d2"
"61ae21aa3f261800015bfa13","6342ded23d4e620001f14329"
"61ae5532cdfcf00001989059","63400563bb1ab900016a049c"
"61ae8bd04f46bd0001900038","6343ced6bb1ab900016b62d2"
"61b8a52f345ae40001d48199","6343ee193d4e620001f185a4"
"61ca04c7a2b89a00015058bc","633dbb6e6fc5eb000199fb27"
"61dd9e98a1a74b0001d4649e","6343d08dbb1ab900016b631e"
"61dd9e98a1a74b0001d4649e","6343d2743d4e620001f17e42"
"61e16b24d23a030001ac67ce","63406c0b14ee2c0001eee375"
"61e9ee93e27c67000197063a","633705649797500001eb4162"
"61ebd8b4bf84c40001d3aac7","633d5ba13b75420001f2b92d"
"61ec5f13bf84c400014106ee","6343d08dbb1ab900016b631e"
"61ec5f13bf84c400014106ee","6343d2743d4e620001f17e42"
"61f322b252e8e3000193062b","63406c0b14ee2c0001eee375"
"61f7c4a2e4bf140001e1f4c5","634041f2bb1ab900016a1eeb"
"61fa484241486100010cdb1d","6343d08dbb1ab900016b631e"
"61fa484241486100010cdb1d","6343d2743d4e620001f17e42"
"61fa484241486100010cdb1d","6343d7bd3337b70001a63f92"
"61faede7c0c1610001ac7f4d","633dbb6e6fc5eb000199fb27"
"61fc5eeb48226400018a619c","633ecc224769100001415f11"
"61fd1ad26aef1f0001dbd3f9","633d5ba13b75420001f2b92d"
"61fd2c239e50a0000154e316","63406c0b14ee2c0001eee375"
"62019b0cd572640001188295","633dbb6e6fc5eb000199fb27"
"62052d328b57b200014d4650","633e9c975b31c30001896bb3"
"6206aea63a13f300015e1354","63432cf33d4e620001f1602f"
"6206cbfd3a13f30001066784","6343d08dbb1ab900016b631e"
"6206cbfd3a13f30001066784","6343d2743d4e620001f17e42"
"6207932bde2b070001d4c7e2","633e9c975b31c30001896bb3"
"6207a3503a13f30001905b47","633fe49314ee2c0001eea2e7"
"62080d4ade2b070001626997","633d5ba13b75420001f2b92d"
"620c12084c1cc00001db8872","633dbb6e6fc5eb000199fb27"
"620d796bdf73300001012824","6343ced6bb1ab900016b62d2"
"620e1cd206470900013f288d","6343d5d6bb1ab900016b645b"
"6214f9a1b0d6150001f8a176","62c86525c7a4cb0001d4464f"
"622657a04961680001f86292","633fe49314ee2c0001eea2e7"
"62267e9c58fed500015465f1","633dbb6e6fc5eb000199fb27"
"622a5b8db291f000016229e8","63406c0b14ee2c0001eee375"
"622a5b8db291f000016229e8","6343d08dbb1ab900016b631e"
"622a5b8db291f000016229e8","6343d2743d4e620001f17e42"
"622b8f91c35d770001f5dcbe","6343d08dbb1ab900016b631e"
"622b8f91c35d770001f5dcbe","6343d2743d4e620001f17e42"
"622c65efc35d7700012be412","6343d08dbb1ab900016b631e"
"622c65efc35d7700012be412","6343d2743d4e620001f17e42"
"622db9161270ce00011fcbc8","6343ced6bb1ab900016b62d2"
"62325f7987288900017a271c","633fe49314ee2c0001eea2e7"
"6235fec24875f400015c18a9","6343d5d6bb1ab900016b645b"
"62398156d3714c000126725c","63361acf9797500001eb01bf"
"6239dde2a019170001c9c68b","6343d2103d4e620001f17e2b"
"6239fca6a01917000186dcdf","6343d08dbb1ab900016b631e"
"6239fca6a01917000186dcdf","6343d2743d4e620001f17e42"
"624bed3ff02bde0001e3b286","6343d08dbb1ab900016b631e"
"624bed3ff02bde0001e3b286","6343d2743d4e620001f17e42"
"624c158269db1c000112771f","633edbc9b9c7460001a85f94"
"624c8819389c590001a608ab","6343ee193d4e620001f185a4"
"624dc0e4b8c85100013cafb2","633d5ba13b75420001f2b92d"
"624f18c69cc75700014f7dde","633e9c975b31c30001896bb3"
"6254999c7a33a20001ef5f39","633edbc9b9c7460001a85f94"
"62571ad96a081e0001654889","63406c0b14ee2c0001eee375"
"625b41d73d81490001900506","62c86525c7a4cb0001d4464f"
"62694eeddff14f0001b005e3","62c86525c7a4cb0001d4464f"
"626b977791543800013f53fe","6343ced6bb1ab900016b62d2"
"6274e3b90df52c00015d7515","6343d2103d4e620001f17e2b"
"6277a33986717a0001025959","633dbb6e6fc5eb000199fb27"
"627a5fab815f42000114233f","633705649797500001eb4162"
"627bf3f68cd3060001f034d4","6343ced6bb1ab900016b62d2"
"628386cf33bd7a0001e676ea","63406c0b14ee2c0001eee375"
"6283d51202d6ef0001010cab","633e9c975b31c30001896bb3"
"628e4188c90ee600018ec157","6343d5d6bb1ab900016b645b"
"6290b498ae95f4000105fa1d","63406c0b14ee2c0001eee375"
"6290e506ae95f40001b8966c","633dbb6e6fc5eb000199fb27"
"629aa77e91daa70001f04e95","633e9c975b31c30001896bb3"
"629fb8466b48f30001db7083","633edbc9b9c7460001a85f94"
"62a1c36c19d6a30001e9df57","6343d08dbb1ab900016b631e"
"62a1c36c19d6a30001e9df57","6343d2743d4e620001f17e42"
"62acad4eac6725000138f01d","62c86525c7a4cb0001d4464f"
"62b66fda9f418500011be07a","633dce9fbb1ab90001694ae9"
"62b6cd8cfc8cf50001fff42f","6343d08dbb1ab900016b631e"
"62b6cd8cfc8cf50001fff42f","6343d2743d4e620001f17e42"
"62bc3599d284e2000172959a","6343ced6bb1ab900016b62d2"
"62c078345eb0c90001ae9479","633d5ba13b75420001f2b92d"
"62c6ed3d6238e5000193fc1a","63406c0b14ee2c0001eee375"
"62c84dbb27d5f300016090d6","63406c0b14ee2c0001eee375"
"62cd709f29950000018c22bf","633dbb6e6fc5eb000199fb27"
"62dca6abba8d5d000162a68f","63432cf33d4e620001f1602f"
"62e7e5bb4f3d630001c7870e","633d5ba13b75420001f2b92d"
"62e7e5bb4f3d630001c7870e","6343ced6bb1ab900016b62d2"
"62ebf48092c849000143530f","6343d08dbb1ab900016b631e"
"62ebf48092c849000143530f","6343d2743d4e620001f17e42"
"62fdfcdaefbcbf00019ff302","6343ced6bb1ab900016b62d2"
"62fe1fcdefd487000179759a","6343d08dbb1ab900016b631e"
"62fe1fcdefd487000179759a","6343d2743d4e620001f17e42"
"6318bc9da9fa58000140b172","634037e4fcbedc0001d08b63"
"63224617770d3700019f53a4","6343d08dbb1ab900016b631e"
"63224617770d3700019f53a4","6343d2743d4e620001f17e42"
"63235b5329f6670001aed9de","6343ced6bb1ab900016b62d2"
"6324ab6c009d34000157b35b","6343d08dbb1ab900016b631e"
"6324ab6c009d34000157b35b","6343d2743d4e620001f17e42"
"632af2877d6f1c0001881406","6343ced6bb1ab900016b62d2"
"632d006347c1d300016c74c9","62c86525c7a4cb0001d4464f"
"63309ccd298717000145c9be","6343ced6bb1ab900016b62d2"
"6332ce1467896b0001ceb780","63406e1314ee2c0001eee4c6"
"6335ebdfd3d6e30001640ec8","6343d08dbb1ab900016b631e"
"6335ebdfd3d6e30001640ec8","6343d2743d4e620001f17e42"
"6335f41b284e8b0001dbd93e","633dbb6e6fc5eb000199fb27"
"6336de6eb9fecd00013ccecf","633fe49314ee2c0001eea2e7"
"541b001f63051f15cd002dc9","6343d08dbb1ab900016b631e"
"541b001f63051f15cd002dc9","6343d2743d4e620001f17e42"
"542550252325b43799002b4b","6343ced6bb1ab900016b62d2"
"544bab7a2325b40b9500231e","63406c0b14ee2c0001eee375"
"545110d163051f26a9003736","633d5ba13b75420001f2b92d"
"5452dff663051f25040024dd","633ecc224769100001415f11"
"545690f063051f250400406f","633e9c975b31c30001896bb3"
"545690f063051f250400406f","63406c0b14ee2c0001eee375"
"546a23892325b4583200a1d8","6343ce163337b70001a63d71"
"54919d7d2325b46e88006b47","63406c0b14ee2c0001eee375"
"54de2d0763051f17a0001994","633e9c975b31c30001896bb3"
"54e1d7582325b46db900b926","633d5ba13b75420001f2b92d"
"54e38c3763051f22d300479d","6343d08dbb1ab900016b631e"
"54e38c3763051f22d300479d","6343d2743d4e620001f17e42"
"54f6f4f863051f512e007657","63406c0b14ee2c0001eee375"
"54f885dd2325b43b28000228","633e9c975b31c30001896bb3"
"54f8db7e63051f5f89000dff","633ecc224769100001415f11"
"55082b552325b40483000f9e","633ecc224769100001415f11"
"55082b552325b40483000f9e","6343ced6bb1ab900016b62d2"
"550991c163051f53a9000b24","6343ced6bb1ab900016b62d2"
"551d24802325b43129001e17","633e9c975b31c30001896bb3"
"551ff92e63051f323d005b89","6343ced6bb1ab900016b62d2"
"552fe37363051f3bca000f93","6343ced6bb1ab900016b62d2"
"553561872325b43129008184","633d5ba13b75420001f2b92d"
"553d00eb2325b4312901576d","633ecc224769100001415f11"
"553d00eb2325b4312901576d","63406c0b14ee2c0001eee375"
"554a3bc663051f6ee300d75b","633e9c975b31c30001896bb3"
"554b8f402325b424d70140ad","63406c0b14ee2c0001eee375"
"556ddc8663051f411a0031c6","633e9c975b31c30001896bb3"
"558978432325b412b200044b","633e9c975b31c30001896bb3"
"5592871b2325b47821002855","633d5ba13b75420001f2b92d"
"5592871b2325b47821002855","6343ce163337b70001a63d71"
"55a8c5702325b438dc02df4f","6343ced6bb1ab900016b62d2"
"55a8c5702325b438dc02df4f","6343d08dbb1ab900016b631e"
"55a8c5702325b438dc02df4f","6343d2743d4e620001f17e42"
"55bea40b2325b454b400fff0","633d5ba13b75420001f2b92d"
"55bea40b2325b454b400fff0","633e9c975b31c30001896bb3"
"55ce741a9bf7e82e77003966","633d5ba13b75420001f2b92d"
"55d30e7f2325b47bc90039e3","6343d08dbb1ab900016b631e"
"55d30e7f2325b47bc90039e3","6343d2743d4e620001f17e42"
"55d5ac519bf7e83933008bfd","633d5ba13b75420001f2b92d"
"55dc5c4b9bf7e87861000c81","63406c0b14ee2c0001eee375"
"55df46c32325b44ff10017d5","6343ced6bb1ab900016b62d2"
"55e58655e648c02c7000308e","63406c0b14ee2c0001eee375"
"55e58655e648c02c7000308e","6343d08dbb1ab900016b631e"
"55e58655e648c02c7000308e","6343d2743d4e620001f17e42"
"55e6303f104ec86b310041b3","633e9c975b31c30001896bb3"
"55f068629bf7e838580042d9","633d5ba13b75420001f2b92d"
"55f9de9bcc11fa7aa100065f","633d5ba13b75420001f2b92d"
"55f9ea7863051f6a450008b5","633e9c975b31c30001896bb3"
"5602aad72325b41f640008ad","6343d7bd3337b70001a63f92"
"5602df709bf7e83f2000108c","633d5ba13b75420001f2b92d"
"5602df709bf7e83f2000108c","6343ce163337b70001a63d71"
"5602df709bf7e83f2000108c","6343ced6bb1ab900016b62d2"
"560433a02325b41f64007234","633d5ba13b75420001f2b92d"
"560433a02325b41f64007234","6343d08dbb1ab900016b631e"
"560433a02325b41f64007234","6343d2743d4e620001f17e42"
"560713309bf7e83f20008cf3","633e9c975b31c30001896bb3"
"560da4fc2325b43afc0053ed","633e9c975b31c30001896bb3"
"560f80489bf7e85016009168","633ecc224769100001415f11"
"5619a062f77f3020f4a5c029","6343ced6bb1ab900016b62d2"
"56212ddccc11fa4073be9626","6343ce163337b70001a63d71"
"563080e6f77f304133ba65eb","633e9c975b31c30001896bb3"
"563080e6f77f304133ba65eb","6343ced6bb1ab900016b62d2"
"5637bc13cc11fa5716d160ff","6343d08dbb1ab900016b631e"
"5637bc13cc11fa5716d160ff","6343d2743d4e620001f17e42"
"564336cecc11fa4a4da84fd6","6343ced6bb1ab900016b62d2"
"564a04a0cc11fa045974701d","6343ced6bb1ab900016b62d2"
"5653999d9bf7e81944cc974e","633daef2bb1ab9000169396c"
"5653999d9bf7e81944cc974e","633e9c975b31c30001896bb3"
"5653999d9bf7e81944cc974e","6343ced6bb1ab900016b62d2"
"565776ddf77f301e8a2c47e2","633e9c975b31c30001896bb3"
"5659c0a5f77f301e8a2c8203","633d5ba13b75420001f2b92d"
"5659c0a5f77f301e8a2c8203","6343d08dbb1ab900016b631e"
"5659c0a5f77f301e8a2c8203","6343d2743d4e620001f17e42"
"56606d102325b44a640bc354","633ecc224769100001415f11"
"5665c5e9f01b300a42721c0f","633e9b8f5b31c30001896b54"
"56660387f01b300a42724049","6343ced6bb1ab900016b62d2"
"5671edd82325b4629700520a","6343ced6bb1ab900016b62d2"
"5678056c2005890f4d011702","633d5ba13b75420001f2b92d"
"56795c2c63051f5a7c01333e","633e9c975b31c30001896bb3"
"5684184863051f7901004a74","6343ce163337b70001a63d71"
"5689693b63051f790100bb2c","633e9c975b31c30001896bb3"
"5689693b63051f790100bb2c","6343d08dbb1ab900016b631e"
"5689693b63051f790100bb2c","6343d2743d4e620001f17e42"
"568f9c9e2325b4690d01e50b","633e9c975b31c30001896bb3"
"5697835b63051f204000a5d1","63406c0b14ee2c0001eee375"
"569e574ef01b306dec01f7a6","633ecc224769100001415f11"
"569e574ef01b306dec01f7a6","6343d08dbb1ab900016b631e"
"569e574ef01b306dec01f7a6","6343d2743d4e620001f17e42"
"569f3fb663051f204001e2af","63406c0b14ee2c0001eee375"
"56a4f8012325b4023b0041e4","6343d4783d4e620001f17eaf"
"56a4f8012325b4023b0041e4","6343d6fabb1ab900016b649a"
"56a8bc30f01b307fa4005df6","6343ced6bb1ab900016b62d2"
"56a8ec82f01b307fa4006606","633d5ba13b75420001f2b92d"
"56b3aea92325b4355300b25b","6343ced6bb1ab900016b62d2"
"56ba8bba63051f1592005a65","633e9c975b31c30001896bb3"
"56bcd8e320058914c0009ef5","633e9c975b31c30001896bb3"
"56c0cf3ef01b3028c3003f4b","6343d08dbb1ab900016b631e"
"56c0cf3ef01b3028c3003f4b","6343d2743d4e620001f17e42"
"56c3103cf01b3028c3007c5a","633e9c975b31c30001896bb3"
"56cae21363051f6c38000f23","6343ce163337b70001a63d71"
"56cf641bf01b304c4c00a654","633d5ba13b75420001f2b92d"
"56d08ca42325b42ebe001aec","6343d7bd3337b70001a63f92"
"56d37ca62325b42ebe005d70","633d5ba13b75420001f2b92d"
"56ddee672325b437cb007859","6343c9963d4e620001f17caf"
"56e2241a2325b437cb011fc1","633d5ba13b75420001f2b92d"
"56ec78e263051f1276005a0b","63406c0b14ee2c0001eee375"
"56ec78e263051f1276005a0b","6343ced6bb1ab900016b62d2"
"56ecacbc63051f1276005f76","633d5ba13b75420001f2b92d"
"56f205422325b432d8008186","633e9c975b31c30001896bb3"
"56f31fb42325b40ed8001b14","63406c0b14ee2c0001eee375"
"56f5a2402005893a21207b5a","633d5ba13b75420001f2b92d"
"56fd78cb63051f62b50e11c2","633d5ba13b75420001f2b92d"
"57057c222325b445b1fa4edd","6343ced6bb1ab900016b62d2"
"57174ac32325b44b1b2fc6e1","633ecc224769100001415f11"
"57246cec2005894b043df735","633d5ba13b75420001f2b92d"
"57310c6a2005891c2f06e336","6343d08dbb1ab900016b631e"
"57310c6a2005891c2f06e336","6343d2743d4e620001f17e42"
"5732f2f463051f796a6e1383","6343ced6bb1ab900016b62d2"
"5732f2f463051f796a6e1383","6343d08dbb1ab900016b631e"
"5732f2f463051f796a6e1383","6343d2743d4e620001f17e42"
"5739fcfa63051f24f65c1906","633d5ba13b75420001f2b92d"
"5739fcfa63051f24f65c1906","633e9c975b31c30001896bb3"
"573d8ceb20058921d429f63d","6343d08dbb1ab900016b631e"
"573d8ceb20058921d429f63d","6343d2743d4e620001f17e42"
"57416b3a63051f0d96d9c93b","633e9c975b31c30001896bb3"
"57416b3a63051f0d96d9c93b","633ecc224769100001415f11"
"57416b3a63051f0d96d9c93b","6343ced6bb1ab900016b62d2"
"574acc842005894278449e7a","6343ced6bb1ab900016b62d2"
"574acc842005894278449e7a","6343d08dbb1ab900016b631e"
"574acc842005894278449e7a","6343d2743d4e620001f17e42"
"574acc842005894278449e7a","6343d7bd3337b70001a63f92"
"574c6f53200589427844d07e","6343d08dbb1ab900016b631e"
"574c6f53200589427844d07e","6343d2743d4e620001f17e42"
"5751d9dd20058977df415977","63406c0b14ee2c0001eee375"
"5758c643200589408224192c","633e9c975b31c30001896bb3"
"575926562005894082241ce5","6343ce163337b70001a63d71"
"575966252325b424050836ad","6343ced6bb1ab900016b62d2"
"575af63b2005894082248996","6343d08dbb1ab900016b631e"
"575af63b2005894082248996","6343d2743d4e620001f17e42"
"575bd74863051f6405d4c0a7","63406c0b14ee2c0001eee375"
"575bec3e2325b4240508cff2","6343ced6bb1ab900016b62d2"
"575db073200589408224f284","63406c0b14ee2c0001eee375"
"576570c920058918191378c4","6343d08dbb1ab900016b631e"
"576570c920058918191378c4","6343d2743d4e620001f17e42"
"5768319263051f1dbc311544","633d5ba13b75420001f2b92d"
"57718c84200589080a59de5f","633ecc224769100001415f11"
"57718c84200589080a59de5f","6343ced6bb1ab900016b62d2"
"57718c84200589080a59de5f","6343d08dbb1ab900016b631e"
"57718c84200589080a59de5f","6343d2743d4e620001f17e42"
"577593c32005895434da698e","6343ced6bb1ab900016b62d2"
"577ecafd20058979946cf833","633d5ba13b75420001f2b92d"
"5787af0a63051f030dcb1a07","633d5ba13b75420001f2b92d"
"578aa75463051f47151a878f","633e9c975b31c30001896bb3"
"578aa75463051f47151a878f","6343d08dbb1ab900016b631e"
"578aa75463051f47151a878f","6343d2743d4e620001f17e42"
"579291be2005893474c21a2d","6343ce163337b70001a63d71"
"579291be2005893474c21a2d","6343ced6bb1ab900016b62d2"
"579291be2005893474c21a2d","6343d08dbb1ab900016b631e"
"579291be2005893474c21a2d","6343d2743d4e620001f17e42"
"579527b263051f47151c3ee8","6343ced6bb1ab900016b62d2"
"579f568d63051f25bc993548","6343d08dbb1ab900016b631e"
"579f568d63051f25bc993548","6343d2743d4e620001f17e42"
"579f58422325b476320b065f","63406c0b14ee2c0001eee375"
"57a7962f63051f48e4cc441f","633d5ba13b75420001f2b92d"
"57bf244d63051f446b9d9fdb","63406c0b14ee2c0001eee375"
"57c72aaa2325b43d3e4b81d6","633ecc224769100001415f11"
"57c7f969200589511fef303f","61e819f77090ca0001a0b177"
"57c7f969200589511fef303f","6343d08dbb1ab900016b631e"
"57c7f969200589511fef303f","6343d2743d4e620001f17e42"
"57c934882325b43d3e4c2b05","6343ced6bb1ab900016b62d2"
"57c934882325b43d3e4c2b05","6343d08dbb1ab900016b631e"
"57c934882325b43d3e4c2b05","6343d2743d4e620001f17e42"
"57cfe0562005895c20b34f89","6343ced6bb1ab900016b62d2"
"57d128752005895c20b3bffb","633e9c975b31c30001896bb3"
"57d152102325b4681cad207b","633d5ba13b75420001f2b92d"
"57d529532325b417cf99b390","6343ced6bb1ab900016b62d2"
"57da71c163051f3b74b1427a","6343ced6bb1ab900016b62d2"
"57dc7b5d2005893b7fe1289f","6343ced6bb1ab900016b62d2"
"57e82fee2325b42c5f2af29e","633d5ba13b75420001f2b92d"
"57ea8d5d63051f6bb85a8ec6","633e9c975b31c30001896bb3"
"57ea8d5d63051f6bb85a8ec6","6343d08dbb1ab900016b631e"
"57ea8d5d63051f6bb85a8ec6","6343d2743d4e620001f17e42"
"57ee648320058914bcc6e603","6343c9963d4e620001f17caf"
"57efe1ba2325b413cc9e17ac","63406c0b14ee2c0001eee375"
"57efe1ba2325b413cc9e17ac","6343ced6bb1ab900016b62d2"
"57f918b920058924a10e12d7","633e9c975b31c30001896bb3"
"57f92ebe20058924a10e1a68","633e9c975b31c30001896bb3"
"57fbe7a920058924a10ec6ad","633d5ba13b75420001f2b92d"
"57febb5763051f6eba263a3e","6343d7bd3337b70001a63f92"
"57ffb3322325b41886306617","633d5ba13b75420001f2b92d"
"58015dbd63051f3ef5534298","633e9c975b31c30001896bb3"
"5804ca4563051f2bdec95b81","6343ebed3337b70001a6452b"
"58056b0d2005891d004e11e8","63406c0b14ee2c0001eee375"
"58091d8163051f2bdecab237","633e9c975b31c30001896bb3"
"58091d8163051f2bdecab237","6343ced6bb1ab900016b62d2"
"580b16ba2005896fdfa6f26c","6343ced6bb1ab900016b62d2"
"580cc45d2005896fdfa74525","633d5ba13b75420001f2b92d"
"580f245b2005896fdfa7fa96","633e9c975b31c30001896bb3"
"580f245b2005896fdfa7fa96","6343ced6bb1ab900016b62d2"
"580f6c292325b437154629ad","6343ced6bb1ab900016b62d2"
"581303bd2325b44b003092e8","6343d08dbb1ab900016b631e"
"581303bd2325b44b003092e8","6343d2743d4e620001f17e42"
"581306e32325b44b003094f9","633e9c975b31c30001896bb3"
"58167b3263051f3f6c540f66","6343ced6bb1ab900016b62d2"
"58167b3263051f3f6c540f66","6343d08dbb1ab900016b631e"
"58167b3263051f3f6c540f66","6343d2743d4e620001f17e42"
"582463dc20058978168343fa","633d5ba13b75420001f2b92d"
"5825c36663051f0a85e6a7a3","633d5ba13b75420001f2b92d"
"5825c36663051f0a85e6a7a3","6343d08dbb1ab900016b631e"
"5825c36663051f0a85e6a7a3","6343d2743d4e620001f17e42"
"582c8a078983be22eaa40891","633e9c975b31c30001896bb3"
"5830aa458983be62fe94e0dd","6343ced6bb1ab900016b62d2"
"583801ef8983be62feb6f070","6343ced6bb1ab900016b62d2"
"583c368b8983be62fecf7204","63406c0b14ee2c0001eee375"
"583ca1968983be62fed4dae1","633d5ba13b75420001f2b92d"
"583ebfd22005894f9c4f4158","6343ced6bb1ab900016b62d2"
"58405bca63051f1241504c96","6343ced6bb1ab900016b62d2"
"5842ff5e63051f3fd4ed7f0e","633d5ba13b75420001f2b92d"
"584719238983be62fe11ca74","633ecc224769100001415f11"
"584719238983be62fe11ca74","6343ce163337b70001a63d71"
"584719238983be62fe11ca74","6343d08dbb1ab900016b631e"
"584719238983be62fe11ca74","6343d2743d4e620001f17e42"
"5848524d8983be62fe14802a","63406c0b14ee2c0001eee375"
"584939dc8983be62fe15d58e","6343ced6bb1ab900016b62d2"
"584ab42e8983be62fe21b864","6343d7bd3337b70001a63f92"
"58651e288983be62fea79fb6","633d5ba13b75420001f2b92d"
"58651e288983be62fea79fb6","6343d08dbb1ab900016b631e"
"58651e288983be62fea79fb6","6343d2743d4e620001f17e42"
"586a5cde8983be62febc15e7","633d5ba13b75420001f2b92d"
"586a5cde8983be62febc15e7","633ecc224769100001415f11"
"58738bc98983be62fef37699","633e9c975b31c30001896bb3"
"587df83d8983be62fe310f65","633d5ba13b75420001f2b92d"
"587e86798983be62fe3a6c65","633d5ba13b75420001f2b92d"
"588a3c1c8983be62fe8ba8ed","6343ced6bb1ab900016b62d2"
"588e12b98983be62feab710c","6343ced6bb1ab900016b62d2"
"589241008983be62fec9cebc","63406c0b14ee2c0001eee375"
"58939ae28983be62fed30ebd","6343ced6bb1ab900016b62d2"
"5894eae58983be62feddccff","6343d7bd3337b70001a63f92"
"589a2bca8983be62fe07428e","6343ced6bb1ab900016b62d2"
"589a2bca8983be62fe07428e","6343d7bd3337b70001a63f92"
"589b088b8983be62fe09cef6","633d5ba13b75420001f2b92d"
"589b9d718983be62fe0de0e7","631f1eddbfe1960001f32a54"
"589b9d718983be62fe0de0e7","633c44853b75420001f26813"
"589b9d718983be62fe0de0e7","633e9c975b31c30001896bb3"
"589dfb7d8983be62fe1a4ccd","6343d7bd3337b70001a63f92"
"58a6d97c8983be62fe591caa","633d5ba13b75420001f2b92d"
"58acb5c58983be62fe88ce66","633ecc224769100001415f11"
"58aecb718983be62fe975682","6343d08dbb1ab900016b631e"
"58aecb718983be62fe975682","6343d2743d4e620001f17e42"
"58b86c7c8983be62fee0aeca","633e9c975b31c30001896bb3"
"58bc5d3b8983be62fefa33f8","633e9c975b31c30001896bb3"
"58bc5d3b8983be62fefa33f8","6343ced6bb1ab900016b62d2"
"58bee3c08983be62fe0cca5b","6343ced6bb1ab900016b62d2"
"58c021178983be62fe105c7f","63406c0b14ee2c0001eee375"
"58c14e0d8983be62fe16d1a8","633daef2bb1ab9000169396c"
"58c14e0d8983be62fe16d1a8","6343ced6bb1ab900016b62d2"
"58c6e7398983be62fe4a11b3","633e9c975b31c30001896bb3"
"58d02baf8983be62fe7d09bc","633e9c975b31c30001896bb3"
"58d34c678983be62fe889b41","63406c0b14ee2c0001eee375"
"58dd61148983be62feb9ab7b","633e9c975b31c30001896bb3"
"58ee63458983be62feeb63e8","633ecc224769100001415f11"
"58ff9d178983be62fe3937f1","6343ced6bb1ab900016b62d2"
"59044f448983be07b3dc73fd","633d5ba13b75420001f2b92d"
"59044f448983be07b3dc73fd","63406c0b14ee2c0001eee375"
"5912cd588983be07b30e571f","6343ce163337b70001a63d71"
"591c32e68983be07b32c8cfd","6343ced6bb1ab900016b62d2"
"591ef4f58983be07b33901c6","6343d08dbb1ab900016b631e"
"591ef4f58983be07b33901c6","6343d2743d4e620001f17e42"
"591f64c08983be07b34054a6","633d5ba13b75420001f2b92d"
"59234b078983be07b36484cf","6343ced6bb1ab900016b62d2"
"592951718983be07b3790f24","6343ced6bb1ab900016b62d2"
"592afccb8983be07b37a1773","6343ced6bb1ab900016b62d2"
"592b0ebc8983be07b37a26b6","63406c0b14ee2c0001eee375"
"592dd4da8983be07b37ed85e","633d5ba13b75420001f2b92d"
"592dd4da8983be07b37ed85e","6343ce163337b70001a63d71"
"592ea6868983be07b37fb872","633e9c975b31c30001896bb3"
"5931bb788983be07b395830e","63406c0b14ee2c0001eee375"
"593873d88983be04c48aeac1","633ecc224769100001415f11"
"593873d88983be04c48aeac1","6343ce163337b70001a63d71"
"593873d88983be04c48aeac1","6343d08dbb1ab900016b631e"
"593873d88983be04c48aeac1","6343d2743d4e620001f17e42"
"59388c128983be04c48af4e5","6343ced6bb1ab900016b62d2"
"59393c5e8983be04c48baf4a","633e9c975b31c30001896bb3"
"594590318983be27fded9cdf","633d5ba13b75420001f2b92d"
"594590318983be27fded9cdf","63406c0b14ee2c0001eee375"
"594cc9458983be27fd041179","6343ced6bb1ab900016b62d2"
"594ff5448983be27fd0bb46b","6343d08dbb1ab900016b631e"
"594ff5448983be27fd0bb46b","6343d2743d4e620001f17e42"
"595294298983be27fd17f46b","633d5ba13b75420001f2b92d"
"5952b5278983be27fd181ad0","6343ce163337b70001a63d71"
"595970e68983be27fd39c01e","633e9c975b31c30001896bb3"
"5960e2b68983be04bc4c4425","6343ced6bb1ab900016b62d2"
"5960e2b68983be04bc4c4425","6343d08dbb1ab900016b631e"
"5960e2b68983be04bc4c4425","6343d2743d4e620001f17e42"
"59709d3c8983be04bc874a09","633d5ba13b75420001f2b92d"
"59709d3c8983be04bc874a09","6343d08dbb1ab900016b631e"
"59709d3c8983be04bc874a09","6343d2743d4e620001f17e42"
"59711eba8983be04bc8c6a7d","633e9c975b31c30001896bb3"
"59737f828983be04bc99d419","6342fa5d3d4e620001f14ce6"
"5979cf9a8983be04bcb16437","633e9c975b31c30001896bb3"
